time,latitude,longitude,depth_km,magnitude,mag_type,place
2024-12-30T23:56:29.977Z,-5.7603,148.9729,127.013,4.6,mb,"80 km NW of Kandrian, Papua New Guinea"
2024-12-30T23:40:33.868Z,-17.6089,-178.3937,573.817,4.6,mb,"247 km ENE of Levuka, Fiji"
2024-12-30T23:30:59.974Z,9.1189,39.9276,10,4.7,mb,"24 km N of Metahāra, Ethiopia"
2024-12-30T23:16:09.495Z,-19.2777,-175.9927,10,4.6,mb,"181 km WNW of Pangai, Tonga"
2024-12-30T22:13:14.697Z,9.1373,40.0367,10,4.8,mb,"22 km NW of Āwash, Ethiopia"
2024-12-30T20:33:11.322Z,9.2103,40.0504,10,4.6,mb,"28 km NNW of Āwash, Ethiopia"
2024-12-30T20:27:35.490Z,9.1221,40.098,10,4.7,mb,"17 km NNW of Āwash, Ethiopia"
2024-12-30T18:50:47.010Z,-15.8716,-173.154,10,4.5,mb,"69 km E of Hihifo, Tonga"
2024-12-30T15:27:54.586Z,12.2325,141.5112,68.889,4.8,mb,"293 km NNE of Fais, Micronesia"
2024-12-30T15:25:58.372Z,-24.166,-69.565,92.136,4.5,mb,"101 km SE of Antofagasta, Chile"
2024-12-30T14:26:55.004Z,8.9504,40.03,10,4.5,mb,"13 km ENE of Metahāra, Ethiopia"
2024-12-30T14:12:33.835Z,-17.7022,-178.1873,557.681,4.6,mb,"267 km E of Levuka, Fiji"
2024-12-30T12:20:02.995Z,8.7144,40.1371,10,4.5,mb,"29 km S of Āwash, Ethiopia"
2024-12-30T10:42:28.345Z,-20.0498,-173.181,10,4.5,mb,"123 km ESE of Fangale’ounga, Tonga"
2024-12-30T10:39:05.746Z,-26.8515,179.2828,507.609,4.9,mb,south of the Fiji Islands
2024-12-30T09:58:46.244Z,-29.3545,-71.2354,48.507,4.6,mwr,"60 km N of La Serena, Chile"
2024-12-30T08:38:26.690Z,-1.1076,67.4517,10,4.8,mb,Carlsberg Ridge
2024-12-30T08:12:33.557Z,-21.9234,-173.8165,10,4.8,mb,"134 km ESE of ‘Ohonua, Tonga"
2024-12-30T07:42:21.022Z,8.8054,40.1385,10,4.5,mb,"19 km S of Āwash, Ethiopia"
2024-12-30T06:51:30.845Z,9.0206,40.0634,10,4.6,mb,"12 km WNW of Āwash, Ethiopia"
2024-12-30T05:49:02.808Z,-17.6555,168.2183,66.612,5.1,mww,"13 km NW of Port-Vila, Vanuatu"
2024-12-30T05:48:12.371Z,9.0039,40.0649,10,4.5,mb,"11 km WNW of Āwash, Ethiopia"
2024-12-30T05:41:06.678Z,-29.9272,-71.9959,10,5.5,mww,"63 km W of Coquimbo, Chile"
2024-12-30T05:40:49.297Z,-29.9251,-72.0531,10,5.5,mb,"68 km W of Coquimbo, Chile"
2024-12-30T05:11:38.419Z,27.9479,127.8182,10,4.5,mb,"100 km NW of China, Japan"
2024-12-30T02:56:16.807Z,18.4391,120.9038,34,5.5,mww,"18 km SE of Bangui, Philippines"
2024-12-30T01:55:42.509Z,-32.9697,-178.6759,10,4.5,mb,south of the Kermadec Islands
2024-12-30T00:28:54.834Z,8.9976,40.1262,10,4.5,mb,"4 km WNW of Āwash, Ethiopia"
2024-12-29T23:52:35.919Z,16.1636,-98.7427,10,4.5,mb,"36 km SW of Montecillos, Mexico"
2024-12-29T22:28:00.958Z,16.0892,-98.8353,10,4.9,mb,"47 km SSW of Barra de Tecoanapa, Mexico"
2024-12-29T22:20:41.330Z,9.2754,40.0491,10,5.1,mww,"34 km NNW of Āwash, Ethiopia"
2024-12-29T20:34:33.928Z,15.9549,-98.8298,10,4.8,mb,"59 km SW of Santiago Tepextla, Mexico"
2024-12-29T19:51:36.526Z,23.5251,120.6776,24.705,4.6,mww,"24 km E of Pizitou, Taiwan"
2024-12-29T17:10:44.328Z,9.0898,40.1109,10,4.9,mb,"13 km NNW of Āwash, Ethiopia"
2024-12-29T08:02:09.337Z,35.1088,26.3233,44.455,4.5,mb,"11 km SSE of Palekastro, Greece"
2024-12-29T05:12:43.406Z,22.7627,142.4373,9.795,4.5,mb,"Volcano Islands, Japan region"
2024-12-29T03:57:23.971Z,9.2031,40.0245,10,4.8,mb,"28 km NNW of Āwash, Ethiopia"
2024-12-28T22:25:21.496Z,33.9214,-38.917,10,4.5,mb,northern Mid-Atlantic Ridge
2024-12-28T21:55:08.881Z,0.2717,122.0891,141.554,4.6,mb,"112 km WSW of Gorontalo, Indonesia"
2024-12-28T19:57:19.641Z,-20.4512,-177.8522,542.804,5.5,mww,"277 km WNW of Houma, Tonga"
2024-12-28T16:05:08.663Z,-19.2463,-173.8921,56.095,4.5,mb,"66 km S of Neiafu, Tonga"
2024-12-28T13:57:53.137Z,-4.8188,153.318,45.613,4.5,mb,"127 km ESE of Kokopo, Papua New Guinea"
2024-12-28T13:38:17.164Z,22.8228,142.3357,10,4.5,mb,"Volcano Islands, Japan region"
2024-12-28T08:34:06.076Z,-52.1258,-4.8494,10,5.6,mww,southern Mid-Atlantic Ridge
2024-12-28T05:46:42.954Z,-5.1526,102.4081,34.713,4.5,mb,"150 km S of Bengkulu, Indonesia"
2024-12-28T05:12:12.845Z,9.3374,39.9953,10,4.5,mb,"43 km NNW of Āwash, Ethiopia"
2024-12-28T05:10:49.470Z,-13.8567,-14.5886,10,4.8,mb,southern Mid-Atlantic Ridge
2024-12-28T05:09:40.073Z,-13.7767,-14.3932,10,5,mb,southern Mid-Atlantic Ridge
2024-12-28T02:22:52.446Z,-26.3256,71.7568,10,4.5,mb,Mid-Indian Ridge
2024-12-28T02:16:12.136Z,-50.2301,112.1808,10,4.5,mb,southeast Indian Ridge
2024-12-28T02:10:34.211Z,30.414,142.0074,10,4.6,mb,"Izu Islands, Japan region"
2024-12-28T01:54:09.487Z,-13.7701,-14.5853,10,4.6,mb,southern Mid-Atlantic Ridge
2024-12-28T01:53:28.997Z,-13.8578,-14.6377,10,4.7,mb,southern Mid-Atlantic Ridge
2024-12-28T01:52:16.583Z,-13.8824,-14.4898,10,5,mb,southern Mid-Atlantic Ridge
2024-12-28T00:41:56.900Z,-26.8937,-177.1608,100.262,4.6,mb,south of the Fiji Islands
2024-12-27T23:45:05.354Z,-17.9007,167.6493,10,4.6,mb,"72 km WSW of Port-Vila, Vanuatu"
2024-12-27T22:39:56.605Z,3.2544,123.1875,480.874,4.7,mb,"269 km NW of Manado, Indonesia"
2024-12-27T22:39:26.804Z,31.1844,66.6548,10,4.7,mb,"35 km NNE of Chaman, Pakistan"
2024-12-27T19:10:05.808Z,37.3695,141.5863,45.48,5.3,mww,"50 km E of Tomioka, Japan"
2024-12-27T18:42:59.930Z,9.6146,126.2289,63,5.4,mww,"20 km SE of Union, Philippines"
2024-12-27T18:15:39.494Z,-22.2185,-68.6582,115.707,4.7,mwr,"37 km NE of Calama, Chile"
2024-12-27T17:30:08.760Z,2.0409,126.445,57.539,4.5,mb,"160 km ENE of Bitung, Indonesia"
2024-12-27T17:20:56.436Z,-17.8905,167.8241,10,4.9,mb,"54 km WSW of Port-Vila, Vanuatu"
2024-12-27T16:55:53.556Z,35.3612,140.5831,46.338,4.6,mb,"18 km E of Ichinomiya, Japan"
2024-12-27T16:50:15.146Z,-18.1709,167.6948,10,4.9,mb,"81 km SW of Port-Vila, Vanuatu"
2024-12-27T16:49:50.961Z,-17.8468,167.7484,10,4.8,mb,"61 km WSW of Port-Vila, Vanuatu"
2024-12-27T16:28:23.293Z,13.4442,-89.9533,73.534,4.7,mwr,"21 km SW of Acajutla, El Salvador"
2024-12-27T15:58:20.535Z,13.3027,57.5901,10,4.7,mb,Owen Fracture Zone region
2024-12-27T15:46:41.235Z,42.9153,146.9645,10,4.6,mb,"100 km SSE of Shikotan, Russia"
2024-12-27T15:26:27.150Z,9.1922,39.937,10,4.7,mb,"32 km N of Metahāra, Ethiopia"
2024-12-27T15:06:08.076Z,-26.5829,71.6989,10,4.6,mb,Mid-Indian Ridge
2024-12-27T13:29:58.873Z,1.2293,126.1709,48.391,4.8,mb,"118 km ESE of Bitung, Indonesia"
2024-12-27T12:47:37.696Z,47.2996,151.236,146,6.8,mww,Kuril Islands
2024-12-27T11:51:14.584Z,-26.3909,71.8076,10,4.7,mb,Mid-Indian Ridge
2024-12-27T10:43:49.391Z,19.5156,144.7414,416.134,5.3,mww,"Maug Islands region, Northern Mariana Islands"
2024-12-27T09:30:54.099Z,12.1603,143.9297,10,5.3,mww,"146 km SSW of Merizo Village, Guam"
2024-12-27T09:21:18.988Z,-55.8216,-30.0718,10,4.5,mb,South Sandwich Islands region
2024-12-27T09:15:20.500Z,-1.6855,127.8466,10,4.6,mb,"124 km SSE of Labuha, Indonesia"
2024-12-27T06:29:01.288Z,-26.5641,72.0279,10,4.6,mb,Mid-Indian Ridge
2024-12-27T05:30:07.144Z,34.0302,-38.6982,10,5.9,mww,northern Mid-Atlantic Ridge
2024-12-27T02:06:53.481Z,18.5386,121.1392,35,4.5,mb,"8 km SSW of Namuac, Philippines"
2024-12-27T02:00:50.675Z,9.1692,39.917,10,4.9,mb,"29 km N of Metahāra, Ethiopia"
2024-12-27T01:57:18.235Z,8.0485,127.1446,18.366,4.7,mb,"76 km ENE of Kinablangan, Philippines"
2024-12-26T21:48:20.129Z,30.5356,142.1891,10,4.5,mb,"Izu Islands, Japan region"
2024-12-26T21:02:25.395Z,30.5023,141.8517,7,5.8,mww,"Izu Islands, Japan region"
2024-12-26T19:57:59.382Z,-2.6176,99.7672,10,4.6,mb,"68 km SSE of Tuapejat, Indonesia"
2024-12-26T19:55:18.587Z,-2.7051,99.6841,10,4.5,mb,"75 km S of Tuapejat, Indonesia"
2024-12-26T18:24:50.216Z,-22.4187,173.2562,35,4.6,mb,southeast of the Loyalty Islands
2024-12-26T16:25:52.566Z,28.0183,141.1156,74.565,4.5,mb,"Bonin Islands, Japan region"
2024-12-26T14:57:28.231Z,-0.4362,123.4462,62.86,4.6,mb,"92 km NE of Luwuk, Indonesia"
2024-12-26T11:29:07.732Z,8.3067,126.0068,10,4.9,mb,"12 km SSE of Lapinigan, Philippines"
2024-12-26T10:26:20.024Z,8.473,125.927,24.23,5.3,mww,"3 km ESE of Borbon, Philippines"
2024-12-26T08:08:50.312Z,23.8922,121.7893,22.842,4.7,mwr,"21 km ESE of Hualien City, Taiwan"
2024-12-26T05:55:25.329Z,6.4386,126.1293,66.978,4.6,mb,"3 km S of Nangan, Philippines"
2024-12-26T00:52:39.508Z,7.3229,-75.298,52.19,5,mww,"10 km ENE of Valdivia, Colombia"
2024-12-25T21:39:29.258Z,50.5968,-130.2621,10,5,mww,"224 km W of Port McNeill, Canada"
2024-12-25T19:38:53.024Z,-3.2209,146.0052,10,4.7,mb,"192 km SW of Lorengau, Papua New Guinea"
2024-12-25T19:07:06.362Z,-24.0714,-66.9435,183.493,4.5,mb,"65 km WNW of San Antonio de los Cobres, Argentina"
2024-12-25T17:47:53.483Z,11.1725,-85.7826,90.305,4.5,mb,"13 km SE of San Juan del Sur, Nicaragua"
2024-12-25T16:09:52.472Z,-34.2994,-178.2285,10,4.9,mb,south of the Kermadec Islands
2024-12-25T14:26:00.407Z,1.679,127.2885,116.434,4.5,mb,"80 km W of Tobelo, Indonesia"
2024-12-25T09:12:48.612Z,8.4731,40.1807,10,4.5,mb,"53 km SW of Gelemso, Ethiopia"
2024-12-25T07:20:47.982Z,13.6163,144.7222,126.819,4.5,mb,"15 km NNW of Tamuning-Tumon-Harmon Village, Guam"
2024-12-25T06:54:53.549Z,-5.5545,151.1652,74.272,4.5,mb,"113 km E of Kimbe, Papua New Guinea"
2024-12-25T06:34:48.763Z,-19.0858,-177.6396,458.667,5.6,mww,Fiji region
2024-12-25T04:28:14.836Z,-39.3937,78.2767,10,4.7,mb,Mid-Indian Ridge
2024-12-25T04:25:00.483Z,-39.1949,78.1508,10,4.5,mb,Mid-Indian Ridge
2024-12-25T03:59:27.072Z,-56.6063,147.5658,10,4.5,mb,west of Macquarie Island
2024-12-25T01:47:08.010Z,-55.2003,-129.1299,10,4.9,mb,Pacific-Antarctic Ridge
2024-12-24T23:32:45.178Z,13.434,120.4006,10,4.6,mb,"3 km WSW of Harrison, Philippines"
2024-12-24T22:42:25.776Z,-28.2047,-67.3646,138,5.9,mww,"25 km SE of Tinogasta, Argentina"
2024-12-24T21:43:50.806Z,-60.6679,-41.1961,10,4.5,mb,Scotia Sea
2024-12-24T20:33:34.670Z,6.3181,-74.8321,73.999,4.9,mb,"13 km SW of Caracolí, Colombia"
2024-12-24T19:19:44.512Z,-17.7202,168.1654,36.367,4.8,mb,"15 km W of Port-Vila, Vanuatu"
2024-12-24T16:49:54.109Z,-39.0508,-72.2966,93.99,4.7,mwr,"26 km NNW of Villarrica, Chile"
2024-12-24T16:27:28.206Z,75.6532,8.1087,10,4.5,mb,Greenland Sea
2024-12-24T14:12:06.803Z,-17.7408,168.035,37.139,4.7,mb,"29 km W of Port-Vila, Vanuatu"
2024-12-24T12:05:14.994Z,8.9327,39.9828,10,4.5,mb,"8 km ENE of Metahāra, Ethiopia"
2024-12-24T10:42:54.577Z,2.6116,126.3472,70.557,4.8,mb,"187 km NE of Bitung, Indonesia"
2024-12-24T09:45:49.789Z,9.0038,39.9266,10,4.5,mb,"11 km N of Metahāra, Ethiopia"
2024-12-24T09:11:50.544Z,10.7353,-68.7586,10,4.6,mb,"17 km NNW of Yumare, Venezuela"
2024-12-24T06:39:57.991Z,7.1166,-75.7263,49.827,4.5,mb,"7 km SE of Ituango, Colombia"
2024-12-24T05:39:34.842Z,24.6536,-46.1986,10,5,mww,northern Mid-Atlantic Ridge
2024-12-24T05:01:26.077Z,30.9846,143.1068,10,4.6,mb,"Izu Islands, Japan region"
2024-12-24T03:18:32.886Z,55.5039,166.1001,35,4.5,mb,"240 km ESE of Ust’-Kamchatsk Staryy, Russia"
2024-12-23T22:53:47.774Z,19.5735,147.6463,10,4.7,mb,Mariana Islands region
2024-12-23T22:53:04.193Z,-24.8631,-177.5838,201.317,4.5,mb,south of the Fiji Islands
2024-12-23T20:29:20.493Z,-16.6848,-173.2596,35,4.6,mb,"99 km SE of Hihifo, Tonga"
2024-12-23T19:41:24.210Z,8.9768,39.9298,10,4.9,mb,"8 km N of Metahāra, Ethiopia"
2024-12-23T17:57:25.649Z,19.5557,95.0613,85.383,4.9,mb,"26 km NW of Myaydo, Myanmar"
2024-12-23T17:13:33.523Z,12.7911,-90.4758,10,4.6,mb,"113 km SW of Acajutla, El Salvador"
2024-12-23T16:18:22.236Z,34.5652,140.4829,69.523,4.5,mb,"66 km SSE of Katsuura, Japan"
2024-12-23T15:37:05.998Z,-14.3931,170.5132,642.98,4.6,mb,Vanuatu region
2024-12-23T13:37:11.807Z,-7.212,124.513,511.843,4.5,mb,"172 km NNW of Maubara, Timor Leste"
2024-12-23T13:09:56.014Z,-56.0285,-27.5957,120.401,4.7,mb,South Sandwich Islands region
2024-12-23T12:17:08.512Z,-17.63,168.2103,60.479,4.5,mb,"16 km NW of Port-Vila, Vanuatu"
2024-12-23T11:13:08.429Z,-15.5995,-173.7898,71.933,4.5,mb,"39 km N of Hihifo, Tonga"
2024-12-23T10:38:56.597Z,-22.079,170.2072,10,4.5,mb,"247 km ESE of Tadine, New Caledonia"
2024-12-23T06:00:56.943Z,19.8862,-76.6255,7,5.9,mww,"41 km SSW of Guisa, Cuba"
2024-12-23T04:51:08.666Z,-11.0805,165.8553,57.023,5,mb,"39 km S of Lata, Solomon Islands"
2024-12-23T03:39:05.217Z,-16.6728,28.8144,10,4.9,mb,"17 km S of Kariba, Zimbabwe"
2024-12-23T02:16:30.647Z,-26.9319,-179.8652,471.307,4.6,mb,south of the Fiji Islands
2024-12-23T01:36:09.189Z,5.4829,61.2882,10,4.6,mb,Carlsberg Ridge
2024-12-23T01:18:18.905Z,5.2601,61.6637,10,4.5,mb,Carlsberg Ridge
2024-12-23T01:13:53.139Z,8.9408,39.9761,10,4.6,mb,"7 km NE of Metahāra, Ethiopia"
2024-12-23T00:11:12.874Z,8.2703,39.9149,10,4.5,mb,"47 km E of Sīrē, Ethiopia"
2024-12-23T00:04:49.876Z,-14.4246,167.2922,246.214,4.7,mb,"66 km SSW of Sola, Vanuatu"
2024-12-22T21:38:37.166Z,-10.3585,-77.4718,94.27,4.9,mb,"2 km NE of Copa, Peru"
2024-12-22T19:09:55.269Z,34.6161,26.2605,43.772,4.7,mww,"64 km S of Palekastro, Greece"
2024-12-22T19:04:25.043Z,-10.9029,112.452,10,4.9,mb,"299 km S of Dampit, Indonesia"
2024-12-22T17:05:51.856Z,-9.262,106.6736,10,4.9,mb,"243 km SSW of Banjar, Indonesia"
2024-12-22T15:14:30.721Z,5.5007,61.4328,10,4.6,mb,Carlsberg Ridge
2024-12-22T12:24:43.094Z,19.0041,145.4748,221.989,4.5,mb,"Maug Islands region, Northern Mariana Islands"
2024-12-22T11:53:05.013Z,34.1284,24.9988,10.137,4.5,mb,"98 km S of Pýrgos, Greece"
2024-12-22T11:50:21.687Z,-40.1171,45.977,10,4.7,mb,Southwest Indian Ridge
2024-12-22T11:44:57.369Z,55.9537,-153.9737,27.4,5,mww,"111 km S of Akhiok, Alaska"
2024-12-22T11:10:38.373Z,-17.5041,168.266,9.901,4.5,mb,"26 km N of Port-Vila, Vanuatu"
2024-12-22T11:03:22.753Z,-18.1033,-178.1288,579.685,4.5,mb,"270 km E of Levuka, Fiji"
2024-12-22T10:38:23.415Z,-23.9678,-179.6149,518.48,4.5,mb,south of the Fiji Islands
2024-12-22T07:55:51.387Z,31.845,130.6312,170.684,4.6,mb,"12 km NNW of Kajiki, Japan"
2024-12-22T07:37:10.193Z,17.721,119.522,10,4.9,mb,"88 km W of Puro Pinget, Philippines"
2024-12-22T06:46:24.685Z,-33.0699,-178.2933,10,4.5,mb,south of the Kermadec Islands
2024-12-22T05:03:25.039Z,-21.1052,169.6495,92.867,4.5,mb,"177 km SSE of Isangel, Vanuatu"
2024-12-22T04:45:13.122Z,3.3742,126.6274,46.888,4.9,mb,"238 km NW of Tobelo, Indonesia"
2024-12-22T04:08:49.344Z,55.9061,-153.8809,13.6,4.9,mb,"117 km S of Akhiok, Alaska"
2024-12-22T03:56:03.086Z,55.9603,-153.9543,2,5.2,mww,"110 km S of Akhiok, Alaska"
2024-12-22T02:31:24.140Z,-10.954,162.6049,45.912,5.1,mb,"93 km SE of Kirakira, Solomon Islands"
2024-12-22T01:00:32.010Z,37.2564,71.2961,101.027,4.5,mb,"34 km SW of Khorugh, Tajikistan"
2024-12-22T00:51:05.219Z,-30.381,19.5557,10,5.2,mww,"89 km W of Brandvlei, South Africa"
2024-12-21T21:25:34.409Z,-15.1752,-74.9179,55.941,4.5,mb,"21 km E of Minas de Marcona, Peru"
2024-12-21T19:36:29.722Z,39.0267,70.8752,10,4.5,mb,"43 km E of Rasht, Tajikistan"
2024-12-21T19:20:34.469Z,-14.7719,-175.862,285.194,4.5,mb,"168 km SSE of Mata-Utu, Wallis and Futuna"
2024-12-21T16:29:52.454Z,38.6595,21.6089,10,5,mwr,"9 km ENE of Paravóla, Greece"
2024-12-21T16:16:57.436Z,-31.2967,-68.5792,108.519,4.5,mb,"16 km NNW of Albardón, Argentina"
2024-12-21T15:30:53.399Z,-17.7041,168.0033,47,6.1,mww,"33 km W of Port-Vila, Vanuatu"
2024-12-21T15:26:49.564Z,-0.1224,125.1272,54.088,4.8,mb,"99 km SE of Modisi, Indonesia"
2024-12-21T13:21:10.237Z,-3.5787,127.0338,10,4.5,mb,"128 km W of Ambon, Indonesia"
2024-12-21T12:03:38.916Z,-15.4451,-173.5715,71.087,4.8,mb,"61 km NNE of Hihifo, Tonga"
2024-12-21T09:20:49.650Z,-55.2618,-29.328,10,4.5,mb,South Sandwich Islands region
2024-12-21T09:20:30.911Z,-20.0707,-173.3758,10,5,mb,"105 km ESE of Fangale’ounga, Tonga"
2024-12-21T09:13:06.391Z,-40.4607,-75.061,10,4.8,mb,"152 km WSW of Corral, Chile"
2024-12-21T08:20:39.429Z,8.9536,39.9227,10,4.5,mb,"5 km N of Metahāra, Ethiopia"
2024-12-21T07:10:15.578Z,26.8599,55.1583,10,4.8,mb,"43 km NE of Bandar-e Lengeh, Iran"
2024-12-21T01:17:05.969Z,-17.9707,-178.1419,607.996,4.8,mb,"269 km E of Levuka, Fiji"
2024-12-20T23:53:40.516Z,17.5942,119.6826,10,4.9,mb,"71 km W of Cabittaogan, Philippines"
2024-12-20T23:23:20.579Z,8.0868,-38.104,10,4.8,mb,central Mid-Atlantic Ridge
2024-12-20T22:56:19.281Z,-7.0873,131.8732,10,4.5,mb,"188 km SSW of Tual, Indonesia"
2024-12-20T22:29:02.221Z,29.4923,81.6099,10,5,mb,"60 km WNW of Jumla, Nepal"
2024-12-20T21:51:27.385Z,3.9895,125.8551,159.186,4.9,mb,"162 km SSE of Sarangani, Philippines"
2024-12-20T21:09:32.525Z,5.7996,127.2143,66.393,4.9,mb,"130 km ESE of Pondaguitan, Philippines"
2024-12-20T19:57:37.188Z,50.5596,90.3478,10,4.5,mb,"20 km NNW of Mugur-Aksy, Russia"
2024-12-20T19:26:14.415Z,-6.9992,131.8226,10,5,mww,"183 km SW of Tual, Indonesia"
2024-12-20T18:58:26.893Z,33.2394,140.8067,52.505,4.5,mwr,"211 km SSE of Tateyama, Japan"
2024-12-20T18:22:39.340Z,-6.4479,105.0901,54.956,5,mww,"82 km W of Labuan, Indonesia"
2024-12-20T17:59:41.573Z,-60.247,-26.0543,10,4.6,mb,South Sandwich Islands region
2024-12-20T17:24:47.193Z,-18.9657,-173.027,10,4.8,mb,"106 km ESE of Neiafu, Tonga"
2024-12-20T17:04:52.154Z,-17.7148,168.163,35,4.9,mb,"16 km W of Port-Vila, Vanuatu"
2024-12-20T16:39:05.489Z,-3.5948,126.8501,10,4.8,mb,"148 km W of Ambon, Indonesia"
2024-12-20T15:42:43.959Z,10.8051,95.5221,10,4.5,mb,"Andaman Islands, India region"
2024-12-20T15:11:48.331Z,-11.843,166.0625,35,4.8,mb,"127 km SSE of Lata, Solomon Islands"
2024-12-20T14:33:08.570Z,-11.79,166.1011,25.974,5.4,mww,"122 km SSE of Lata, Solomon Islands"
2024-12-20T14:10:42.216Z,-11.7728,166.1893,13.051,5,mb,"123 km SSE of Lata, Solomon Islands"
2024-12-20T11:42:07.521Z,3.6954,126.5443,35,4.6,mb,"223 km SSE of Sarangani, Philippines"
2024-12-20T07:11:41.433Z,-16.708,28.8229,10,4.9,mb,"21 km S of Kariba, Zimbabwe"
2024-12-20T05:32:42.009Z,-33.6134,-67.9604,178.378,4.8,mb,"75 km SE of San Martín, Argentina"
2024-12-20T04:03:22.093Z,60.3514,-152.2681,83.8,4.5,mww,"47 km NW of Ninilchik, Alaska"
2024-12-20T03:49:40.776Z,-57.123,147.3108,10,4.5,mb,west of Macquarie Island
2024-12-20T00:15:31.447Z,-16.7151,28.8849,10,4.6,mb,"23 km SSE of Kariba, Zimbabwe"
2024-12-19T20:30:06.829Z,-41.0907,-86.6059,10,5.3,mww,West Chile Rise
2024-12-19T20:09:42.491Z,-60.7279,-22.1342,10,4.6,mb,South Sandwich Islands region
2024-12-19T19:31:00.283Z,13.6927,144.7199,108.444,4.6,mb,"23 km NNW of Dededo Village, Guam"
2024-12-19T19:22:19.211Z,11.9512,126.6021,10,5.1,mww,"121 km ESE of San Policarpo, Philippines"
2024-12-19T18:36:13.426Z,-20.1481,168.5242,10,5.1,mww,"103 km SW of Isangel, Vanuatu"
2024-12-19T16:51:21.717Z,5.6191,127.0599,74.798,4.8,mb,"127 km SE of Pondaguitan, Philippines"
2024-12-19T15:40:41.104Z,17.5878,119.646,10,4.6,mb,"75 km W of Cabittaogan, Philippines"
2024-12-19T15:17:16.955Z,-4.1271,151.9041,248.532,4.6,mb,"29 km WNW of Rabaul, Papua New Guinea"
2024-12-19T12:51:33.734Z,17.4547,119.3927,10,4.5,mb,"103 km W of Cabittaogan, Philippines"
2024-12-19T11:54:56.591Z,16.7275,147.2516,47.42,4.5,mb,"231 km NE of Saipan, Northern Mariana Islands"
2024-12-19T10:51:31.384Z,-6.3731,130.2604,153.71,4.6,mb,"287 km WSW of Tual, Indonesia"
2024-12-19T10:43:58.808Z,-17.6709,168.0946,35,4.7,mb,"24 km WNW of Port-Vila, Vanuatu"
2024-12-19T10:37:34.002Z,-60.6243,-25.6538,10,4.6,mb,South Sandwich Islands region
2024-12-19T10:14:59.236Z,-39.8528,-16.4382,10,4.5,mb,southern Mid-Atlantic Ridge
2024-12-19T07:24:03.776Z,-11.0116,165.8134,80.428,4.5,mb,"31 km S of Lata, Solomon Islands"
2024-12-19T06:59:34.597Z,17.5842,119.5736,10,4.6,mb,"83 km W of Cabittaogan, Philippines"
2024-12-19T06:57:34.728Z,-33.6476,-179.4454,10,4.5,mb,south of the Kermadec Islands
2024-12-19T06:55:00.503Z,17.6226,119.6247,10,5.1,mb,"78 km W of Cabittaogan, Philippines"
2024-12-19T06:42:24.830Z,17.6019,119.5289,10,5.1,mb,"88 km W of Cabittaogan, Philippines"
2024-12-19T06:16:25.285Z,-2.2551,128.1623,10,4.6,mb,"146 km NW of Masohi, Indonesia"
2024-12-19T03:43:11.719Z,17.5823,119.5511,10,4.6,mb,"85 km W of Cabittaogan, Philippines"
2024-12-19T02:46:30.951Z,-56.4736,147.5032,10,4.6,mb,west of Macquarie Island
2024-12-19T02:15:16.010Z,-8.3654,159.7562,10,4.5,mb,"30 km SE of Buala, Solomon Islands"
2024-12-19T02:12:40.361Z,17.7161,119.4621,10,4.6,mb,"95 km W of Puro Pinget, Philippines"
2024-12-19T02:07:02.512Z,-56.2848,147.3332,10,5.7,mww,west of Macquarie Island
2024-12-19T01:32:07.980Z,-16.9401,-64.4914,579.068,4.5,mb,"70 km E of Chimoré, Bolivia"
2024-12-19T01:17:14.642Z,-0.9215,98.9675,27.553,4.6,mb,"132 km WSW of Pariaman, Indonesia"
2024-12-19T01:09:51.222Z,17.608,119.5738,10,5.1,mb,"83 km W of Cabittaogan, Philippines"
2024-12-19T00:16:55.422Z,-6.3743,130.2604,158.689,4.5,mb,"287 km WSW of Tual, Indonesia"
2024-12-18T20:15:36.580Z,-58.5761,-25.1297,35,4.7,mb,South Sandwich Islands region
2024-12-18T20:12:51.935Z,-60.539,-26.5165,10,5,mb,South Sandwich Islands region
2024-12-18T19:18:35.289Z,-50.3238,112.7853,10,4.5,mb,southeast Indian Ridge
2024-12-18T19:04:30.518Z,17.6118,119.5083,10,4.7,mb,"90 km W of Cabittaogan, Philippines"
2024-12-18T18:15:07.504Z,17.5952,119.4341,10,4.5,mb,"98 km W of Cabittaogan, Philippines"
2024-12-18T17:53:26.610Z,-17.6764,167.9999,68.659,5.2,mww,"33 km WNW of Port-Vila, Vanuatu"
2024-12-18T17:38:13.678Z,17.6053,119.4867,10,4.5,mb,"92 km W of Cabittaogan, Philippines"
2024-12-18T17:33:20.158Z,-59.2427,-25.7298,35,4.5,mb,South Sandwich Islands region
2024-12-18T17:07:57.984Z,-16.7662,66.8256,10,4.6,mb,Mid-Indian Ridge
2024-12-18T16:26:46.038Z,57.2773,-33.7445,10,4.6,mb,Reykjanes Ridge
2024-12-18T16:02:49.309Z,17.483,119.5326,10,4.5,mb,"88 km W of Cabittaogan, Philippines"
2024-12-18T15:30:42.292Z,-17.4406,168.5128,10,4.6,mb,"38 km NNE of Port-Vila, Vanuatu"
2024-12-18T09:52:25.760Z,-31.5324,-68.8933,103.659,4.8,mww,"15 km W of Villa Basilio Nievas, Argentina"
2024-12-18T09:08:54.328Z,-35.9333,-102.102,10,5.2,mww,southeast of Easter Island
2024-12-18T08:30:21.304Z,46.0418,151.2507,72.326,4.6,mb,"278 km ENE of Kuril’sk, Russia"
2024-12-18T07:37:07.317Z,-2.0347,152.1198,10,4.5,mb,"158 km ENE of Kavieng, Papua New Guinea"
2024-12-18T04:09:12.942Z,-20.2333,-69.9153,59.258,5.2,mww,"13 km W of Pozo Almonte, Chile"
2024-12-18T01:34:34.431Z,13.8464,120.7541,213.632,4.7,mb,"5 km E of Hukay, Philippines"
2024-12-18T00:29:08.951Z,33.5889,-38.58,10,5.1,mww,northern Mid-Atlantic Ridge
2024-12-17T23:29:28.939Z,-6.2108,133.129,10,4.5,mb,"76 km SSE of Tual, Indonesia"
2024-12-17T23:13:58.114Z,-17.8702,168.1839,35,4.6,mb,"20 km SW of Port-Vila, Vanuatu"
2024-12-17T22:46:22.058Z,11.1812,-87.0278,10,4.5,mb,"87 km SW of Masachapa, Nicaragua"
2024-12-17T22:10:40.305Z,-18.1662,-178.2957,549.327,5.6,mww,"252 km E of Levuka, Fiji"
2024-12-17T21:41:09.942Z,-6.7821,130.2227,128.765,5.2,mww,Banda Sea
2024-12-17T21:03:20.021Z,11.9832,-88.1033,10,4.6,mb,"110 km SW of Jiquilillo, Nicaragua"
2024-12-17T20:02:04.650Z,-17.704,168.0513,54.091,4.8,mb,"28 km W of Port-Vila, Vanuatu"
2024-12-17T20:00:06.331Z,11.5244,126.6621,10,4.5,mb,"112 km NE of Sulangan, Philippines"
2024-12-17T18:29:16.662Z,-17.8366,168.0285,55.138,4.7,mb,"32 km WSW of Port-Vila, Vanuatu"
2024-12-17T18:17:23.998Z,-17.7053,168.1418,46,5.5,mww,"18 km W of Port-Vila, Vanuatu"
2024-12-17T17:52:10.245Z,-48.1765,104.6186,10,5.2,mww,southeast Indian Ridge
2024-12-17T15:44:05.429Z,-37.6126,176.5426,198.787,4.8,mb,"18 km NNE of Maketu, New Zealand"
2024-12-17T15:10:13.443Z,-17.7897,168.1516,72.889,4.6,mb,"18 km WSW of Port-Vila, Vanuatu"
2024-12-17T13:46:09.713Z,-44.0288,39.0453,10,4.5,mb,Prince Edward Islands region
2024-12-17T13:11:18.418Z,36.2615,139.9292,76.086,4.5,mb,"5 km SE of Yūki, Japan"
2024-12-17T12:53:26.593Z,-7.5539,127.7469,151.929,4.6,mb,"135 km NE of Lospalos, Timor Leste"
2024-12-17T11:05:37.249Z,5.1686,127.4188,138.792,5,mb,"190 km SE of Pondaguitan, Philippines"
2024-12-17T10:49:13.935Z,-17.6913,168.1182,46.776,5.2,mb,"21 km WNW of Port-Vila, Vanuatu"
2024-12-17T09:59:56.282Z,-17.6661,168.1187,58.427,4.8,mb,"22 km WNW of Port-Vila, Vanuatu"
2024-12-17T09:22:31.550Z,8.3722,-103.1132,10,5.3,mww,northern East Pacific Rise
2024-12-17T07:47:16.100Z,-17.8156,168.0421,57.245,4.7,mb,"30 km WSW of Port-Vila, Vanuatu"
2024-12-17T07:37:38.870Z,9.6861,122.6582,35,5.1,mb,"15 km SSE of Candoni, Philippines"
2024-12-17T07:36:41.418Z,-7.4951,155.5224,10,4.9,mb,"130 km S of Panguna, Papua New Guinea"
2024-12-17T07:17:51.828Z,-60.3561,-28.624,10,5.3,mb,South Sandwich Islands region
2024-12-17T06:57:06.260Z,53.2505,-166.9487,48.818,4.5,mb,"74 km SSW of Unalaska, Alaska"
2024-12-17T05:17:00.469Z,-17.9037,167.9902,56.45,4.6,mb,"38 km WSW of Port-Vila, Vanuatu"
2024-12-17T05:05:55.488Z,0.9225,-29.1417,10,5.3,mb,central Mid-Atlantic Ridge
2024-12-17T05:02:55.362Z,-18.0177,167.8332,41.8,4.7,mb,"59 km WSW of Port-Vila, Vanuatu"
2024-12-17T04:41:35.448Z,-18.0268,167.9841,40.926,4.6,mb,"47 km SW of Port-Vila, Vanuatu"
2024-12-17T04:39:34.738Z,-41.8496,174.3749,24.812,4.5,mb,"50 km SE of Witherlea, New Zealand"
2024-12-17T04:18:41.361Z,-17.8874,168.0086,30.324,5.4,mb,"36 km WSW of Port-Vila, Vanuatu"
2024-12-17T04:09:33.867Z,31.0848,130.3315,162.337,5.4,mb,"20 km S of Makurazaki, Japan"
2024-12-17T04:07:08.148Z,-18.0173,168.0693,44.831,4.7,mb,"40 km SW of Port-Vila, Vanuatu"
2024-12-17T03:48:17.059Z,-17.9808,168.0051,42.546,5,mb,"42 km SW of Port-Vila, Vanuatu"
2024-12-17T03:37:43.306Z,-17.8564,167.9486,47.879,5,mb,"40 km WSW of Port-Vila, Vanuatu"
2024-12-17T03:08:28.775Z,-17.639,168.0907,49.116,4.6,mb,"25 km WNW of Port-Vila, Vanuatu"
2024-12-17T03:06:24.627Z,-17.9859,167.7648,35,4.7,mb,"64 km WSW of Port-Vila, Vanuatu"
2024-12-17T02:48:54.797Z,-17.46,167.5973,37.4,4.6,mb,"81 km WNW of Port-Vila, Vanuatu"
2024-12-17T02:27:19.306Z,-52.7455,25.8918,10,4.6,mb,south of Africa
2024-12-17T01:53:13.001Z,-17.7504,168.0123,49.188,5.3,mb,"31 km W of Port-Vila, Vanuatu"
2024-12-17T01:47:25.741Z,-17.6914,168.0842,54.372,7.3,mww,"24 km WNW of Port-Vila, Vanuatu"
2024-12-17T01:37:00.910Z,24.8835,128.1097,10,4.6,mb,"144 km SSE of Itoman, Japan"
2024-12-16T23:42:11.190Z,48.2882,152.9704,158.862,4.5,mb,Kuril Islands
2024-12-16T22:24:29.719Z,-3.4051,149.6306,10,4.6,mb,"158 km SW of Kavieng, Papua New Guinea"
2024-12-16T18:12:14.521Z,-21.5212,171.3756,39.058,4.9,mww,southeast of the Loyalty Islands
2024-12-16T17:28:35.689Z,-27.9283,-66.5846,162.331,4.5,mb,"46 km SW of Andalgalá, Argentina"
2024-12-16T16:18:19.167Z,-27.7104,63.9341,10,4.6,mb,Southwest Indian Ridge
2024-12-16T14:07:48.936Z,13.211,145.6385,19.076,5,mb,"88 km ESE of Yigo Village, Guam"
2024-12-16T14:02:40.711Z,-3.2712,35.8467,10,4.5,mb,"8 km N of Mto wa Mbu, Tanzania"
2024-12-16T13:55:22.715Z,-29.4508,60.7651,10,4.6,mb,Southwest Indian Ridge
2024-12-16T12:52:22.501Z,-27.3327,-113.0012,10,4.7,mb,Easter Island region
2024-12-16T12:48:59.280Z,9.0185,126.6165,34.02,4.5,mb,"36 km ENE of Aras-asan, Philippines"
2024-12-16T10:14:44.155Z,-3.8297,129.3035,24.808,5.5,mww,"68 km SE of Amahai, Indonesia"
2024-12-16T08:56:21.300Z,-26.9424,-113.704,10,4.5,mb,Easter Island region
2024-12-16T07:16:49.599Z,-7.885,121.0755,10,4.8,mb,"104 km NE of Ruteng, Indonesia"
2024-12-16T06:07:53.737Z,-22.2479,-70.0028,50.841,4.6,mwr,"26 km SE of Tocopilla, Chile"
2024-12-16T05:26:39.189Z,-6.1626,147.6679,66.248,4.6,mb,"47 km NNW of Finschhafen, Papua New Guinea"
2024-12-16T03:50:05.045Z,-1.2187,99.8064,57.78,5.1,mb,"67 km WSW of Padang, Indonesia"
2024-12-16T02:34:00.820Z,30.0363,130.4411,66.417,4.6,mb,"22 km S of Yudomari, Japan"
2024-12-16T01:20:36.082Z,-62.4933,-161.8819,10,5.1,mww,Pacific-Antarctic Ridge
2024-12-16T00:09:46.958Z,36.5002,1.4923,9.304,5,mb,"17 km ENE of Sidi Akkacha, Algeria"
2024-12-15T21:42:38.965Z,52.864,160.2654,39.447,5.1,mb,"112 km ESE of Petropavlovsk-Kamchatsky, Russia"
2024-12-15T21:12:19.706Z,-47.2108,-13.263,10,5,mb,southern Mid-Atlantic Ridge
2024-12-15T21:08:24.119Z,1.5556,25.9986,10,4.5,mb,"145 km NE of Kisangani, Democratic Republic of the Congo"
2024-12-15T17:35:13.123Z,32.4416,141.7927,10,4.5,mb,"Izu Islands, Japan region"
2024-12-15T16:23:41.855Z,-47.108,165.9801,10,4.5,mb,"177 km WSW of Riverton, New Zealand"
2024-12-15T15:31:48.392Z,1.7934,128.1566,123.604,4.5,mb,"17 km ENE of Tobelo, Indonesia"
2024-12-15T15:03:39.717Z,-18.7256,-175.265,232,5.9,mww,"135 km W of Neiafu, Tonga"
2024-12-15T13:52:20.080Z,-8.9975,-109.7369,10,4.6,mb,central East Pacific Rise
2024-12-15T11:07:51.052Z,-2.8912,137.4506,54.082,4.5,mb,"222 km ENE of Nabire, Indonesia"
2024-12-15T09:58:33.437Z,16.0802,-98.6778,10,5,mb,"37 km SW of Santiago Tepextla, Mexico"
2024-12-15T07:21:59.240Z,40.414166666667,-125.18366666667,10,5.25,mw,"77 km WNW of Petrolia, CA"
2024-12-15T05:17:18.872Z,-24.9491,-177.3026,166.878,4.5,mb,south of the Fiji Islands
2024-12-15T03:04:24.142Z,-57.9397,-25.5629,89.673,4.7,mb,South Sandwich Islands region
2024-12-15T02:48:33.626Z,-8.0013,117.8225,10,4.8,mb,"59 km NE of Pototano, Indonesia"
2024-12-15T01:33:55.296Z,-8.3288,157.1814,10,5.1,mb,"44 km ESE of Gizo, Solomon Islands"
2024-12-15T01:26:23.594Z,-31.2856,179.7306,454.898,4.5,mb,Kermadec Islands region
2024-12-15T00:07:53.316Z,-9.3134,67.0775,10,5.1,mww,Mid-Indian Ridge
2024-12-14T22:09:07.668Z,-3.1666,130.8584,10,4.5,mb,"162 km W of Fakfak, Indonesia"
2024-12-14T22:08:20.801Z,-33.3155,-178.4204,10,4.9,mb,south of the Kermadec Islands
2024-12-14T21:47:53.489Z,-0.8684,-21.7169,10,4.5,mb,central Mid-Atlantic Ridge
2024-12-14T20:15:59.169Z,54.5924,160.2168,119.756,4.5,mb,"103 km E of Mil’kovo, Russia"
2024-12-14T18:19:50.214Z,8.1818,-82.9302,35,4.5,mb,"11 km NW of Limones, Panama"
2024-12-14T17:38:15.481Z,1.5829,126.5578,36.664,5.2,mww,"127 km NW of Ternate, Indonesia"
2024-12-14T16:44:54.365Z,-5.7783,146.5939,63.594,4.6,mb,"98 km NE of Kainantu, Papua New Guinea"
2024-12-14T15:19:42.993Z,27.3306,129.5547,10,4.7,mb,"72 km ESE of Isen, Japan"
2024-12-14T12:54:31.792Z,-21.2804,-67.2526,195.345,4.9,mb,"101 km SSW of Uyuni, Bolivia"
2024-12-14T11:25:37.119Z,-53.5831,140.7719,10,4.6,mb,west of Macquarie Island
2024-12-14T10:47:02.465Z,-53.5108,140.4096,10,4.6,mb,west of Macquarie Island
2024-12-14T10:20:26.865Z,-38.574,178.5483,10,5.2,mww,"43 km ENE of Wainui, New Zealand"
2024-12-14T05:12:01.925Z,19.9856,145.8071,92.815,4.5,mb,"Maug Islands region, Northern Mariana Islands"
2024-12-14T05:00:04.593Z,-1.169,128.9661,10,4.8,mb,"176 km ESE of Labuha, Indonesia"
2024-12-14T04:34:10.690Z,-23.6882,-177.592,183.091,4.5,mb,south of the Fiji Islands
2024-12-14T03:33:04.771Z,25.4509,142.7382,10,4.6,mb,"Volcano Islands, Japan region"
2024-12-14T03:00:47.468Z,-60.3888,-28.8822,10,5.3,mb,South Sandwich Islands region
2024-12-14T00:49:27.402Z,-11.9483,166.2149,10,4.5,mb,"142 km SSE of Lata, Solomon Islands"
2024-12-14T00:37:25.800Z,-11.9675,166.0578,35,4.7,mb,"140 km SSE of Lata, Solomon Islands"
2024-12-14T00:00:56.869Z,16.2971,-98.6595,10,4.5,mb,"20 km SW of San Nicolás, Mexico"
2024-12-13T23:38:18.234Z,-35.33,-70.7256,109,6.4,mww,"56 km ESE of Molina, Chile"
2024-12-13T23:23:00.928Z,-48.5702,164.8061,10,4.6,mb,off the west coast of the South Island of New Zealand
2024-12-13T22:45:17.882Z,16.5649,146.8354,60.375,4.7,mb,"189 km NE of Saipan, Northern Mariana Islands"
2024-12-13T22:00:10.494Z,-22.0991,-68.4931,95.137,4.9,mb,"59 km NE of Calama, Chile"
2024-12-13T18:28:15.318Z,36.2935,53.0388,10,4.7,mb,"30 km S of Sari, Iran"
2024-12-13T17:43:47.916Z,-23.1271,-178.8708,487.636,4.5,mb,south of the Fiji Islands
2024-12-13T16:23:07.014Z,-35.8269,178.9444,95.127,4.7,mb,"205 km NNE of Hicks Bay, New Zealand"
2024-12-13T16:19:59.386Z,-21.7358,-67.2807,187.713,4.6,mb,"115 km ESE of Ollagüe, Chile"
2024-12-13T15:19:01.339Z,-11.9173,166.1052,47.86,4.5,mb,"136 km SSE of Lata, Solomon Islands"
2024-12-13T14:05:15.999Z,-6.933,129.7899,155.44,4.5,mb,Banda Sea
2024-12-13T09:07:54.344Z,-54.2346,-134.1862,10,4.7,mb,Pacific-Antarctic Ridge
2024-12-13T08:52:58.653Z,14.3484,-92.9469,34.139,4.7,mb,"70 km SW of Puerto Madero, Mexico"
2024-12-13T08:34:13.155Z,40.3294,24.0845,10,4.6,mwr,"8 km E of Ouranoupolis, Greece"
2024-12-13T06:56:17.781Z,50.8662,-176.9958,10,5,mb,"114 km SSW of Adak, Alaska"
2024-12-13T03:18:00.104Z,-14.6721,167.3757,154.4,4.6,mb,"52 km NE of Port-Olry, Vanuatu"
2024-12-13T00:26:31.070Z,-24.2785,-67.1367,168.742,4.7,mww,"83 km W of San Antonio de los Cobres, Argentina"
2024-12-12T22:30:58.934Z,-12.8599,166.2438,10,4.6,mb,"180 km NW of Sola, Vanuatu"
2024-12-12T20:03:07.920Z,-12.009,165.9852,10,4.7,mb,"143 km S of Lata, Solomon Islands"
2024-12-12T19:55:19.950Z,30.5343,141.8867,10,5.1,mb,"Izu Islands, Japan region"
2024-12-12T19:46:40.152Z,-11.9257,166.0867,10,5.2,mww,"136 km SSE of Lata, Solomon Islands"
2024-12-12T19:41:36.273Z,-17.4186,-178.8261,547.715,4.9,mb,"209 km ENE of Levuka, Fiji"
2024-12-12T19:37:09.077Z,-12.0104,166.179,10,5.3,mww,"148 km SSE of Lata, Solomon Islands"
2024-12-12T17:31:24.574Z,-11.9988,166.2374,10,4.6,mb,"148 km SSE of Lata, Solomon Islands"
2024-12-12T17:30:25.717Z,-12.1198,166.051,10,4.6,mb,"156 km S of Lata, Solomon Islands"
2024-12-12T17:29:51.136Z,-12.021,166.116,10,5.2,mww,"147 km SSE of Lata, Solomon Islands"
2024-12-12T08:47:40.963Z,-17.9983,-178.4779,591.984,4.5,mb,"233 km E of Levuka, Fiji"
2024-12-12T06:36:26.901Z,-0.8133,99.4219,10,4.8,mb,"80 km WSW of Pariaman, Indonesia"
2024-12-12T02:16:39.880Z,-9.9819,151.9122,10,4.7,mb,"153 km ENE of Samarai, Papua New Guinea"
2024-12-12T02:02:14.531Z,-24.5509,-179.6313,502.89,4.9,mb,south of the Fiji Islands
2024-12-12T01:51:35.405Z,-14.987,-178.4335,10,5.5,mww,"82 km SSW of Leava, Wallis and Futuna"
2024-12-11T22:36:53.154Z,-12.0601,165.9593,10,4.5,mb,"148 km S of Lata, Solomon Islands"
2024-12-11T20:57:12.773Z,-30.5243,-178.2075,49.38,5.1,mww,"Kermadec Islands, New Zealand"
2024-12-11T19:54:47.920Z,-7.1593,129.7249,139.638,4.6,mb,"Kepulauan Babar, Indonesia"
2024-12-11T18:26:12.710Z,10.7928,-62.351,74.824,4.6,mb,"24 km NNW of Güiria, Venezuela"
2024-12-11T16:43:59.405Z,-12.0283,166.1557,10,5.4,mww,"149 km SSE of Lata, Solomon Islands"
2024-12-11T16:22:03.328Z,-12.3231,167.0791,231.122,4.7,mb,"179 km NNW of Sola, Vanuatu"
2024-12-11T10:23:35.347Z,-4.3369,102.6968,68.478,5.1,mb,"70 km WSW of Pagar Alam, Indonesia"
2024-12-11T06:28:03.293Z,31.6261,141.6276,10,4.6,mb,"Izu Islands, Japan region"
2024-12-11T03:27:58.826Z,-23.5748,-179.7244,531,4.5,mb,south of the Fiji Islands
2024-12-11T03:27:57.933Z,5.6886,126.181,113.273,4.5,mb,"64 km ESE of Caburan, Philippines"
2024-12-11T02:07:06.380Z,29.3931,-42.9612,10,4.6,mb,northern Mid-Atlantic Ridge
2024-12-11T01:43:31.246Z,-15.6268,-172.5485,10,4.5,mb,"138 km ENE of Hihifo, Tonga"
2024-12-11T01:26:00.061Z,23.5806,94.6445,107.502,4.6,mb,"25 km ESE of Mawlaik, Myanmar"
2024-12-11T00:32:03.686Z,21.2974,-45.8205,10,4.8,mb,northern Mid-Atlantic Ridge
2024-12-10T21:26:38.014Z,5.7054,127.3562,35,4.8,mb,"149 km ESE of Pondaguitan, Philippines"
2024-12-10T18:04:34.105Z,51.0964,-177.2531,20,5.9,mww,"96 km SSW of Adak, Alaska"
2024-12-10T14:19:21.994Z,-16.7193,-71.3751,129.637,4.8,mb,"19 km SSE of Quequeña, Peru"
2024-12-10T12:51:27.382Z,-22.4835,-71.4011,10,4.5,mwr,"119 km NW of Mejillones, Chile"
2024-12-10T10:03:02.595Z,36.7617,70.9195,83.199,4.7,mb,"13 km SSE of Jurm, Afghanistan"
2024-12-10T07:50:56.059Z,-35.9913,53.4047,10,5.3,mww,Southwest Indian Ridge
2024-12-10T06:13:41.200Z,3.8052,127.9545,148.248,4.7,mb,"229 km N of Tobelo, Indonesia"
2024-12-10T03:44:14.892Z,50.9314,-177.3197,10,5.1,mb,"115 km SSW of Adak, Alaska"
2024-12-09T23:27:42.352Z,-9.1937,-109.7691,10,4.9,mb,central East Pacific Rise
2024-12-09T23:08:31.577Z,39.1675,-119.0238,9.3,5.7,mw,"2024 Parker Butte, Nevada Earthquake"
2024-12-09T22:21:33.666Z,7.6171,126.7909,72.637,4.5,mb,"25 km E of Baganga, Philippines"
2024-12-09T20:33:22.347Z,35.0977,140.5459,49.068,4.8,mwr,"19 km ESE of Shinmachi, Japan"
2024-12-09T19:25:22.909Z,-4.7938,130.2095,20.654,4.5,mb,"215 km SE of Masohi, Indonesia"
2024-12-09T17:34:04.969Z,54.177,-162.4476,35,5,mww,"97 km SE of False Pass, Alaska"
2024-12-09T17:25:21.272Z,-9.106,66.8004,10,5.6,mww,Mid-Indian Ridge
2024-12-09T16:48:11.292Z,50.9904,-177.5184,14.578,5.3,mww,"115 km SSW of Adak, Alaska"
2024-12-09T16:33:17.613Z,50.9626,-177.523,28.266,4.7,ml,"118 km SSW of Adak, Alaska"
2024-12-09T16:31:44.297Z,51.0055,-177.6184,17,5.7,mww,"118 km SW of Adak, Alaska"
2024-12-09T16:26:59.890Z,-20.271,-70.3867,34.089,4.9,mwr,"25 km WSW of Puerto, Chile"
2024-12-09T14:00:09.873Z,-35.5103,-106.2072,10,5,mb,southern East Pacific Rise
2024-12-09T13:46:39.507Z,13.268,-87.8004,15.708,4.5,mwr,"8 km ESE of Conchagua, El Salvador"
2024-12-09T12:42:44.126Z,44.327,147.649,104.236,4.9,mb,"94 km NE of Shikotan, Russia"
2024-12-09T12:36:04.019Z,-9.2339,-109.8743,10,4.6,mb,central East Pacific Rise
2024-12-09T12:00:22.274Z,40.3874,142.043,10,4.5,mb,"32 km NE of Kuji, Japan"
2024-12-09T09:50:04.333Z,-0.963,99.5789,74.538,4.8,mb,"71 km WSW of Pariaman, Indonesia"
2024-12-09T08:28:59.212Z,35.2154,22.767,66.517,4.5,mb,"83 km W of Palaióchora, Greece"
2024-12-09T08:21:04.403Z,-6.6387,103.9098,35,5.1,mb,"200 km SW of Bandar Lampung, Indonesia"
2024-12-09T07:41:02.297Z,-3.7336,101.5622,50.228,4.5,mb,"78 km W of Bengkulu, Indonesia"
2024-12-09T06:13:23.530Z,-0.6079,129.8244,10,4.7,mb,"86 km WSW of Waisai, Indonesia"
2024-12-09T05:56:47.360Z,50.8208,-177.408,10,5.1,mb,"128 km SSW of Adak, Alaska"
2024-12-09T03:50:29.291Z,13.2899,-87.8532,10,5.6,mww,"2 km SSE of Conchagua, El Salvador"
2024-12-09T03:38:12.366Z,50.7985,-177.4463,10,5.1,mb,"132 km SSW of Adak, Alaska"
2024-12-09T03:31:56.395Z,50.7926,-177.5273,10,5.6,mww,"135 km SSW of Adak, Alaska"
2024-12-09T03:30:23.183Z,50.7894,-177.4811,10,5.2,mb,"134 km SSW of Adak, Alaska"
2024-12-09T03:26:40.907Z,50.9203,-177.5413,20,5.7,mww,"123 km SSW of Adak, Alaska"
2024-12-09T03:11:41.475Z,50.7632,-177.4413,10,4.8,mb,"135 km SSW of Adak, Alaska"
2024-12-09T00:39:50.242Z,50.7143,-177.0971,10,5.5,mb,"132 km SSW of Adak, Alaska"
2024-12-09T00:38:52.848Z,50.8586,-177.443,10,6.1,mww,"126 km SSW of Adak, Alaska"
2024-12-09T00:32:09.138Z,50.8399,-177.141,10,4.5,mb,"120 km SSW of Adak, Alaska"
2024-12-09T00:30:38.526Z,50.8375,-177.2197,10,5.2,mb,"122 km SSW of Adak, Alaska"
2024-12-09T00:22:08.228Z,50.8216,-177.0911,10,5.2,mb,"121 km SSW of Adak, Alaska"
2024-12-09T00:21:51.775Z,50.8157,-177.1953,10,5,mb,"124 km SSW of Adak, Alaska"
2024-12-09T00:17:22.704Z,50.9377,-177.0406,10,4.9,ml,"107 km SSW of Adak, Alaska"
2024-12-09T00:15:30.691Z,50.9985,-177.1779,19,6.3,mww,"104 km SSW of Adak, Alaska"
2024-12-08T23:56:34.378Z,-12.6187,166.3883,35,4.5,mb,"187 km NW of Sola, Vanuatu"
2024-12-08T21:42:38.333Z,50.9588,-177.2237,10,4.6,mb,"109 km SSW of Adak, Alaska"
2024-12-08T21:02:49.063Z,50.8303,-177.2981,10,5.8,mww,"124 km SSW of Adak, Alaska"
2024-12-08T20:39:20.454Z,51.0688,-177.2241,10,5.4,mww,"98 km SSW of Adak, Alaska"
2024-12-08T20:27:27.630Z,-9.1484,-109.7729,10,5.1,mb,central East Pacific Rise
2024-12-08T20:23:58.857Z,50.9506,-177.3217,10,4.9,mb,"113 km SSW of Adak, Alaska"
2024-12-08T20:01:19.769Z,50.967,-177.169,10,4.9,mb,"107 km SSW of Adak, Alaska"
2024-12-08T19:58:30.905Z,50.8934,-177.1234,10,4.7,mb,"114 km SSW of Adak, Alaska"
2024-12-08T19:57:08.602Z,51.0018,-177.3278,18,6.3,mww,"108 km SSW of Adak, Alaska"
2024-12-08T18:32:18.996Z,-9.0752,-109.7077,10,4.8,mb,central East Pacific Rise
2024-12-08T18:12:25.381Z,33.5308,81.9295,10,4.5,mb,western Xizang
2024-12-08T18:07:49.830Z,-9.3184,-109.9235,10,5.6,mww,central East Pacific Rise
2024-12-08T17:15:57.302Z,-9.1237,-109.3799,10,4.8,mb,central East Pacific Rise
2024-12-08T17:11:44.942Z,1.8541,122.9907,10,4.9,mb,"145 km N of Gorontalo, Indonesia"
2024-12-08T16:41:20.301Z,-8.8293,-109.3827,10,5.5,mww,central East Pacific Rise
2024-12-08T16:31:01.701Z,-62.1092,155.9094,10,4.8,mb,Balleny Islands region
2024-12-08T16:26:06.296Z,-8.9965,-109.5871,10,5.3,mww,central East Pacific Rise
2024-12-08T16:07:34.914Z,-6.9846,125.2746,521.687,4.6,mb,"177 km N of Dili, Timor Leste"
2024-12-08T10:25:00.081Z,48.867,152.3071,207,6,mww,Kuril Islands
2024-12-08T02:44:29.538Z,1.2221,126.3376,36.878,5,mb,"125 km WNW of Ternate, Indonesia"
2024-12-08T01:49:44.842Z,64.6401,-17.3171,10,5.1,mww,"110 km WNW of Höfn, Iceland"
2024-12-08T00:20:16.050Z,52.7008,159.9033,63.194,4.5,mb,"94 km ESE of Petropavlovsk-Kamchatsky, Russia"
2024-12-07T23:25:12.596Z,-20.9885,-173.558,10,5.4,mb,"150 km ENE of ‘Ohonua, Tonga"
2024-12-07T22:39:44.842Z,35.5123,140.108,74.306,4.5,mb,"2 km ESE of Ichihara, Japan"
2024-12-07T22:10:51.152Z,1.4964,126.543,51.647,4.6,mb,"121 km NW of Ternate, Indonesia"
2024-12-07T22:07:48.222Z,29.4107,94.8752,37.112,4.5,mb,"109 km NNE of Shi Yomi, India"
2024-12-07T21:02:15.445Z,-21.0989,169.6246,92.929,4.6,mb,"176 km SSE of Isangel, Vanuatu"
2024-12-07T19:46:13.471Z,-3.5296,149.7355,10,4.6,mb,"158 km SW of Kavieng, Papua New Guinea"
2024-12-07T17:31:59.483Z,-40.3557,-16.7546,10,5.9,mww,southern Mid-Atlantic Ridge
2024-12-07T13:36:20.311Z,-7.0649,155.058,10,4.5,mb,"95 km SSW of Panguna, Papua New Guinea"
2024-12-07T13:24:23.132Z,-12.2804,-73.0881,53.127,4.7,mb,"20 km SSW of Pangoa, Peru"
2024-12-07T10:16:52.801Z,-8.3236,-79.8132,56.217,4.5,mb,"75 km WSW of Santiago de Cao, Peru"
2024-12-07T09:41:25.968Z,-2.1059,124.4895,10,5.1,mb,"165 km W of Sanana, Indonesia"
2024-12-07T09:06:12.994Z,13.0936,-87.6391,158.656,4.9,mb,"22 km S of Amapala, Honduras"
2024-12-07T07:48:28.472Z,23.9242,122.2719,16.258,4.9,mb,"68 km E of Hualien City, Taiwan"
2024-12-07T07:46:47.549Z,-0.3254,99.2046,60.168,4.7,mb,"106 km WNW of Pariaman, Indonesia"
2024-12-07T06:26:27.323Z,-38.9157,-73.5759,36.959,5.3,mww,"42 km WSW of Carahue, Chile"
2024-12-07T06:26:08.334Z,26.2901,125.9515,114.258,4.6,mb,"172 km W of Itoman, Japan"
2024-12-07T03:38:07.028Z,-42.9132,-82.4841,10,4.8,mb,West Chile Rise
2024-12-07T03:25:03.428Z,-53.0772,-46.447,10,4.7,mb,South Atlantic Ocean
2024-12-07T02:17:11.159Z,-36.8307,-96.1882,10,5.4,mww,West Chile Rise
2024-12-07T00:56:21.065Z,-4.6439,153.0137,66.902,4.5,mb,"89 km ESE of Kokopo, Papua New Guinea"
2024-12-07T00:41:53.005Z,-7.6812,128.3466,89.999,4.5,mb,"175 km ENE of Lospalos, Timor Leste"
2024-12-07T00:37:55.906Z,-2.0394,115.1041,10,4.8,mb,"36 km WNW of Tanjung, Indonesia"
2024-12-07T00:12:20.544Z,-7.1851,107.5645,6.878,4.6,mb,"14 km E of Banjar, Indonesia"
2024-12-06T22:55:52.260Z,-23.8641,-179.9398,541.762,4.5,mb,south of the Fiji Islands
2024-12-06T22:52:38.934Z,29.2871,130.2913,35,4.5,mb,"106 km S of Yudomari, Japan"
2024-12-06T22:45:06.558Z,-1.6653,138.8321,35,4.7,mb,"225 km WNW of Abepura, Indonesia"
2024-12-06T22:05:46.177Z,-23.302,-179.7814,573.365,4.5,mb,south of the Fiji Islands
2024-12-06T21:52:06.492Z,-23.5003,-66.6774,227.76,4.5,mb,"87 km NNW of San Antonio de los Cobres, Argentina"
2024-12-06T21:41:53.761Z,42.12,142.1797,13.561,4.6,mb,"27 km SSW of Niikappu, Japan"
2024-12-06T21:40:23.652Z,-24.104,-178.896,446.587,4.5,mb,south of the Fiji Islands
2024-12-06T17:15:00.515Z,1.5039,121.1742,32.854,5.5,mww,"235 km WNW of Gorontalo, Indonesia"
2024-12-06T13:57:11.628Z,-14.7699,-109.3859,10,4.9,mb,central East Pacific Rise
2024-12-06T10:28:40.561Z,-19.665,-174.4239,62.253,5.1,mb,"14 km NW of Fangale’ounga, Tonga"
2024-12-06T10:22:24.947Z,-9.5482,149.136,10,4.5,mb,"131 km SE of Popondetta, Papua New Guinea"
2024-12-06T07:53:19.042Z,-22.1135,-67.2966,185.803,4.6,mb,"128 km NE of San Pedro de Atacama, Chile"
2024-12-06T05:32:33.999Z,-8.4477,147.6091,127.471,4.5,mb,"49 km NNW of Kokoda, Papua New Guinea"
2024-12-06T05:26:00.960Z,31.8623,131.3993,63.021,4.8,mb,"6 km SSW of Miyazaki, Japan"
2024-12-06T03:30:24.771Z,10.9815,-62.4128,109.362,4.6,mb,"46 km NNW of Güiria, Venezuela"
2024-12-05T23:51:57.897Z,25.398,142.5399,10,4.6,mb,"Volcano Islands, Japan region"
2024-12-05T23:06:38.722Z,-4.1508,-104.4022,10,4.5,mb,central East Pacific Rise
2024-12-05T21:56:40.216Z,-18.9934,-172.8301,10,5,mb,"127 km ESE of Neiafu, Tonga"
2024-12-05T20:53:01.599Z,34.6127,34.017,10,4.6,mb,"41 km S of Ayia Napa, Cyprus"
2024-12-05T19:41:07.777Z,-4.1747,-104.4525,10,5.1,mb,central East Pacific Rise
2024-12-05T18:46:29.660Z,40.349,-124.915,12.51,4.67,ml,"53 km WNW of Petrolia, CA"
2024-12-05T18:44:21.110Z,40.374,-125.02166666667,10,7,mw,"2024 Offshore Cape Mendocino, California Earthquake"
2024-12-05T16:51:20.278Z,-55.9482,-27.9128,111.734,5.1,mww,South Sandwich Islands region
2024-12-05T16:46:08.929Z,-12.3172,167.0375,250.003,4.8,mb,"181 km NNW of Sola, Vanuatu"
2024-12-05T14:36:01.277Z,32.2879,137.9325,364.311,4.9,mb,"240 km ESE of Kushimoto, Japan"
2024-12-05T13:39:52.236Z,-23.3549,-66.702,208.836,5.2,mww,"103 km NNW of San Antonio de los Cobres, Argentina"
2024-12-05T13:25:58.388Z,28.4397,51.8171,10,4.9,mb,"86 km WSW of Fīrūzābād, Iran"
2024-12-05T12:50:58.066Z,-6.1083,154.8877,187.668,4.5,mb,"69 km WNW of Panguna, Papua New Guinea"
2024-12-05T11:48:03.206Z,52.1082,-170.8903,38.284,5.6,mww,"165 km SW of Nikolski, Alaska"
2024-12-05T08:00:31.019Z,-3.0968,136.83,42.997,4.5,mb,"150 km E of Nabire, Indonesia"
2024-12-05T07:49:50.500Z,17.5247,60.1904,10,4.5,mb,Owen Fracture Zone region
2024-12-05T06:21:22.894Z,32.8339,73.7141,10,5.2,mb,"8 km SSW of Sarai Alamgir, Pakistan"
2024-12-05T05:38:47.481Z,31.8637,49.5366,10,5,mww,"23 km ESE of Masjed Soleymān, Iran"
2024-12-05T04:26:35.919Z,38.5154,72.8604,3.64,4.5,mb,"104 km WNW of Murghob, Tajikistan"
2024-12-05T04:23:18.175Z,31.5833,49.4878,10,4.9,mb,"35 km NNW of Rāmhormoz, Iran"
2024-12-05T04:02:40.681Z,31.7601,49.569,17,5.4,mww,"31 km SE of Masjed Soleymān, Iran"
2024-12-05T01:23:53.466Z,50.3059,151.8833,328.482,4.6,mb,northwest of the Kuril Islands
2024-12-04T22:47:26.238Z,-6.6121,129.8957,162.459,4.5,mb,Banda Sea
2024-12-04T22:13:21.787Z,-58.1967,-24.5471,16.515,4.5,mb,South Sandwich Islands region
2024-12-04T16:53:01.908Z,24.8543,128.0555,10,5,mb,"146 km SSE of Itoman, Japan"
2024-12-04T14:21:36.260Z,4.8923,95.8234,10,4.5,mb,"56 km SSW of Sigli, Indonesia"
2024-12-04T11:46:46.892Z,-56.0523,-27.6076,95.162,4.8,mb,South Sandwich Islands region
2024-12-04T09:09:10.259Z,35.9165,31.7105,65.676,4.8,mb,"67 km SW of Gazipaşa, Turkey"
2024-12-04T07:42:54.098Z,-15.7188,-174.3113,187.961,4.9,mb,"61 km WNW of Hihifo, Tonga"
2024-12-04T07:11:47.482Z,-43.8524,-81.8305,10,5.3,mww,West Chile Rise
2024-12-04T01:56:58.775Z,18.4471,80.3296,10,5,mb,"49 km NE of Mulugu, India"
2024-12-04T00:09:30.407Z,23.6859,123.2599,10,5,mb,"90 km SSE of Yonakuni, Japan"
2024-12-03T22:31:07.006Z,34.592,140.3692,87.02,4.6,mb,"59 km SSE of Wada, Japan"
2024-12-03T21:54:27.337Z,-57.9951,-26.3901,148.375,4.5,mb,South Sandwich Islands region
2024-12-03T21:05:26.021Z,33.2848,141.0556,35,4.6,mb,"216 km SSE of Wada, Japan"
2024-12-03T20:27:37.524Z,18.1731,145.4694,284.615,4.9,mb,"Pagan region, Northern Mariana Islands"
2024-12-03T19:03:30.046Z,50.8271,-179.3088,10,4.5,mb,"219 km WSW of Adak, Alaska"
2024-12-03T18:54:41.788Z,18.5003,120.7963,34,5.7,mww,"5 km SE of Bangui, Philippines"
2024-12-03T18:27:00.885Z,8.4328,126.7904,33.517,4.9,mb,"49 km NE of Barcelona, Philippines"
2024-12-03T17:34:47.362Z,18.9165,145.5556,234.112,4.6,mb,"Pagan region, Northern Mariana Islands"
2024-12-03T16:57:07.550Z,53.9198,160.4762,65.559,5,mww,"148 km SE of Mil’kovo, Russia"
2024-12-03T16:09:11.776Z,4.8557,126.4225,14.196,5.1,mww,"122 km ESE of Sarangani, Philippines"
2024-12-03T14:54:25.297Z,-23.67,-67.1072,163.801,4.7,mww,"100 km NW of San Antonio de los Cobres, Argentina"
2024-12-03T12:41:05.084Z,25.6518,142.7038,15.337,4.7,mb,"Volcano Islands, Japan region"
2024-12-03T11:45:36.306Z,-6.8969,153.7772,10,4.9,mb,"199 km WSW of Panguna, Papua New Guinea"
2024-12-03T10:33:00.394Z,-1.0609,67.233,10,4.5,mb,Carlsberg Ridge
2024-12-03T09:32:17.420Z,19.5463,-65.2615,106,4.65,md,"137 km N of Culebra, Puerto Rico"
2024-12-03T08:06:04.775Z,-21.1248,-178.8369,583.787,5.4,mww,Fiji region
2024-12-03T07:29:29.685Z,-41.1787,85.6711,10,5.1,mb,southeast Indian Ridge
2024-12-03T04:31:49.875Z,-24.6714,179.8316,514.416,4.6,mb,south of the Fiji Islands
2024-12-03T03:54:59.795Z,-52.8616,19.5387,10,4.9,mb,southwest of Africa
2024-12-02T23:06:51.275Z,15.0697,147.1017,10,4.6,mb,"145 km E of Saipan, Northern Mariana Islands"
2024-12-02T19:15:58.285Z,-24.5271,-176.0682,35,4.8,mb,south of the Fiji Islands
2024-12-02T16:06:16.806Z,-23.6638,-179.6851,533.789,4.6,mb,south of the Fiji Islands
2024-12-02T16:06:10.719Z,-9.5851,110.239,10,4.5,mb,"180 km S of Bambanglipuro, Indonesia"
2024-12-02T15:11:52.922Z,-48.7259,106.5354,10,5,mb,southeast Indian Ridge
2024-12-02T14:07:33.103Z,-49.2054,107.6862,10,4.5,mb,southeast Indian Ridge
2024-12-02T12:40:01.744Z,-7.9808,107.0044,22.973,4.6,mb,"98 km SSW of Banjar, Indonesia"
2024-12-02T12:19:09.310Z,-2.8659,129.3796,10,4.7,mb,"66 km NE of Masohi, Indonesia"
2024-12-02T07:05:28.852Z,0.7888,126.2119,48.096,4.5,mb,"130 km W of Ternate, Indonesia"
2024-12-02T01:18:43.690Z,32.2923,142.3525,10,4.8,mww,"Izu Islands, Japan region"
2024-12-02T01:01:11.804Z,13.1373,146.9085,10,5,mb,"223 km ESE of Yigo Village, Guam"
2024-12-01T22:59:03.125Z,53.8491,160.4747,72.902,4.7,mb,"150 km NE of Petropavlovsk-Kamchatsky, Russia"
2024-12-01T17:56:35.510Z,-59.0065,-25.5533,35,4.9,mb,South Sandwich Islands region
2024-12-01T14:33:38.237Z,17.6209,119.5558,17.55,4.6,mb,"85 km W of Cabittaogan, Philippines"
2024-12-01T13:15:24.808Z,5.4241,92.5763,10,4.5,mb,off the west coast of northern Sumatra
2024-12-01T11:13:33.628Z,-5.1576,150.6391,242.165,4.5,mb,"70 km NE of Kimbe, Papua New Guinea"
2024-12-01T07:57:44.830Z,18.4347,95.1919,80.697,4.6,mb,"21 km NW of Myanaung, Myanmar"
2024-12-01T06:12:22.543Z,-35.6747,78.3733,10,5,mb,Mid-Indian Ridge
2024-12-01T03:51:34.145Z,-31.7265,-178.7312,43.825,4.5,mb,Kermadec Islands region
2024-12-01T00:01:58.270Z,-28.7577,-176.489,10,4.9,mb,Kermadec Islands region
2024-11-30T22:12:26.968Z,-22.5817,-12.9569,10,4.8,mb,southern Mid-Atlantic Ridge
2024-11-30T21:36:05.908Z,13.0543,143.9264,132.912,4.7,mb,"83 km WSW of Merizo Village, Guam"
2024-11-30T21:11:26.203Z,-3.021,128.7256,19.026,4.5,mb,"40 km NW of Masohi, Indonesia"
2024-11-30T18:34:56.733Z,-18.3641,-69.6619,118.268,4.8,mb,"68 km E of Arica, Chile"
2024-11-30T17:58:40.649Z,-2.6122,136.7339,37.504,4.5,mb,"160 km ENE of Nabire, Indonesia"
2024-11-30T17:19:17.395Z,25.2326,126.0285,47.345,4.5,mb,"87 km ENE of Hirara, Japan"
2024-11-30T16:10:41.929Z,6.2665,123.3551,10,4.5,mb,"78 km WSW of Sangay, Philippines"
2024-11-30T16:01:25.729Z,-30.7736,-178.8699,84.601,4.5,mb,"Kermadec Islands, New Zealand"
2024-11-30T15:08:50.569Z,19.3496,-108.5141,10,5.4,mww,Revilla Gigedo Islands region
2024-11-30T15:06:52.962Z,-18.2581,-172.5524,10,4.9,mb,"157 km ENE of Neiafu, Tonga"
2024-11-30T14:48:36.015Z,-20.0668,-175.8066,224.157,4.6,mb,"132 km NNW of Houma, Tonga"
2024-11-30T14:10:13.472Z,-5.9177,147.4253,88.429,4.8,mb,"84 km NNW of Finschhafen, Papua New Guinea"
2024-11-30T13:15:40.557Z,-24.0403,179.7868,531.352,5.1,mww,south of the Fiji Islands
2024-11-30T10:33:40.240Z,17.5037,145.8664,198.532,5.1,mb,"253 km N of Saipan, Northern Mariana Islands"
2024-11-30T09:07:01.883Z,23.8314,123.383,19.908,5.2,mww,"80 km SSE of Yonakuni, Japan"
2024-11-30T08:46:16.409Z,25.3021,126.0218,49.015,5.7,mww,"91 km NE of Hirara, Japan"
2024-11-30T08:34:07.444Z,23.7581,123.5016,10,4.9,mb,"93 km SW of Ishigaki, Japan"
2024-11-30T07:51:40.021Z,-32.641,-178.5993,10,4.6,mb,south of the Kermadec Islands
2024-11-30T05:30:18.567Z,-32.2806,54.5582,10,4.7,mb,Southwest Indian Ridge
2024-11-30T01:19:39.420Z,-22.1996,-178.1363,355.401,4.5,mb,south of the Fiji Islands
2024-11-30T00:52:29.523Z,37.023,136.4771,10,4.8,mww,"31 km WNW of Hakui, Japan"
2024-11-30T00:36:00.326Z,-8.8882,-81.0822,10,5.2,mww,"227 km WSW of Santiago de Cao, Peru"
2024-11-29T21:20:54.622Z,-12.455,167.0456,244.511,4.5,mb,"166 km NNW of Sola, Vanuatu"
2024-11-29T20:39:23.351Z,4.631,127.7829,133.592,4.6,mb,"261 km SE of Pondaguitan, Philippines"
2024-11-29T20:14:57.923Z,-58.0723,-23.9993,10,4.7,mb,South Sandwich Islands region
2024-11-29T19:13:15.546Z,35.9421,31.7094,58.945,4.8,mww,"65 km WSW of Gazipaşa, Turkey"
2024-11-29T18:57:04.430Z,-0.2825,124.1508,72.014,4.5,mb,"87 km SSW of Modisi, Indonesia"
2024-11-29T16:13:17.112Z,-7.6434,104.8551,10,4.7,mb,"176 km SW of Labuan, Indonesia"
2024-11-29T08:19:10.448Z,-57.1291,-30.029,10,4.5,mb,South Sandwich Islands region
2024-11-29T04:30:58.572Z,-7.6144,88.7646,10,4.7,mb,South Indian Ocean
2024-11-28T23:39:49.459Z,11.5824,125.5773,10,4.6,mb,"11 km E of Lalawigan, Philippines"
2024-11-28T23:26:45.239Z,-19.6662,169.1273,121.818,4.6,mb,"21 km SW of Isangel, Vanuatu"
2024-11-28T23:25:21.120Z,-29.0783,-177.3958,63.254,4.7,mb,"Kermadec Islands, New Zealand"
2024-11-28T21:55:24.661Z,-3.8465,100.528,10,4.6,mb,"193 km W of Bengkulu, Indonesia"
2024-11-28T19:28:43.622Z,34.2474,141.8469,10,4.8,mb,"171 km SE of Shinmachi, Japan"
2024-11-28T18:41:42.973Z,-28.9149,-176.9352,35,5,mww,Kermadec Islands region
2024-11-28T17:23:33.290Z,-5.5325,147.5076,196.182,4.5,mb,"119 km NNW of Finschhafen, Papua New Guinea"
2024-11-28T15:40:55.370Z,-20.3197,67.89,10,5,mww,Mid-Indian Ridge
2024-11-28T15:38:34.996Z,-20.3354,67.9316,10,4.7,mb,Mid-Indian Ridge
2024-11-28T10:49:00.723Z,36.6297,71.2277,227.574,4.9,mb,"27 km WSW of Ashkāsham, Afghanistan"
2024-11-28T08:31:06.405Z,36.9025,136.3895,10,4.5,mwr,"35 km W of Hakui, Japan"
2024-11-28T01:52:30.359Z,43.4651,-127.258,10,4.6,mww,"234 km W of Bandon, Oregon"
2024-11-27T22:03:56.840Z,-37.6381,179.6542,19,5.8,mww,"119 km E of Hicks Bay, New Zealand"
2024-11-27T21:58:45.297Z,15.4608,120.8046,182,5.7,mww,"1 km NNE of Concepcion, Philippines"
2024-11-27T20:34:40.038Z,48.5992,100.2142,10,5,mb,"109 km SSW of Tsengel, Mongolia"
2024-11-27T20:31:40.824Z,40.4137,77.8019,10,4.5,mwr,"123 km WNW of Tumxuk, China"
2024-11-27T18:06:50.098Z,-59.2025,149.2152,10,5,mww,west of Macquarie Island
2024-11-27T18:04:59.046Z,11.2158,125.8036,35,4.5,mb,"16 km ENE of Salcedo, Philippines"
2024-11-27T17:31:03.010Z,37.3462,71.5418,117.595,4.6,mww,"15 km S of Khorugh, Tajikistan"
2024-11-27T15:59:18.311Z,-60.2074,-47.5428,10,4.9,mww,Scotia Sea
2024-11-27T15:46:15.608Z,27.7339,52.2669,10,4.5,mb,"63 km WNW of Mohr, Iran"
2024-11-27T15:32:24.165Z,24.0475,121.7131,45.962,4.6,mwr,"13 km NE of Hualien City, Taiwan"
2024-11-27T12:33:13.962Z,10.1362,125.6025,115.826,4.9,mww,"19 km N of Dinagat, Philippines"
2024-11-27T08:59:03.951Z,9.1414,126.6882,6.194,5,mb,"49 km ENE of Bacolod, Philippines"
2024-11-27T00:47:14.960Z,6.1006,128.2035,10,4.5,mb,"220 km ESE of San Ignacio, Philippines"
2024-11-27T00:05:37.490Z,-11.2852,-74.886,104.964,4.6,mb,"19 km NW of Mariposa, Peru"
2024-11-26T21:01:48.220Z,49.307,155.4628,51.585,5.4,mww,"159 km SSW of Severo-Kuril’sk, Russia"
2024-11-26T17:19:47.342Z,37.0193,136.3818,10,4.9,mww,"38 km WNW of Hakui, Japan"
2024-11-26T15:34:28.836Z,-11.9665,166.5209,132.776,4.5,mb,"158 km SSE of Lata, Solomon Islands"
2024-11-26T14:52:52.173Z,37.014,136.4042,10.46,4.9,mww,"36 km WNW of Hakui, Japan"
2024-11-26T14:46:47.488Z,-39.1206,174.834,208.389,4.9,mb,"51 km NNW of Jerusalem, New Zealand"
2024-11-26T13:47:03.411Z,36.9549,136.3653,8,6.1,mww,"38 km WNW of Hakui, Japan"
2024-11-26T13:01:14.469Z,10.0072,126.4594,5.267,4.5,mb,"42 km ENE of Pilar, Philippines"
2024-11-26T12:57:12.179Z,10.0247,126.4913,10,4.6,mb,"46 km ENE of Pilar, Philippines"
2024-11-26T12:33:09.423Z,-30.4554,-71.3521,47.097,5.1,mww,"21 km NW of Ovalle, Chile"
2024-11-26T12:18:13.433Z,41.1111,140.6858,123.122,4.8,mb,"14 km N of Yomogita, Japan"
2024-11-26T09:41:15.521Z,15.9222,120.2381,58.963,4.5,mb,"3 km SE of Umanday Centro, Philippines"
2024-11-26T08:03:26.083Z,24.848,96.1065,10,4.9,mb,"131 km WNW of Bhamo, Myanmar"
2024-11-26T07:55:04.469Z,-2.903,129.3838,10,5,mb,"63 km NE of Masohi, Indonesia"
2024-11-26T04:31:21.640Z,38.7149,142.1147,44.201,5.3,mww,"52 km SE of Ōfunato, Japan"
2024-11-26T01:54:45.095Z,-20.5815,-178.7364,607.398,4.8,mb,Fiji region
2024-11-25T23:56:28.466Z,13.8628,-92.5928,14.35,4.7,mww,"83 km SSW of Ocós, Guatemala"
2024-11-25T19:18:16.011Z,4.3722,126.1791,79.965,4.5,mb,"138 km SE of Sarangani, Philippines"
2024-11-25T18:42:15.117Z,44.2913,79.8235,26.665,4.5,mwr,"20 km NW of Zharkent, Kazakhstan"
2024-11-25T15:37:42.187Z,29.2609,140.7624,94.022,5,mww,"Izu Islands, Japan region"
2024-11-25T15:15:35.778Z,-5.6984,-109.0735,10,4.6,mb,central East Pacific Rise
2024-11-25T15:13:23.372Z,-22.0612,-176.0954,78.885,4.9,mb,"128 km SW of Houma, Tonga"
2024-11-25T14:10:27.219Z,-15.1956,-172.9208,10,4.8,mb,"125 km NE of Hihifo, Tonga"
2024-11-25T12:13:43.702Z,-17.3177,-178.863,527.982,4.5,mb,"210 km ENE of Levuka, Fiji"
2024-11-25T08:24:36.722Z,47.5643,-128.8932,10,4.8,mww,"283 km SW of Tofino, Canada"
2024-11-25T06:10:41.829Z,25.872,128.5362,10,4.9,mb,"83 km SE of Katsuren-haebaru, Japan"
2024-11-25T04:51:31.827Z,6.7154,-73.0998,160.779,4.6,mb,"1 km SSW of Jordán, Colombia"
2024-11-24T23:32:53.814Z,31.0288,141.3959,35,4.5,mb,"Izu Islands, Japan region"
2024-11-24T18:07:12.523Z,-32.4897,-177.6823,10,4.7,mb,south of the Kermadec Islands
2024-11-24T16:18:59.569Z,-29.956,75.2547,10,4.6,mb,Mid-Indian Ridge
2024-11-24T15:28:06.991Z,21.0242,-45.6921,10,4.5,mb,northern Mid-Atlantic Ridge
2024-11-24T14:59:30.449Z,-17.7621,167.6633,10,4.6,mb,"69 km W of Port-Vila, Vanuatu"
2024-11-24T14:19:14.903Z,-21.9684,-179.5252,591.053,4.6,mb,Fiji region
2024-11-24T14:05:07.331Z,-55.1988,-1.6682,10,4.5,mb,Bouvet Island region
2024-11-24T12:57:19.040Z,-22.4159,-68.4407,114.69,4.8,mww,"49 km E of Calama, Chile"
2024-11-24T11:06:31.656Z,40.9697,142.8284,34.27,4.6,mb,"123 km ENE of Hachinohe, Japan"
2024-11-24T10:48:39.424Z,-29.7749,-178.9458,218.627,4.5,mb,"Kermadec Islands, New Zealand"
2024-11-24T07:58:36.433Z,-11.2689,34.7704,10,5,mb,"1 km NNE of Mbamba Bay, Tanzania"
2024-11-24T01:36:44.135Z,-7.5685,127.8432,175.47,4.9,mb,"140 km NE of Lospalos, Timor Leste"
2024-11-24T01:08:02.386Z,-23.4319,-115.0554,10,4.9,mb,southern East Pacific Rise
2024-11-24T00:30:25.518Z,-15.5454,167.8007,159.91,4.5,mb,"68 km E of Luganville, Vanuatu"
2024-11-23T23:55:54.209Z,-55.584,158.4021,10,5.1,mb,Macquarie Island region
2024-11-23T23:53:29.375Z,45.5317,119.5357,10,4.5,mb,"207 km WSW of Ulanhot, China"
2024-11-23T23:22:32.228Z,40.2025,142.3269,62.367,4.7,mww,"44 km ENE of Noda, Japan"
2024-11-23T19:24:29.576Z,5.5052,126.9072,85.727,4.6,mb,"124 km SE of Pondaguitan, Philippines"
2024-11-23T19:04:30.553Z,-17.8504,-178.5153,587.878,5.9,mww,"230 km E of Levuka, Fiji"
2024-11-23T17:25:52.307Z,-17.7647,167.6439,10,4.6,mb,"71 km W of Port-Vila, Vanuatu"
2024-11-23T15:45:46.473Z,-26.4903,-176.2106,10,4.5,mb,south of the Fiji Islands
2024-11-23T14:43:18.846Z,-4.1071,142.954,89.517,5,mww,"19 km NE of Ambunti, Papua New Guinea"
2024-11-23T14:13:24.786Z,-28.6843,-176.5695,10,4.7,mb,Kermadec Islands region
2024-11-23T12:07:57.531Z,-2.9301,145.8812,10,4.8,mb,"183 km WSW of Lorengau, Papua New Guinea"
2024-11-23T11:31:39.243Z,-0.1185,130.1043,10,4.5,mb,"46 km WNW of Waisai, Indonesia"
2024-11-23T10:47:50.678Z,-2.8084,145.7523,10,5.1,mb,"189 km WSW of Lorengau, Papua New Guinea"
2024-11-23T10:25:35.232Z,-2.8697,145.7214,10,5.1,mb,"195 km WSW of Lorengau, Papua New Guinea"
2024-11-23T08:33:03.377Z,39.3572,71.8331,9.151,4.9,mww,"29 km ENE of Karakenja, Tajikistan"
2024-11-23T04:58:52.248Z,2.2558,128.0003,170.426,4.5,mb,"58 km N of Tobelo, Indonesia"
2024-11-23T00:26:27.653Z,-52.8119,19.8222,10,4.7,mb,southwest of Africa
2024-11-22T21:59:21.125Z,0.3333,122.1695,142.925,4.5,mb,"101 km WSW of Gorontalo, Indonesia"
2024-11-22T15:22:03.056Z,-0.0408,123.9169,100.713,4.8,mb,"79 km SW of Modisi, Indonesia"
2024-11-22T14:25:41.076Z,46.4814,153.3016,10,4.5,mb,Kuril Islands
2024-11-22T12:40:19.019Z,23.1252,120.2224,10,4.9,mwr,"11 km NNW of Yongkang, Taiwan"
2024-11-22T11:25:19.848Z,-53.0712,19.6854,10,5,mb,southwest of Africa
2024-11-22T11:07:50.337Z,-41.3812,-85.4577,10,4.8,mb,West Chile Rise
2024-11-22T11:04:58.589Z,-40.3751,-85.3557,10,4.7,mb,West Chile Rise
2024-11-22T11:03:27.442Z,-52.5625,19.9052,10,4.5,mb,southwest of Africa
2024-11-22T10:34:12.994Z,-52.6295,19.9616,10,4.7,mb,southwest of Africa
2024-11-22T09:29:49.069Z,36.4388,26.7603,127.172,4.6,mb,"38 km SSW of Kéfalos, Greece"
2024-11-22T09:24:10.495Z,-10.1983,-75.5463,10,4.7,mb,"44 km NNW of Oxapampa, Peru"
2024-11-22T08:31:05.892Z,0.4742,126.6396,56.986,4.5,mb,"89 km WSW of Ternate, Indonesia"
2024-11-22T07:51:05.718Z,2.5891,128.2336,68.892,5.1,mww,"98 km NNE of Tobelo, Indonesia"
2024-11-22T05:43:31.502Z,26.2377,125.024,10,4.5,mb,"161 km N of Hirara, Japan"
2024-11-22T03:44:40.893Z,6.8423,126.5548,108.561,4.5,mb,"23 km SE of Lukatan, Philippines"
2024-11-22T02:30:27.675Z,-17.5859,-69.5258,165.843,4.9,mb,"50 km ENE of Palca, Peru"
2024-11-22T02:08:44.730Z,-50.3328,112.6582,10,4.6,mb,southeast Indian Ridge
2024-11-22T02:03:21.499Z,-33.1925,-179.1526,60.374,4.6,mb,south of the Kermadec Islands
2024-11-21T22:08:01.067Z,-58.9276,-25.6304,69.335,4.9,mb,South Sandwich Islands region
2024-11-21T19:30:05.958Z,-7.9299,122.9502,237.307,4.6,mb,"111 km NE of Maumere, Indonesia"
2024-11-21T17:28:21.963Z,31.7767,131.5927,35,4.8,mb,"22 km SE of Miyazaki, Japan"
2024-11-21T16:35:56.072Z,17.9819,-102.4291,36.197,4.5,mb,"6 km WSW of El Habillal, Mexico"
2024-11-21T15:47:51.939Z,12.2138,-88.0878,50.114,4.5,mb,"90 km SW of Jiquilillo, Nicaragua"
2024-11-21T15:39:48.401Z,11.7017,144.3333,10,5,mww,"176 km SSW of Merizo Village, Guam"
2024-11-21T15:31:49.434Z,12.3167,-88.2027,54.371,4.6,mb,"94 km WSW of Jiquilillo, Nicaragua"
2024-11-21T15:18:43.631Z,-19.4579,-177.0411,329.694,4.8,mb,"262 km NW of Houma, Tonga"
2024-11-21T14:17:34.785Z,13.6374,145.3044,83.497,4.6,mb,"46 km ENE of Yigo Village, Guam"
2024-11-21T12:12:53.535Z,-2.32,138.9634,35.773,5.2,mb,"188 km W of Abepura, Indonesia"
2024-11-21T11:19:23.279Z,-22.1188,-179.6301,586.691,4.6,mb,south of the Fiji Islands
2024-11-21T10:56:35.973Z,-0.0901,124.2163,10,4.5,mb,"64 km SSW of Modisi, Indonesia"
2024-11-21T09:45:47.640Z,-16.3031,-176.3279,373.882,4.5,mb,"273 km W of Hihifo, Tonga"
2024-11-21T04:59:15.218Z,29.2777,51.2977,10,5,mb,"7 km E of Borāzjān, Iran"
2024-11-21T02:23:43.731Z,8.0131,-82.8917,10,4.8,mww,"3 km SW of Burica, Panama"
2024-11-21T01:42:21.021Z,79.7448,2.3153,10,4.5,mb,Greenland Sea
2024-11-20T19:30:49.998Z,13.2629,124.8657,25.602,4.5,mb,"69 km NNW of Cabodiongan, Philippines"
2024-11-20T18:44:13.288Z,-17.1616,-174.4037,169.488,5.1,mww,"148 km SSW of Hihifo, Tonga"
2024-11-20T15:09:04.939Z,46.4137,136.0994,437.348,5.1,mb,"21 km ESE of Vostok, Russia"
2024-11-20T14:55:42.678Z,18.1848,145.4512,289.199,5,mb,"Pagan region, Northern Mariana Islands"
2024-11-20T14:51:16.096Z,-18.9765,169.2885,217.543,4.6,mb,"62 km N of Isangel, Vanuatu"
2024-11-20T14:43:51.351Z,79.8553,1.618,2.408,5.7,mww,Greenland Sea
2024-11-20T10:42:56.316Z,-20.7318,-176.3434,212.565,5.5,mww,"118 km WNW of Houma, Tonga"
2024-11-20T09:26:28.745Z,-12.0635,165.7646,10,5.3,mww,"148 km S of Lata, Solomon Islands"
2024-11-20T08:09:51.060Z,38.0348,141.7745,69.197,4.5,mwr,"53 km SSE of Onagawa Chō, Japan"
2024-11-20T06:40:15.398Z,41.0576,141.0694,10,4.9,mww,"15 km W of Yokohama, Japan"
2024-11-20T04:21:33.100Z,12.4768,93.1336,74.037,4.7,mb,"97 km NNE of Bamboo Flat, India"
2024-11-20T04:06:52.201Z,-57.2773,-25.3447,10,4.6,mb,South Sandwich Islands region
2024-11-20T04:03:35.529Z,-56.4086,-5.8372,10,4.8,mb,southern Mid-Atlantic Ridge
2024-11-20T02:55:34.487Z,-52.4339,16.4074,10,4.5,mb,southwest of Africa
2024-11-20T01:41:02.811Z,44.7765,149.9122,48.038,4.7,mb,"168 km ESE of Kuril’sk, Russia"
2024-11-20T00:05:07.793Z,-30.2168,-177.463,39.402,4.6,mb,"Kermadec Islands, New Zealand"
2024-11-19T23:38:29.955Z,-17.8812,167.473,10,4.6,mb,"90 km W of Port-Vila, Vanuatu"
2024-11-19T20:50:43.859Z,-8.8591,122.0598,105.516,4.5,mb,"31 km SSW of Maumere, Indonesia"
2024-11-19T18:36:11.645Z,34.0768,138.3387,249.022,5,mww,"59 km S of Ōyama, Japan"
2024-11-19T14:56:40.701Z,14.5488,-90.7382,179.148,4.7,mb,"1 km SSW of Antigua Guatemala, Guatemala"
2024-11-19T12:28:14.019Z,-8.1086,107.4066,48.061,4.6,mb,"101 km S of Banjar, Indonesia"
2024-11-19T12:23:23.078Z,25.7325,142.5252,10,4.6,mb,"Volcano Islands, Japan region"
2024-11-19T08:34:02.404Z,6.1462,126.1658,105.102,5.1,mww,"23 km S of Pondaguitan, Philippines"
2024-11-19T07:41:06.690Z,-28.0002,-177.2911,54.764,4.5,mb,Kermadec Islands region
2024-11-19T04:35:55.529Z,-27.2979,67.0955,10,4.5,mb,Indian Ocean Triple Junction
2024-11-19T03:11:16.984Z,-4.5104,153.4347,118.281,4.5,mb,"130 km E of Kokopo, Papua New Guinea"
2024-11-19T02:41:52.175Z,-21.0456,-175.7525,8,5.6,mww,"48 km WNW of Houma, Tonga"
2024-11-19T01:22:48.371Z,-22.9391,-176.9154,10,4.5,mb,"257 km SW of Houma, Tonga"
2024-11-19T01:07:10.532Z,31.9266,140.8768,54.639,4.7,mb,"Izu Islands, Japan region"
2024-11-18T21:42:16.442Z,18.4948,145.8046,208.932,4.6,mb,"Pagan region, Northern Mariana Islands"
2024-11-18T20:50:31.213Z,17.5973,119.5156,10,4.7,mb,"89 km W of Cabittaogan, Philippines"
2024-11-18T17:59:40.656Z,-12.0021,166.0439,10,4.7,mb,"143 km S of Lata, Solomon Islands"
2024-11-18T15:00:24.219Z,41.3433,-29.311,10,4.6,mb,"260 km NE of Santa Cruz das Flores, Portugal"
2024-11-18T14:51:20.371Z,-33.4273,57.2272,10,4.5,mb,Southwest Indian Ridge
2024-11-18T13:04:46.930Z,-16.7769,-72.6393,53.718,4.6,mwr,"18 km SSE of Camaná, Peru"
2024-11-18T07:25:11.022Z,25.1646,142.6107,10,4.6,mb,"Volcano Islands, Japan region"
2024-11-18T07:06:26.733Z,29.8092,92.13,10,4.5,mb,"101 km E of Lhasa, China"
2024-11-18T07:01:58.960Z,29.8909,92.1777,10,4.7,mb,"107 km ENE of Lhasa, China"
2024-11-18T05:24:16.424Z,-56.4573,147.3488,10,4.9,mb,west of Macquarie Island
2024-11-18T05:20:46.695Z,-49.6164,116.4295,10,4.5,mb,western Indian-Antarctic Ridge
2024-11-18T04:57:10.969Z,-34.4713,55.1557,10,4.9,mb,Southwest Indian Ridge
2024-11-18T03:35:34.227Z,20.7794,121.9014,18.497,5.1,mb,"37 km N of Basco, Philippines"
2024-11-18T02:18:49.956Z,15.097,147.1498,10,5.1,mb,"150 km E of Saipan, Northern Mariana Islands"
2024-11-18T00:00:45.051Z,-12.7093,-14.5935,10,5,mb,southern Mid-Atlantic Ridge
2024-11-17T23:26:48.458Z,-9.4678,113.8784,48.28,4.5,mb,"122 km SSW of Gambiran Satu, Indonesia"
2024-11-17T23:24:31.378Z,-12.797,-14.6199,10,4.9,mb,southern Mid-Atlantic Ridge
2024-11-17T23:16:14.225Z,-12.7831,-14.711,10,5,mb,southern Mid-Atlantic Ridge
2024-11-17T23:05:54.744Z,-12.8337,-14.9719,10,5.1,mb,southern Mid-Atlantic Ridge
2024-11-17T23:01:10.713Z,-1.7787,139.4504,10,4.8,mb,"159 km NW of Abepura, Indonesia"
2024-11-17T20:45:07.237Z,37.2211,68.8368,10,4.5,mb,"5 km E of Qarāwul, Afghanistan"
2024-11-17T18:55:36.976Z,-4.7992,153.2955,63.576,5.1,mww,"124 km ESE of Kokopo, Papua New Guinea"
2024-11-17T18:39:54.444Z,3.2614,88.6924,10,4.5,mb,North Indian Ocean
2024-11-17T18:37:06.459Z,-16.1728,-172.7964,10,4.5,mb,"109 km ESE of Hihifo, Tonga"
2024-11-17T17:23:51.552Z,21.3822,143.7554,10,4.5,mb,Mariana Islands region
2024-11-17T14:14:02.939Z,-24.2112,179.8941,515.2,4.8,mb,south of the Fiji Islands
2024-11-17T12:16:29.874Z,29.0424,131.3968,8,6.1,mww,"156 km SSE of Koshima, Japan"
2024-11-17T04:26:43.817Z,0.7672,126.0316,40.002,4.9,mb,"125 km SE of Bitung, Indonesia"
2024-11-17T04:14:38.099Z,-24.2119,179.9889,514.008,4.5,mb,south of the Fiji Islands
2024-11-16T23:49:30.546Z,37.0996,71.2466,99.394,4.5,mb,"45 km NE of Jurm, Afghanistan"
2024-11-16T18:35:17.573Z,-0.0453,99.5357,96.702,4.5,mb,"90 km NW of Pariaman, Indonesia"
2024-11-16T18:19:47.940Z,13.0788,144.8546,51.681,4.5,mb,"24 km SSE of Inarajan Village, Guam"
2024-11-16T16:39:15.415Z,-17.6376,-178.8675,542.916,4.6,mb,"198 km ENE of Levuka, Fiji"
2024-11-16T15:43:59.785Z,-14.8219,167.2572,129.55,4.9,mb,"31 km NE of Port-Olry, Vanuatu"
2024-11-16T15:28:38.970Z,1.4242,98.3549,75.127,4.9,mb,"58 km SW of Sibolga, Indonesia"
2024-11-16T14:15:52.873Z,-23.1064,-67.9729,134.316,4.5,mb,"31 km SE of San Pedro de Atacama, Chile"
2024-11-16T13:47:35.807Z,53.1113,159.8822,56.37,5,mww,"84 km E of Petropavlovsk-Kamchatsky, Russia"
2024-11-16T12:22:17.410Z,41.0392,141.0132,9.94,5,mb,"14 km NNE of Hiranai, Japan"
2024-11-16T11:58:32.568Z,-5.3391,151.4016,93.831,4.9,mb,"142 km E of Kimbe, Papua New Guinea"
2024-11-16T09:50:15.653Z,17.7624,-61.4983,24.461,4.6,mwr,"37 km ENE of Codrington, Antigua and Barbuda"
2024-11-16T08:22:26.471Z,-12.1604,166.651,119.062,5.4,mww,"184 km SSE of Lata, Solomon Islands"
2024-11-16T07:25:57.285Z,-55.9341,-26.4893,10,4.6,mb,South Sandwich Islands region
2024-11-16T07:03:06.199Z,14.2387,-93.0921,10,4.9,mww,"89 km SW of Puerto Madero, Mexico"
2024-11-16T03:51:18.038Z,-19.1017,-177.5847,535.594,4.6,mb,Fiji region
2024-11-16T02:17:09.831Z,-15.2575,-13.402,10,5.1,mww,southern Mid-Atlantic Ridge
2024-11-15T23:05:32.608Z,-19.5791,-174.1464,10,4.8,mb,"26 km NE of Fangale’ounga, Tonga"
2024-11-15T21:11:49.989Z,17.7746,-61.5099,28.025,5,mww,"36 km ENE of Codrington, Antigua and Barbuda"
2024-11-15T18:03:43.085Z,-4.5782,153.4185,112.769,4.6,mb,"130 km ESE of Kokopo, Papua New Guinea"
2024-11-15T17:58:51.265Z,35.8011,140.7467,50.526,4.7,mww,"10 km NW of Hasaki, Japan"
2024-11-15T17:57:24.538Z,-4.5001,153.4014,114.981,4.5,mb,"126 km E of Kokopo, Papua New Guinea"
2024-11-15T15:41:05.650Z,36.0525,140.8439,53.349,4.5,mb,"20 km ENE of Kashima-shi, Japan"
2024-11-15T14:05:25.578Z,-23.4331,170.6896,13.882,4.9,mb,southeast of the Loyalty Islands
2024-11-15T11:38:17.024Z,-23.4723,170.5049,10,5,mb,southeast of the Loyalty Islands
2024-11-15T11:34:47.946Z,-6.252,129.7799,10,4.6,mb,Banda Sea
2024-11-15T10:51:25.546Z,-5.6122,151.5265,51.718,4.6,mb,"154 km E of Kimbe, Papua New Guinea"
2024-11-15T10:41:07.227Z,-61.2858,153.9957,10,5.5,mww,Balleny Islands region
2024-11-15T10:39:23.706Z,-61.4248,154.2239,10,4.5,mb,Balleny Islands region
2024-11-15T10:38:56.697Z,-4.2103,143.6146,10,4.5,mb,"52 km WSW of Angoram, Papua New Guinea"
2024-11-15T09:11:02.560Z,-4.8293,153.137,66.809,4.6,mb,"110 km ESE of Kokopo, Papua New Guinea"
2024-11-15T09:02:01.836Z,41.0371,40.882,10,4.5,mwr,"2 km WNW of Nurluca, Turkey"
2024-11-15T08:41:47.013Z,-19.3958,-172.9908,10,5.4,mb,"133 km SE of Neiafu, Tonga"
2024-11-15T07:46:20.265Z,37.9554,37.6128,6.57,4.9,mwr,"15 km E of Nurhak, Turkey"
2024-11-15T07:45:09.642Z,-5.6835,152.025,48.263,4.6,mb,"150 km S of Kokopo, Papua New Guinea"
2024-11-15T07:29:20.437Z,-5.8798,147.4761,88.534,4.8,mb,"85 km NNW of Finschhafen, Papua New Guinea"
2024-11-15T05:28:30.650Z,-4.7548,153.2923,56,6.6,mww,"122 km ESE of Kokopo, Papua New Guinea"
2024-11-15T03:59:22.357Z,-31.1362,-176.5246,10,4.5,mb,Kermadec Islands region
2024-11-15T03:46:47.213Z,6.6353,-82.3689,10,4.9,mww,"164 km SSE of Burica, Panama"
2024-11-15T02:17:08.228Z,51.7219,-173.6364,43.707,4.7,mb,"65 km SE of Atka, Alaska"
2024-11-15T02:08:13.027Z,0.476,126.7461,66.17,4.6,mb,"79 km WSW of Ternate, Indonesia"
2024-11-15T00:18:53.328Z,25.3423,142.7027,23.354,4.6,mb,"Volcano Islands, Japan region"
2024-11-15T00:11:57.919Z,51.5497,-178.2559,51.802,5.1,mb,"117 km WSW of Adak, Alaska"
2024-11-14T21:49:14.072Z,51.7938,-178.5843,91.053,4.7,mb,"134 km W of Adak, Alaska"
2024-11-14T19:08:17.852Z,-6.0117,104.3629,92.099,5.1,mb,"118 km WSW of Bandar Lampung, Indonesia"
2024-11-14T17:51:37.077Z,-0.2281,127.0888,38.646,4.7,mb,"61 km NW of Labuha, Indonesia"
2024-11-14T11:15:12.381Z,38.7407,142.6363,41.181,4.5,mb,"87 km ESE of Ōfunato, Japan"
2024-11-14T09:37:05.117Z,11.9804,92.8301,56.21,4.6,mb,"33 km NNE of Bamboo Flat, India"
2024-11-14T09:16:31.724Z,16.47,-98.4401,41.058,5,mb,"2 km W of Cuajinicuilapa, Mexico"
2024-11-14T07:54:45.184Z,-22.178,-179.6578,607.134,4.5,mb,south of the Fiji Islands
2024-11-14T02:38:16.293Z,23.8553,121.676,27.476,4.6,mwr,"15 km SSE of Hualien City, Taiwan"
2024-11-14T02:12:06.078Z,29.188,130.1348,60.557,4.5,mb,"97 km NNE of Tatsugō, Japan"
2024-11-14T00:44:39.844Z,36.3385,-33.7911,10,4.6,mb,Azores Islands region
2024-11-14T00:02:14.259Z,39.9904,141.5193,80.608,4.5,mb,"8 km SE of Kuzumaki, Japan"
2024-11-13T18:40:42.360Z,-5.0587,102.2493,18.592,4.9,mb,"139 km S of Bengkulu, Indonesia"
2024-11-13T16:51:09.615Z,-29.8593,-177.2971,54.389,4.5,mb,"Kermadec Islands, New Zealand"
2024-11-13T16:34:06.010Z,31.7007,140.5693,60.722,4.5,mb,"Izu Islands, Japan region"
2024-11-13T15:47:56.598Z,36.5366,70.8309,222.409,4.9,mb,"36 km S of Jurm, Afghanistan"
2024-11-13T10:20:37.127Z,13.9983,145.5315,92.568,4.5,mb,"86 km NE of Yigo Village, Guam"
2024-11-13T07:14:41.426Z,20.8444,-45.5943,10,4.7,mb,northern Mid-Atlantic Ridge
2024-11-13T05:23:00.735Z,25.38,142.6328,10,4.6,mb,"Volcano Islands, Japan region"
2024-11-13T05:21:51.221Z,-22.3983,170.9583,10,4.8,mb,southeast of the Loyalty Islands
2024-11-13T05:13:20.904Z,36.5137,71.1648,231.72,5,mb,"37 km WSW of Ashkāsham, Afghanistan"
2024-11-13T04:15:07.727Z,29.695,92.3151,10,4.5,mb,"117 km E of Lhasa, China"
2024-11-13T02:51:17.060Z,15.9496,147.2513,10,4.6,mb,"180 km ENE of Saipan, Northern Mariana Islands"
2024-11-13T01:41:08.033Z,-8.2506,107.8746,82.375,4.9,mb,"102 km SSW of Singaparna, Indonesia"
2024-11-13T01:29:31.195Z,-58.7095,-24.8231,21.151,5.1,mb,South Sandwich Islands region
2024-11-13T00:20:04.590Z,16.2026,-98.5442,10,4.9,mb,"18 km SW of Santiago Tepextla, Mexico"
2024-11-13T00:18:23.349Z,16.2665,-98.4105,13.807,5,mww,"8 km SSW of Santo Domingo Armenta, Mexico"
2024-11-12T16:36:13.400Z,-55.4768,-3.4351,10,4.6,mb,southern Mid-Atlantic Ridge
2024-11-12T16:10:25.688Z,-1.2366,-13.441,10,4.9,mb,north of Ascension Island
2024-11-12T16:08:42.376Z,-1.3352,-13.2522,10,5.4,mb,north of Ascension Island
2024-11-12T14:41:38.243Z,29.6823,92.1177,10,4.5,mb,"98 km E of Lhasa, China"
2024-11-12T14:31:59.248Z,-4.6006,152.4987,87.552,5.3,mww,"38 km SE of Kokopo, Papua New Guinea"
2024-11-12T13:48:50.508Z,36.2683,141.3038,42.747,4.5,mb,"64 km E of Ōarai, Japan"
2024-11-12T09:58:43.471Z,27.1144,130.008,10,4.6,mb,"122 km ESE of Isen, Japan"
2024-11-12T09:24:29.442Z,0.5861,126.1349,34.193,5.2,mww,"140 km W of Ternate, Indonesia"
2024-11-12T06:26:33.452Z,-3.1717,123.4898,17.803,4.6,mb,"140 km NE of Kendari, Indonesia"
2024-11-12T05:59:44.596Z,-3.2538,123.3877,10,4.7,mb,"125 km NE of Kendari, Indonesia"
2024-11-12T01:23:24.997Z,5.6605,126.5877,10,4.5,mb,"89 km SSE of Pondaguitan, Philippines"
2024-11-11T23:56:24.095Z,55.8361,165.5618,10,4.9,mww,"197 km ESE of Ust’-Kamchatsk Staryy, Russia"
2024-11-11T22:10:08.993Z,-20.4492,-177.7495,418.454,4.9,mb,"266 km WNW of Houma, Tonga"
2024-11-11T20:21:24.907Z,46.4942,153.902,10,4.6,mb,Kuril Islands
2024-11-11T13:35:31.309Z,-5.404,125.7974,517.961,5,mb,Banda Sea
2024-11-11T13:22:11.982Z,20.108,145.5778,10,4.6,mb,"Maug Islands region, Northern Mariana Islands"
2024-11-11T11:50:57.184Z,30.7925,139.8704,186.57,4.8,mb,"Izu Islands, Japan region"
2024-11-11T10:16:53.821Z,20.1687,145.7964,8,5.5,mww,"Maug Islands region, Northern Mariana Islands"
2024-11-11T10:08:20.774Z,-4.957,132.1086,22.782,5,mb,"103 km NW of Tual, Indonesia"
2024-11-11T09:25:20.007Z,20.0986,145.3951,10,4.9,mb,"Maug Islands region, Northern Mariana Islands"
2024-11-11T09:16:38.453Z,20.2855,145.6203,10,4.5,mb,"Maug Islands region, Northern Mariana Islands"
2024-11-11T07:31:14.780Z,1.4406,126.8457,115.787,4.6,mb,"93 km NW of Ternate, Indonesia"
2024-11-11T07:14:57.140Z,-21.226,-173.8299,10,5,mb,"117 km E of ‘Ohonua, Tonga"
2024-11-11T05:29:24.628Z,29.8708,92.1054,10,4.5,mb,"100 km ENE of Lhasa, China"
2024-11-11T05:06:26.624Z,-17.7156,167.9842,35,4.6,mb,"35 km W of Port-Vila, Vanuatu"
2024-11-11T04:02:54.299Z,-15.1467,-173.3653,10,5,mb,"100 km NNE of Hihifo, Tonga"
2024-11-11T02:34:05.345Z,-14.7561,167.3376,105.084,4.7,mb,"42 km NE of Port-Olry, Vanuatu"
2024-11-11T01:12:39.894Z,-6.955,129.6486,133.249,4.9,mb,Banda Sea
2024-11-10T22:35:13.094Z,-4.9353,132.0487,10,5.1,mb,"109 km NW of Tual, Indonesia"
2024-11-10T22:10:05.249Z,-29.7675,-69.429,116.889,4.8,mwr,"84 km NW of San José de Jáchal, Argentina"
2024-11-10T21:29:00.217Z,-4.9172,132.0496,10,5,mb,"110 km NW of Tual, Indonesia"
2024-11-10T20:55:16.115Z,48.9035,153.5007,150.55,4.5,mb,"273 km SW of Severo-Kuril’sk, Russia"
2024-11-10T18:45:37.801Z,19.7614,-77.1136,15.764,4.6,mb,"48 km SSW of Bartolomé Masó, Cuba"
2024-11-10T17:53:19.260Z,-19.0343,169.4737,286.821,4.6,mb,"59 km NNE of Isangel, Vanuatu"
2024-11-10T16:49:50.426Z,19.7974,-77.0506,14,6.8,mww,"42 km SSW of Bartolomé Masó, Cuba"
2024-11-10T16:28:28.767Z,-19.6115,-175.6166,206.93,4.6,mb,"134 km W of Pangai, Tonga"
2024-11-10T15:50:03.006Z,19.8238,-76.9792,19,5.9,mww,"38 km S of Bartolomé Masó, Cuba"
2024-11-10T15:46:58.318Z,-30.4397,-177.747,35,5.1,mww,"Kermadec Islands, New Zealand"
2024-11-10T14:57:44.400Z,25.6608,142.7364,18.98,4.8,mb,"Volcano Islands, Japan region"
2024-11-10T12:11:19.798Z,52.3172,99.1755,10,4.5,mb,"49 km WSW of Orlik, Russia"
2024-11-10T09:43:22.826Z,-20.7394,-178.5362,583.497,5,mb,Fiji region
2024-11-10T08:27:01.499Z,-16.0468,-172.2676,10,4.9,mb,"163 km E of Hihifo, Tonga"
2024-11-10T06:44:27.665Z,-4.1655,-75.4979,10,4.5,mb,"119 km N of Lagunas, Peru"
2024-11-10T05:13:22.899Z,25.6933,142.8168,10,4.9,mb,"Volcano Islands, Japan region"
2024-11-10T03:31:43.649Z,-23.1266,-114.7375,10,4.5,mb,Easter Island region
2024-11-10T00:48:31.711Z,-22.6155,-175.0751,10,4.6,mb,"141 km S of ‘Ohonua, Tonga"
2024-11-09T23:37:55.487Z,-32.1228,-177.9042,10,4.6,mb,south of the Kermadec Islands
2024-11-09T21:20:42.177Z,-4.7329,137.7671,16.647,4.9,mb,"98 km NNW of Agats, Indonesia"
2024-11-09T20:37:50.966Z,45.3508,98.832,10,5,mb,"174 km WSW of Bayanhongor, Mongolia"
2024-11-09T19:30:18.781Z,7.5218,-82.3895,10,5.8,mww,"77 km SE of Burica, Panama"
2024-11-09T19:17:08.015Z,-24.3078,178.9053,540.505,4.7,mb,south of the Fiji Islands
2024-11-09T19:08:50.701Z,-8.0303,162.6435,10,4.9,mb,"229 km ENE of Auki, Solomon Islands"
2024-11-09T18:48:57.561Z,56.4223,-33.9835,10,4.7,mb,Reykjanes Ridge
2024-11-09T15:52:15.327Z,31.0954,131.3565,43.639,4.5,mb,"44 km SSE of Kushima, Japan"
2024-11-09T15:17:46.733Z,25.5225,142.5342,10,4.9,mb,"Volcano Islands, Japan region"
2024-11-09T14:47:17.407Z,24.982,142.7682,10,4.7,mb,"Volcano Islands, Japan region"
2024-11-09T14:13:16.342Z,-30.2297,-176.9789,10,4.6,mb,Kermadec Islands region
2024-11-09T13:45:33.039Z,-25.7465,-13.8406,10,5.1,mb,southern Mid-Atlantic Ridge
2024-11-09T11:04:02.567Z,7.5987,-82.4935,10,4.5,mb,"63 km SE of Burica, Panama"
2024-11-09T10:15:46.730Z,19.6238,-65.3376,74,4.68,md,"142 km NNE of Vieques, Puerto Rico"
2024-11-09T10:03:40.690Z,7.4901,-82.3993,10,5.6,mww,"79 km SE of Burica, Panama"
2024-11-09T08:22:16.526Z,-20.3279,-175.768,143.328,4.8,mb,"105 km NNW of Houma, Tonga"
2024-11-09T07:57:04.989Z,-0.8006,134.4506,24.139,4.6,mb,"43 km E of Manokwari, Indonesia"
2024-11-09T05:00:39.995Z,32.3106,142.4167,10,5,mb,"Izu Islands, Japan region"
2024-11-09T04:48:05.340Z,-30.3928,-177.6139,35,4.5,mb,"Kermadec Islands, New Zealand"
2024-11-09T02:53:38.075Z,0.9901,121.1379,57.398,4.9,mb,"219 km WNW of Gorontalo, Indonesia"
2024-11-09T01:12:43.630Z,10.1406,125.9297,74.91,4.6,mb,"17 km NW of Santa Monica, Philippines"
2024-11-09T00:48:33.569Z,13.6508,120.8082,10,4.5,mb,"6 km W of Tingloy, Philippines"
2024-11-08T23:26:35.662Z,25.4584,142.8157,17.984,5,mb,"Volcano Islands, Japan region"
2024-11-08T20:06:04.887Z,65.3878,-134.6031,7.029,4.9,mww,"273 km ENE of Dawson City, Canada"
2024-11-08T19:58:44.230Z,52.8872,160.6101,35,4.6,mb,"134 km E of Petropavlovsk-Kamchatsky, Russia"
2024-11-08T18:36:49.770Z,24.9393,142.7563,23.669,4.6,mb,"Volcano Islands, Japan region"
2024-11-08T17:06:20.638Z,28.6983,143.33,10,4.5,mb,"Bonin Islands, Japan region"
2024-11-08T16:30:57.548Z,1.0369,94.3751,10,4.5,mb,"274 km SW of Sinabang, Indonesia"
2024-11-08T16:23:58.964Z,-25.2849,179.8278,515.952,4.5,mb,south of the Fiji Islands
2024-11-08T16:17:24.592Z,-25.059,178.7373,584.775,4.6,mb,south of the Fiji Islands
2024-11-08T15:40:31.976Z,53.2388,159.5766,68.314,4.6,mb,"66 km ENE of Petropavlovsk-Kamchatsky, Russia"
2024-11-08T14:50:48.569Z,51.4886,-176.6762,35,4.7,mwr,"42 km S of Adak, Alaska"
2024-11-08T14:04:01.624Z,38.5535,39.7334,10,5.1,mwr,"21 km SSW of Kovancılar, Turkey"
2024-11-08T11:45:32.143Z,-46.8186,-75.8743,10,4.9,mb,"255 km WNW of Cochrane, Chile"
2024-11-08T11:38:00.376Z,-46.7807,-75.6402,10,6.3,mww,"239 km WNW of Cochrane, Chile"
2024-11-08T10:37:42.623Z,-1.4492,-77.4738,190.812,5.1,mww,"58 km E of Puyo, Ecuador"
2024-11-08T08:32:27.106Z,-30.2386,-177.3565,10,4.5,mb,"Kermadec Islands, New Zealand"
2024-11-08T08:01:21.061Z,-4.6843,128.3742,269.174,4.5,mb,"111 km S of Ambon, Indonesia"
2024-11-08T07:25:16.672Z,51.3506,-178.4974,51.845,4.6,mb,"141 km WSW of Adak, Alaska"
2024-11-08T05:00:54.894Z,29.9237,92.2999,10,4.7,mb,"119 km ENE of Lhasa, China"
2024-11-08T02:53:22.982Z,-41.4646,-84.7884,10,5,mb,West Chile Rise
2024-11-08T01:17:19.293Z,25.5033,142.6692,20.73,4.6,mb,"Volcano Islands, Japan region"
2024-11-07T22:21:23.832Z,25.4763,142.6357,10,4.7,mb,"Volcano Islands, Japan region"
2024-11-07T21:43:58.363Z,25.517,142.6672,10,4.6,mb,"Volcano Islands, Japan region"
2024-11-07T20:23:10.093Z,25.5035,142.81,10,4.6,mb,"Volcano Islands, Japan region"
2024-11-07T20:11:24.587Z,25.495,142.7053,10,4.8,mb,"Volcano Islands, Japan region"
2024-11-07T20:07:06.184Z,25.2513,142.6412,10,4.6,mb,"Volcano Islands, Japan region"
2024-11-07T20:06:29.569Z,25.405,142.7163,10,4.5,mb,"Volcano Islands, Japan region"
2024-11-07T19:53:54.072Z,25.4503,142.847,10,5.1,mww,"Volcano Islands, Japan region"
2024-11-07T19:12:30.508Z,25.4715,142.809,10,4.7,mb,"Volcano Islands, Japan region"
2024-11-07T17:07:08.624Z,-5.7403,154.5929,81.698,4.5,mb,"117 km WNW of Panguna, Papua New Guinea"
2024-11-07T16:42:05.663Z,-5.6899,154.3528,97.133,5.2,mww,"143 km WNW of Panguna, Papua New Guinea"
2024-11-07T15:54:07.023Z,25.5299,142.6658,10,4.7,mb,"Volcano Islands, Japan region"
2024-11-07T14:56:58.077Z,-24.2875,-67.9803,111.85,4.8,mb,"154 km S of San Pedro de Atacama, Chile"
2024-11-07T12:05:17.531Z,25.5581,142.3614,10,4.7,mb,"Volcano Islands, Japan region"
2024-11-07T09:07:51.439Z,29.32,130.6568,35,4.9,mb,"102 km S of Koshima, Japan"
2024-11-07T09:06:44.616Z,29.35,130.533,38.916,4.5,mb,"98 km S of Koshima, Japan"
2024-11-07T09:00:06.910Z,-56.2193,-27.4481,119.198,5,mb,South Sandwich Islands region
2024-11-07T06:24:38.457Z,-14.8217,-75.2634,58.442,4.9,mb,"17 km SSW of Changuillo, Peru"
2024-11-07T04:31:33.207Z,-42.2511,74.8589,10,5.4,mww,Mid-Indian Ridge
2024-11-07T04:06:21.305Z,24.9821,142.4641,10,4.5,mb,"Volcano Islands, Japan region"
2024-11-07T02:31:48.513Z,25.3085,142.7458,10,4.6,mb,"Volcano Islands, Japan region"
2024-11-07T02:23:34.230Z,-26.5414,-114.832,10,4.7,mb,Easter Island region
2024-11-07T02:21:28.975Z,-26.6805,-114.7407,10,4.6,mb,Easter Island region
2024-11-07T02:12:33.993Z,25.4531,142.8164,10,5,mb,"Volcano Islands, Japan region"
2024-11-07T01:55:31.511Z,-30.3414,-177.1665,10,5,mww,"Kermadec Islands, New Zealand"
2024-11-07T01:11:47.302Z,25.4937,142.7925,10,5.2,mww,"Volcano Islands, Japan region"
2024-11-06T23:34:31.252Z,25.436,142.3073,10,4.5,mb,"Volcano Islands, Japan region"
2024-11-06T23:06:18.218Z,25.4524,142.6229,10,4.7,mb,"Volcano Islands, Japan region"
2024-11-06T22:59:15.938Z,25.3721,142.6759,10,5.1,mb,"Volcano Islands, Japan region"
2024-11-06T22:59:01.090Z,25.4025,143.156,10,5.1,mb,"Volcano Islands, Japan region"
2024-11-06T22:55:03.607Z,25.4039,142.8586,8,5.8,mww,"Volcano Islands, Japan region"
2024-11-06T20:19:56.281Z,29.8366,92.1951,10,4.7,mb,"107 km E of Lhasa, China"
2024-11-06T18:06:16.520Z,-7.3847,128.9758,117.804,4.5,mb,"251 km ENE of Lospalos, Timor Leste"
2024-11-06T17:19:38.479Z,23.5101,121.6598,25.833,5,mww,"52 km S of Hualien City, Taiwan"
2024-11-06T15:55:08.907Z,-18.1047,-177.8948,435.632,5.9,mww,"295 km E of Levuka, Fiji"
2024-11-06T15:38:47.678Z,-20.895,-178.6489,587.521,5.2,mb,Fiji region
2024-11-06T15:27:44.313Z,-11.804,166.1389,10,4.7,mb,"125 km SSE of Lata, Solomon Islands"
2024-11-06T15:19:34.011Z,-33.4814,-178.1084,10,4.7,mb,south of the Kermadec Islands
2024-11-06T14:36:21.520Z,-4.7663,153.3071,35,5.9,mww,"124 km ESE of Kokopo, Papua New Guinea"
2024-11-06T11:53:49.333Z,1.1198,67.3493,10,4.5,mb,Carlsberg Ridge
2024-11-06T10:36:27.217Z,12.5194,122.9906,10,4.6,mb,"37 km NW of Tumalaytay, Philippines"
2024-11-06T09:14:52.456Z,-3.3482,139.9157,93.05,4.6,mb,"115 km SW of Abepura, Indonesia"
2024-11-06T07:01:19.325Z,-21.346,-68.5477,108.897,4.8,mww,"33 km WSW of Ollagüe, Chile"
2024-11-06T02:12:10.334Z,15.9615,145.804,143.319,4.7,mb,"83 km N of Saipan, Northern Mariana Islands"
2024-11-05T19:39:43.762Z,-12.9033,-75.2219,106,5.7,mww,"18 km NNW of Santa Ana, Peru"
2024-11-05T16:54:43.527Z,-51.4933,139.0678,10,5,mww,western Indian-Antarctic Ridge
2024-11-05T11:42:32.230Z,19.16,-155.51183333333,38.35,4.75,ml,"5 km SW of Pāhala, Hawaii"
2024-11-05T10:14:14.750Z,38.4471,70.5118,10,4.6,mb,"56 km NE of Mŭ’minobod, Tajikistan"
2024-11-05T10:13:20.674Z,38.4037,70.6042,10,4.7,mb,"59 km ENE of Mŭ’minobod, Tajikistan"
2024-11-05T10:06:03.806Z,49.4545,147.111,590.621,5.3,mww,"292 km E of Poronaysk, Russia"
2024-11-05T09:32:49.887Z,33.2506,-39.4937,10,4.5,mb,northern Mid-Atlantic Ridge
2024-11-05T09:27:44.824Z,38.7763,70.3034,10,4.6,mb,"28 km SSW of Rasht, Tajikistan"
2024-11-05T09:03:02.457Z,38.4134,70.4408,10,4.7,mb,"49 km NE of Mŭ’minobod, Tajikistan"
2024-11-05T03:14:06.554Z,5.3197,-77.462,31.25,5,mww,"41 km NNW of Pizarro, Colombia"
2024-11-05T01:48:48.062Z,16.2382,122.1919,35,4.7,mb,"48 km SE of Minuri, Philippines"
2024-11-05T00:31:17.684Z,-20.1847,-174.0652,44.145,5,mb,"50 km SE of Pangai, Tonga"
2024-11-04T22:01:42.236Z,15.1083,147.2253,10,4.5,mb,"158 km E of Saipan, Northern Mariana Islands"
2024-11-04T20:46:24.759Z,25.4627,142.5562,10,4.7,mb,"Volcano Islands, Japan region"
2024-11-04T17:51:00.752Z,-12.3205,166.9492,218.732,4.5,mb,"184 km NNW of Sola, Vanuatu"
2024-11-04T15:03:52.889Z,-17.4156,-69.312,162.256,4.5,mb,"76 km E of Estique, Peru"
2024-11-04T12:49:15.793Z,-20.2997,-177.4928,501.722,4.5,mb,"247 km WNW of Houma, Tonga"
2024-11-04T09:13:54.480Z,-7.4375,128.1796,156.562,4.5,mb,"177 km NE of Lospalos, Timor Leste"
2024-11-04T08:32:26.724Z,8.0352,126.3317,10,4.9,mb,"8 km W of Lingig, Philippines"
2024-11-04T07:57:20.735Z,56.3564,-34.0155,10,4.9,mb,Reykjanes Ridge
2024-11-04T03:26:05.370Z,-8.8571,110.2221,100.629,4.5,mb,"100 km S of Bambanglipuro, Indonesia"
2024-11-04T02:28:35.448Z,-2.2767,99.6667,10,4.5,mb,"28 km SSE of Tuapejat, Indonesia"
2024-11-03T21:18:39.973Z,-18.9485,-66.9227,257.483,4.8,mb,"16 km WSW of Challapata, Bolivia"
2024-11-03T19:48:44.294Z,-53.8626,2.7355,10,4.8,mb,Bouvet Island region
2024-11-03T19:20:50.121Z,25.578,142.7092,10,4.7,mb,"Volcano Islands, Japan region"
2024-11-03T17:09:25.603Z,25.3622,142.5602,10,4.7,mb,"Volcano Islands, Japan region"
2024-11-03T17:07:19.597Z,40.123,23.3314,10,4.6,mb,"5 km WSW of Néa Fókaia, Greece"
2024-11-03T17:03:52.253Z,40.1264,23.2456,9,5.2,mww,"10 km SW of Néa Poteídaia, Greece"
2024-11-03T16:06:40.534Z,-3.3995,145.8329,21.201,4.9,mb,"201 km N of Madang, Papua New Guinea"
2024-11-03T15:34:55.576Z,25.3932,142.6924,21.192,4.8,mb,"Volcano Islands, Japan region"
2024-11-03T14:09:29.380Z,25.3651,142.6095,10,4.9,mb,"Volcano Islands, Japan region"
2024-11-03T13:47:37.828Z,-28.3754,-69.0129,99.987,4.6,mb,"89 km WNW of Vinchina, Argentina"
2024-11-03T12:24:10.202Z,25.3247,142.7618,10,4.6,mb,"Volcano Islands, Japan region"
2024-11-03T12:20:49.175Z,25.3785,142.5678,10,4.7,mb,"Volcano Islands, Japan region"
2024-11-03T12:09:52.136Z,25.4139,142.859,10,5,mb,"Volcano Islands, Japan region"
2024-11-03T12:06:47.034Z,25.4481,142.6118,10,4.9,mb,"Volcano Islands, Japan region"
2024-11-03T11:04:12.410Z,-21.7036,169.6391,10,4.7,mb,"182 km E of Tadine, New Caledonia"
2024-11-03T10:56:48.615Z,51.4799,-175.6197,34,5.8,mww,"82 km ESE of Adak, Alaska"
2024-11-03T08:45:32.506Z,-59.6774,-26.4265,91.455,4.5,mb,South Sandwich Islands region
2024-11-03T07:57:27.845Z,-7.5443,126.7189,251.124,4.9,mb,"107 km NNE of Baukau, Timor Leste"
2024-11-03T05:59:52.791Z,-5.5041,152.0033,50.72,4.9,mb,"131 km SSW of Kokopo, Papua New Guinea"
2024-11-03T05:23:05.669Z,25.5328,128.8281,10,4.6,mb,"130 km SE of Katsuren-haebaru, Japan"
2024-11-03T04:04:04.506Z,-35.6965,-69.4927,188.15,5.4,mww,"130 km NNE of Barrancas, Argentina"
2024-11-03T03:31:13.004Z,-26.4263,-11.4096,10,4.5,mb,southern Mid-Atlantic Ridge
2024-11-03T03:13:24.914Z,-26.6075,-11.3904,10,4.6,mb,southern Mid-Atlantic Ridge
2024-11-03T03:10:37.216Z,-26.3948,-11.442,10,4.5,mb,southern Mid-Atlantic Ridge
2024-11-03T01:46:07.662Z,35.1753,52.388,10,4.6,mb,"9 km SE of Īstgāh-e Rāh Āhan-e Garmsār, Iran"
2024-11-03T01:28:29.500Z,-37.1777,177.4011,137.02,4.6,mb,"92 km WNW of Hicks Bay, New Zealand"
2024-11-02T23:54:16.836Z,0.4689,126.6045,54.404,4.6,mb,"93 km WSW of Ternate, Indonesia"
2024-11-02T21:04:13.578Z,9.2356,40.1179,10,4.7,mb,"28 km N of Āwash, Ethiopia"
2024-11-02T19:59:14.759Z,12.5321,-87.9765,64.288,5.1,mww,"61 km WSW of Jiquilillo, Nicaragua"
2024-11-02T19:28:58.717Z,25.4572,142.7901,10,4.9,mb,"Volcano Islands, Japan region"
2024-11-02T17:18:04.294Z,-18.4284,-177.5162,546.987,4.5,mb,Fiji region
2024-11-02T15:33:18.404Z,52.3722,-165.1204,14.848,4.5,mb,"192 km SSE of Unalaska, Alaska"
2024-11-02T12:17:40.180Z,7.3071,143.2955,10,4.6,mb,"State of Yap, Federated States of Micronesia"
2024-11-02T10:19:44.892Z,-6.2274,103.6412,38.191,4.8,mww,"199 km WSW of Bandar Lampung, Indonesia"
2024-11-02T08:52:58.788Z,-44.3666,-82.1747,10,4.5,mb,West Chile Rise
2024-11-02T08:33:39.924Z,-16.6635,-173.481,37.818,4.6,mb,"85 km SSE of Hihifo, Tonga"
2024-11-02T07:42:14.581Z,-29.6814,-71.2335,68.858,4.8,mwr,"24 km N of La Serena, Chile"
2024-11-02T06:27:33.525Z,21.1754,121.0776,27.867,4.9,mb,"98 km SSE of Hengchun, Taiwan"
2024-11-02T05:50:51.877Z,41.5128,79.3833,10,4.6,mb,"83 km WNW of Aksu, China"
2024-11-02T05:03:54.734Z,-17.9427,-178.5435,571.981,5.4,mww,"227 km E of Levuka, Fiji"
2024-11-01T23:13:52.019Z,52.6805,-35.072,10,4.5,mb,Reykjanes Ridge
2024-11-01T23:00:03.112Z,7.401,126.1641,10,4.6,mb,"21 km ESE of San Mariano, Philippines"
2024-11-01T21:35:46.223Z,33.8593,86.4464,10,4.7,mb,western Xizang
2024-11-01T21:13:22.300Z,9.2572,40.1009,10,4.6,mb,"31 km NNW of Āwash, Ethiopia"
2024-11-01T21:04:32.015Z,28.4681,142.5304,10,4.5,mb,"Bonin Islands, Japan region"
2024-11-01T20:52:24.491Z,-17.4293,167.8896,4.05,4.6,mb,"56 km NW of Port-Vila, Vanuatu"
2024-11-01T20:01:15.039Z,36.2464,70.588,120.222,4.8,mb,"72 km SSW of Jurm, Afghanistan"
2024-11-01T18:55:29.383Z,8.9786,40.1166,10,4.6,mb,"5 km W of Āwash, Ethiopia"
2024-11-01T17:19:13.559Z,-0.5287,125.852,37.961,5.1,mww,"169 km N of Sanana, Indonesia"
2024-11-01T17:05:12.672Z,43.8401,86.3047,11.715,4.6,mb,"55 km SSE of Shihezi, China"
2024-11-01T15:05:41.342Z,19.1147,146.8128,34.882,4.6,mb,Mariana Islands region
2024-11-01T14:16:51.290Z,35.8764,140.8206,44.514,4.6,mwr,"15 km N of Hasaki, Japan"
2024-11-01T12:25:57.451Z,43.2623,144.1462,120.056,4.5,mb,"33 km N of Shiranuka, Japan"
2024-11-01T12:12:10.416Z,25.3306,142.5913,10,4.9,mb,"Volcano Islands, Japan region"
2024-11-01T08:48:09.334Z,-2.713,139.4168,32.937,4.9,mb,"135 km W of Abepura, Indonesia"
2024-11-01T08:33:53.328Z,-9.3289,108.8595,10,4.6,mb,"178 km S of Cilacap, Indonesia"
2024-11-01T08:24:01.506Z,25.28,142.69,10,4.7,mb,"Volcano Islands, Japan region"
2024-11-01T05:38:14.848Z,56.4478,-33.9482,10,5.4,mww,Reykjanes Ridge
2024-11-01T05:29:02.735Z,-21.2251,-67.882,152.059,4.8,mwr,"38 km E of Ollagüe, Chile"
2024-11-01T05:24:10.798Z,-18.822,169.0731,230.633,4.6,mb,"82 km NNW of Isangel, Vanuatu"
2024-11-01T04:18:52.412Z,29.247,130.359,39.713,4.7,mb,"110 km S of Yudomari, Japan"
2024-11-01T01:25:06.309Z,17.2315,-100.9617,10,4.7,mww,"8 km WSW of San Luis de La Loma, Mexico"
2024-10-31T22:24:42.056Z,-19.9227,66.3786,10,5.1,mww,Mauritius - Reunion region
2024-10-31T20:51:59.806Z,43.9367,149.0369,10,4.9,mww,"170 km SSE of Kuril’sk, Russia"
2024-10-31T20:20:40.436Z,-9.9098,151.7685,10,4.8,mww,"143 km ENE of Samarai, Papua New Guinea"
2024-10-31T17:48:01.249Z,-9.249,108.9052,24.387,4.7,mb,"168 km S of Cilacap, Indonesia"
2024-10-31T17:46:27.498Z,-6.8848,155.4595,39.502,5.3,mww,"62 km S of Panguna, Papua New Guinea"
2024-10-31T16:18:16.748Z,23.5198,121.6159,14.486,4.8,mwr,"50 km S of Hualien City, Taiwan"
2024-10-31T16:09:03.651Z,23.8909,142.8613,30.994,4.7,mb,"Volcano Islands, Japan region"
2024-10-31T15:48:09.325Z,13.6014,145.0987,127.823,4.5,mb,"23 km ENE of Yigo Village, Guam"
2024-10-31T13:12:48.085Z,43.1959,145.9677,50.062,4.6,mb,"34 km ESE of Nemuro, Japan"
2024-10-31T08:52:51.820Z,-49.9073,127.0713,9.355,4.7,mb,western Indian-Antarctic Ridge
2024-10-31T06:02:24.157Z,-18.9431,-177.9519,504.251,4.9,mb,Fiji region
2024-10-31T05:44:44.843Z,-48.9029,121.2807,10,5.2,mww,western Indian-Antarctic Ridge
2024-10-31T05:21:48.522Z,-14.9406,-71.7841,124.612,4.5,mb,"31 km WSW of Coporaque, Peru"
2024-10-31T05:15:53.105Z,52.2764,159.6143,53.472,4.6,mb,"109 km SE of Vilyuchinsk, Russia"
2024-10-31T03:58:12.412Z,11.6729,142.2818,10,4.6,mb,"285 km NE of Fais, Micronesia"
2024-10-31T02:56:41.357Z,-22.979,-179.8929,568.504,4.5,mb,south of the Fiji Islands
2024-10-30T23:47:23.326Z,4.6729,127.508,111.067,4.6,mb,"237 km SE of Pondaguitan, Philippines"
2024-10-30T21:39:11.208Z,19.1,121.0634,37.035,4.6,mb,"54 km N of Claveria, Philippines"
2024-10-30T20:15:20.095Z,43.5842,-127.6418,10,6,mww,"267 km W of Bandon, Oregon"
2024-10-30T18:49:49.901Z,-11.5108,166.1228,82.631,4.5,mb,"93 km SSE of Lata, Solomon Islands"
2024-10-30T13:20:50.784Z,-21.3543,-11.4163,10,4.7,mb,southern Mid-Atlantic Ridge
2024-10-30T13:03:53.914Z,6.4558,126.8095,113.356,4.6,mb,"70 km SE of Bobon, Philippines"
2024-10-30T12:18:51.671Z,-4.4064,150.0827,509,6,mww,"126 km N of Kimbe, Papua New Guinea"
2024-10-30T11:43:21.072Z,-24.179,-66.9698,182.784,4.9,mb,"66 km W of San Antonio de los Cobres, Argentina"
2024-10-30T08:59:08.911Z,-25.2544,-178.8575,380.662,4.9,mb,south of the Fiji Islands
2024-10-30T06:14:26.974Z,36.1033,139.7223,76.787,4.5,mb,"3 km N of Satte, Japan"
2024-10-30T05:45:38.247Z,-28.6299,-176.8525,41.194,4.5,mb,Kermadec Islands region
2024-10-30T02:18:41.991Z,38.2418,74.1476,131.267,4.5,mb,"17 km ENE of Murghob, Tajikistan"
2024-10-29T23:44:31.226Z,-26.3879,71.719,10,4.6,mb,Mid-Indian Ridge
2024-10-29T21:49:16.678Z,7.3271,-71.8678,10,4.7,mb,"44 km NE of Cubará, Colombia"
2024-10-29T18:46:45.789Z,-12.2302,-14.775,10,5,mb,southern Mid-Atlantic Ridge
2024-10-29T18:44:26.524Z,-13.1213,166.4118,41.658,4.6,mb,"149 km NW of Sola, Vanuatu"
2024-10-29T18:13:31.284Z,-14.87,167.1767,97.173,4.6,mb,"22 km NNE of Port-Olry, Vanuatu"
2024-10-29T17:32:53.459Z,-59.7778,-27.3153,173.066,5.1,mb,South Sandwich Islands region
2024-10-29T16:16:32.632Z,-19.7304,-177.0211,330.927,4.9,mb,"239 km NW of Houma, Tonga"
2024-10-29T16:00:32.198Z,-54.7416,159.0059,17.591,4.7,mb,Macquarie Island region
2024-10-29T14:15:39.314Z,11.7728,142.3704,44.432,4.5,mb,"299 km WSW of Merizo Village, Guam"
2024-10-29T13:01:41.294Z,-28.6148,-176.87,35,4.8,mb,Kermadec Islands region
2024-10-29T12:13:58.000Z,51.8725,157.8398,86.557,4.9,mb,"101 km ENE of Ozernovskiy, Russia"
2024-10-29T11:02:53.512Z,10.2638,127.2449,10,4.7,mb,"133 km ENE of Pilar, Philippines"
2024-10-29T08:32:45.641Z,-18.1306,-178.2019,566.896,4.9,mb,"262 km E of Levuka, Fiji"
2024-10-29T07:45:28.903Z,11.6495,142.2883,10,4.9,mb,"284 km NE of Fais, Micronesia"
2024-10-29T06:13:05.296Z,-18.6749,169.51,283.585,5,mb,"98 km NNE of Isangel, Vanuatu"
2024-10-29T04:27:10.609Z,-2.9507,129.7521,10,4.8,mb,"95 km ENE of Masohi, Indonesia"
2024-10-29T02:35:22.584Z,4.8018,96.0583,10,4.6,mb,"52 km SSW of Reuleuet, Indonesia"
2024-10-28T23:49:09.977Z,-31.7778,-177.9872,10,4.5,mb,Kermadec Islands region
2024-10-28T22:33:55.880Z,-25.9519,179.8795,491.128,4.8,mb,south of the Fiji Islands
2024-10-28T22:26:04.300Z,-8.8379,157.8872,10.028,4.5,mb,"140 km SE of Gizo, Solomon Islands"
2024-10-28T20:49:39.629Z,-14.3151,167.3755,148.028,4.5,mb,"52 km SSW of Sola, Vanuatu"
2024-10-28T14:35:01.535Z,-10.9909,164.2936,10,4.7,mb,"167 km W of Lata, Solomon Islands"
2024-10-28T13:08:36.561Z,27.8841,94.0163,10,4.7,mb,"36 km NNE of Ziro, India"
2024-10-28T13:07:11.065Z,1.5367,97.0761,37.266,4.8,mb,"65 km WNW of Gunungsitoli, Indonesia"
2024-10-28T09:25:51.320Z,30.0327,130.3424,57.166,4.5,mb,"25 km SSW of Yudomari, Japan"
2024-10-28T08:33:44.129Z,-3.4711,151.2112,10,4.7,mb,"109 km SSE of Kavieng, Papua New Guinea"
2024-10-28T07:53:30.759Z,43.4231,83.7143,10,4.5,mb,"37 km E of Xinyuan, China"
2024-10-28T07:08:37.689Z,7.0174,-76.8664,10,4.6,mb,"6 km NW of Murindó, Colombia"
2024-10-28T05:40:29.430Z,1.8348,126.855,108.244,4.7,mb,"128 km W of Tobelo, Indonesia"
2024-10-28T04:28:58.607Z,39.9986,143.3426,35,4.5,mb,"126 km ENE of Miyako, Japan"
2024-10-28T02:46:26.024Z,-25.9206,179.8,489.416,4.9,mb,south of the Fiji Islands
2024-10-28T02:02:58.464Z,-7.1454,125.7502,484.187,4.8,mb,"153 km N of Metinaro, Timor Leste"
2024-10-28T00:14:43.317Z,4.7491,-82.6319,10,4.9,mww,south of Panama
2024-10-27T23:44:39.527Z,-18.3644,168.1259,27.834,4.8,mb,"72 km SSW of Port-Vila, Vanuatu"
2024-10-27T22:27:20.705Z,-3.0263,147.2765,10,4.5,mb,"109 km S of Lorengau, Papua New Guinea"
2024-10-27T22:06:32.012Z,-17.899,-178.2309,607.641,5,mb,"260 km E of Levuka, Fiji"
2024-10-27T21:16:14.602Z,-21.9538,-68.5929,125.382,4.6,mb,"65 km NNE of Calama, Chile"
2024-10-27T20:58:16.601Z,-1.9279,137.4524,10,4.7,mww,"173 km ESE of Biak, Indonesia"
2024-10-27T17:07:10.334Z,37.6308,36.0057,10,4.9,mww,"21 km SSE of Feke, Turkey"
2024-10-27T15:56:25.415Z,5.7151,126.5679,32.832,4.6,mb,"83 km SSE of Pondaguitan, Philippines"
2024-10-27T13:35:03.923Z,-1.0828,127.3464,10,4.8,mb,"52 km SSW of Labuha, Indonesia"
2024-10-27T13:32:35.701Z,-1.0928,127.2642,10,4.6,mb,"56 km SSW of Labuha, Indonesia"
2024-10-27T13:13:03.503Z,-32.1744,-178.0717,10,4.7,mb,south of the Kermadec Islands
2024-10-27T12:05:22.929Z,38.803,91.6619,10,4.5,mb,"196 km SSE of Luobupo, China"
2024-10-27T10:34:05.677Z,-31.5891,-178.1365,34.163,4.5,mb,Kermadec Islands region
2024-10-27T10:21:45.264Z,23.9825,121.6566,31.216,4.7,mwr,"5 km E of Hualien City, Taiwan"
2024-10-27T09:50:12.985Z,-23.472,-67.6575,145.309,4.9,mww,"83 km SE of San Pedro de Atacama, Chile"
2024-10-27T04:49:49.007Z,54.6412,160.5356,90.891,5.2,mb,"121 km SSE of Atlasovo, Russia"
2024-10-27T00:31:16.239Z,23.9956,-46.5021,10,5,mb,northern Mid-Atlantic Ridge
2024-10-26T22:16:53.034Z,21.9008,121.3819,10,4.5,mb,"66 km E of Hengchun, Taiwan"
2024-10-26T18:31:36.450Z,-42.197,87.9641,10,4.7,mb,southeast Indian Ridge
2024-10-26T16:32:08.045Z,17.483,145.7636,158.448,4.6,mb,"251 km N of Saipan, Northern Mariana Islands"
2024-10-26T15:23:13.632Z,41.431,-29.2638,10,4.5,mb,"270 km NE of Santa Cruz das Flores, Portugal"
2024-10-26T14:21:55.944Z,-8.4236,119.858,179.386,4.6,mb,"8 km NNW of Labuan Bajo, Indonesia"
2024-10-26T12:56:21.227Z,-7.1135,129.1749,183.084,4.6,mb,"286 km ENE of Lospalos, Timor Leste"
2024-10-26T12:22:02.706Z,9.0897,39.9217,10,4.8,mb,"20 km N of Metahāra, Ethiopia"
2024-10-26T12:21:38.972Z,9.1078,39.8591,10,4.7,mb,"23 km NNW of Metahāra, Ethiopia"
2024-10-26T08:35:57.334Z,40.96,83.9942,10,5.1,mb,"122 km SE of Kuqa, China"
2024-10-26T07:23:56.098Z,-50.2939,69.4293,10,5.2,mb,"119 km SSW of Port-aux-Français, French Southern Territories"
2024-10-26T04:17:25.752Z,-38.5863,-15.7061,10,4.8,mb,Tristan da Cunha region
2024-10-26T01:21:57.916Z,12.6601,-88.114,60.411,4.8,mb,"59 km S of Intipucá, El Salvador"
2024-10-25T21:55:33.326Z,7.5445,-82.3132,10,4.6,mww,"75 km S of Boca Chica, Panama"
2024-10-25T18:41:46.305Z,-0.8895,-24.626,10,4.5,mb,central Mid-Atlantic Ridge
2024-10-25T18:18:20.279Z,-16.0391,-174.3002,116.014,4.6,mb,"54 km W of Hihifo, Tonga"
2024-10-25T16:04:12.404Z,30.6841,141.6057,46.94,4.7,mb,"Izu Islands, Japan region"
2024-10-25T15:04:23.620Z,36.5508333,-117.056,4.58,4.54,ml,"10 km SE of Stovepipe Wells, CA"
2024-10-25T14:46:23.800Z,14.0745,-92.662,17,5.8,mww,"69 km SW of Brisas Barra de Suchiate, Mexico"
2024-10-25T14:01:26.658Z,-19.3134,-172.9614,11,5.7,mww,"130 km SE of Neiafu, Tonga"
2024-10-25T11:17:06.791Z,37.033,142.0607,35,4.7,mb,"98 km ESE of Tomioka, Japan"
2024-10-25T08:05:08.290Z,36.6016667,-117.0911667,3.98,4.72,mw,"5 km E of Stovepipe Wells, CA"
2024-10-25T06:57:27.016Z,-28.0895,63.0502,10,4.5,mb,Southwest Indian Ridge
2024-10-25T06:31:50.960Z,43.2803,146.5994,82.02,4.9,mb,"58 km S of Shikotan, Russia"
2024-10-25T05:38:05.073Z,-21.6994,-68.4462,119.209,5,mww,"56 km SSW of Ollagüe, Chile"
2024-10-25T05:04:32.499Z,-6.1825,154.5368,407.902,4.5,mb,"105 km W of Panguna, Papua New Guinea"
2024-10-25T02:12:23.882Z,31.9198,141.6628,10,4.6,mb,"Izu Islands, Japan region"
2024-10-25T00:00:32.139Z,-5.288,151.701,61.116,5.1,mb,"121 km SSW of Kokopo, Papua New Guinea"
2024-10-24T23:28:20.236Z,-16.1456,-173.9085,95.632,5.3,mww,"24 km SSW of Hihifo, Tonga"
2024-10-24T21:13:20.620Z,54.8694,-118.663,10,4.5,mb,"34 km SSE of Grande Prairie, Canada"
2024-10-24T20:31:59.106Z,5.4511,-78.3798,10,4.6,mb,"125 km WNW of Pizarro, Colombia"
2024-10-24T19:32:35.574Z,-31.2237,-179.9248,340.82,5,mb,Kermadec Islands region
2024-10-24T19:23:15.474Z,-17.4955,-70.6827,114.465,4.9,mb,"15 km NNE of Locumba, Peru"
2024-10-24T18:52:10.287Z,-5.0842,152.1733,62.847,5.1,mb,"82 km S of Kokopo, Papua New Guinea"
2024-10-24T17:51:27.678Z,25.4971,142.6492,10,5.1,mww,"Volcano Islands, Japan region"
2024-10-24T17:39:27.412Z,-21.7259,-67.2722,184.712,4.8,mb,"115 km ESE of Ollagüe, Chile"
2024-10-24T17:22:45.592Z,-2.3984,134.1974,46.99,4.9,mb,"81 km ESE of Bintuni, Indonesia"
2024-10-24T16:42:41.858Z,-10.1334,160.9825,10,4.5,mb,"108 km WNW of Kirakira, Solomon Islands"
2024-10-24T14:33:36.639Z,3.1075,128.2465,85.428,4.6,mb,"154 km N of Tobelo, Indonesia"
2024-10-24T11:45:36.009Z,-28.7244,-71.795,13.472,4.9,mww,"102 km W of Vallenar, Chile"
2024-10-24T07:14:31.239Z,52.4838,-170.6317,54.394,5,mww,"129 km WSW of Nikolski, Alaska"
2024-10-24T05:21:39.230Z,14.8593,53.2533,10,4.6,mb,"188 km SE of Al Ghayz̧ah, Yemen"
2024-10-24T04:30:51.025Z,-41.935,80.0351,10,5.6,mww,Mid-Indian Ridge
2024-10-24T04:29:59.808Z,-41.7461,79.6302,10,4.9,mb,Mid-Indian Ridge
2024-10-24T00:45:18.938Z,-60.0429,-24.1857,10,4.6,mb,South Sandwich Islands region
2024-10-24T00:38:44.197Z,28.6033,52.2189,10,5,mb,"43 km SW of Fīrūzābād, Iran"
2024-10-23T21:30:14.788Z,-27.8201,-176.6853,35,5.1,mb,Kermadec Islands region
2024-10-23T20:02:44.453Z,-16.4679,-172.1624,10,4.6,mb,"183 km ESE of Hihifo, Tonga"
2024-10-23T19:20:54.336Z,-17.8318,-174.9004,230.38,4.9,mb,"132 km NW of Neiafu, Tonga"
2024-10-23T18:19:50.019Z,25.3686,142.7449,10,4.6,mb,"Volcano Islands, Japan region"
2024-10-23T14:38:04.614Z,49.394,155.6369,40,6.2,mww,"146 km SSW of Severo-Kuril’sk, Russia"
2024-10-23T13:45:17.173Z,23.7411,141.8628,98.235,4.7,mb,"Volcano Islands, Japan region"
2024-10-23T07:44:43.587Z,-18.3774,-173.1489,10,4.6,mb,"93 km ENE of Neiafu, Tonga"
2024-10-23T06:06:56.970Z,-41.0753,-91.5709,10,4.6,mb,southeast of Easter Island
2024-10-23T06:05:14.228Z,-41.0186,-91.3277,10,5,mb,southeast of Easter Island
2024-10-23T03:12:09.900Z,31.0047,140.9088,70.625,4.6,mb,"Izu Islands, Japan region"
2024-10-23T01:37:22.534Z,38.1521,74.0639,160.971,4.5,mb,"8 km ESE of Murghob, Tajikistan"
2024-10-22T22:57:16.233Z,-26.1619,71.0091,10,4.7,mb,Mid-Indian Ridge
2024-10-22T22:46:17.170Z,-18.1333,168.9794,10,4.5,mb,"83 km ESE of Port-Vila, Vanuatu"
2024-10-22T22:17:58.233Z,16.6317,-99.26,10,4.9,mww,"14 km SSW of Las Vigas, Mexico"
2024-10-22T22:02:10.213Z,22.0209,121.4705,10,4.5,mb,"75 km E of Hengchun, Taiwan"
2024-10-22T19:49:32.406Z,2.7718,-84.4081,10,4.6,mb,off the coast of Central America
2024-10-22T19:43:33.728Z,-13.5983,66.039,10,4.6,mb,Mid-Indian Ridge
2024-10-22T18:14:17.547Z,5.6923,126.344,10,4.5,mb,"76 km SSE of Pondaguitan, Philippines"
2024-10-22T15:45:37.516Z,-23.872,-179.6709,462.72,5.5,mww,south of the Fiji Islands
2024-10-22T12:48:53.863Z,-1.0605,127.3641,10,4.9,mb,"49 km SSW of Labuha, Indonesia"
2024-10-22T12:43:52.695Z,-7.8597,108.2882,96.919,4.7,mb,"53 km S of Kawalu, Indonesia"
2024-10-22T12:35:42.863Z,1.1056,127.1048,160.006,4.5,mb,"46 km NW of Ternate, Indonesia"
2024-10-22T12:08:32.720Z,-2.9805,147.4269,10,5.1,mww,"106 km S of Lorengau, Papua New Guinea"
2024-10-22T11:45:30.248Z,-2.9675,147.1414,10,4.5,mb,"104 km S of Lorengau, Papua New Guinea"
2024-10-22T10:19:30.466Z,-3.0453,147.5308,10,4.6,mb,"115 km SSE of Lorengau, Papua New Guinea"
2024-10-22T05:32:24.877Z,-3.5458,-103.5343,10,4.7,mb,central East Pacific Rise
2024-10-22T02:36:18.609Z,-6.0452,130.3336,10,5.1,mb,"271 km W of Tual, Indonesia"
2024-10-22T01:12:37.434Z,36.172,141.2847,35,4.5,mb,"62 km ENE of Kashima-shi, Japan"
2024-10-21T20:25:35.787Z,-17.7732,-178.6631,556.614,4.7,mb,"216 km E of Levuka, Fiji"
2024-10-21T19:22:50.877Z,-1.1008,127.443,10,4.5,mb,"52 km S of Labuha, Indonesia"
2024-10-21T16:02:44.463Z,-17.5017,-178.2268,535.852,4.6,mb,"267 km ENE of Levuka, Fiji"
2024-10-21T15:15:13.675Z,-1.1539,127.3576,10,4.7,mb,"59 km SSW of Labuha, Indonesia"
2024-10-21T14:11:32.872Z,42.7601,143.6798,118.661,4.6,mb,"6 km SSE of Honchō, Japan"
2024-10-21T13:44:54.903Z,11.4781,142.9045,10,4.6,mb,"275 km SW of Merizo Village, Guam"
2024-10-21T10:11:42.797Z,12.1849,45.9255,10,4.6,mb,"116 km SE of Aden, Yemen"
2024-10-21T08:35:08.532Z,-1.138,127.3953,10,5,mb,"57 km S of Labuha, Indonesia"
2024-10-21T08:24:05.925Z,-1.2346,127.2704,10,5,mww,"71 km SSW of Labuha, Indonesia"
2024-10-21T08:08:33.280Z,-1.1526,127.2649,10,5,mb,"62 km SSW of Labuha, Indonesia"
2024-10-21T06:32:35.236Z,-1.177,127.3252,10,5.6,mww,"63 km SSW of Labuha, Indonesia"
2024-10-21T06:26:33.036Z,-62.5676,-157.8253,10,4.6,mb,Pacific-Antarctic Ridge
2024-10-21T06:09:38.610Z,-17.9123,-178.5673,563.06,4.5,mb,"224 km E of Levuka, Fiji"
2024-10-21T05:35:48.521Z,52.6005,172.5319,39.714,5,mb,"51 km WSW of Attu Station, Alaska"
2024-10-21T04:58:11.329Z,-7.5212,127.9598,142.042,4.5,mb,"153 km NE of Lospalos, Timor Leste"
2024-10-21T04:17:54.365Z,-1.0739,127.5442,10,4.5,mb,"50 km S of Labuha, Indonesia"
2024-10-21T04:12:15.294Z,-1.0987,127.4191,10,5.1,mww,"52 km S of Labuha, Indonesia"
2024-10-21T04:10:23.063Z,-1.1131,127.352,10,4.8,mb,"55 km SSW of Labuha, Indonesia"
2024-10-21T03:53:05.041Z,-1.1704,127.2159,10,4.8,mb,"66 km SSW of Labuha, Indonesia"
2024-10-21T03:42:48.790Z,-1.0647,127.2787,10,4.5,mb,"53 km SSW of Labuha, Indonesia"
2024-10-21T03:24:16.301Z,-1.1774,127.4529,16,5.8,mww,"61 km S of Labuha, Indonesia"
2024-10-21T02:42:08.408Z,-28.3015,-178.3053,10,4.5,mb,Kermadec Islands region
2024-10-21T00:10:26.991Z,78.3863,6.5664,10,4.5,mb,"206 km W of Longyearbyen, Svalbard and Jan Mayen"
2024-10-21T00:06:39.589Z,-5.2397,152.6559,41.582,4.6,mb,"108 km SSE of Kokopo, Papua New Guinea"
2024-10-20T23:22:17.612Z,-12.4872,166.9743,203.748,4.5,mb,"165 km NNW of Sola, Vanuatu"
2024-10-20T22:59:40.922Z,-30.8831,-68.7676,109,5.7,mww,"65 km NNW of Albardón, Argentina"
2024-10-20T18:31:41.560Z,-11.4561,166.1707,81.085,4.5,mb,"90 km SSE of Lata, Solomon Islands"
2024-10-20T18:05:18.664Z,-4.2178,153.0449,13.051,4.5,mb,"87 km E of Kokopo, Papua New Guinea"
2024-10-20T16:13:48.886Z,5.3024,94.1844,35,4.6,mb,"130 km WSW of Banda Aceh, Indonesia"
2024-10-20T13:56:17.659Z,-23.0587,-66.3761,231.557,4.5,mb,"73 km WNW of El Aguilar, Argentina"
2024-10-20T12:31:07.587Z,-21.8931,-179.5015,591.313,5.5,mww,Fiji region
2024-10-20T10:06:51.920Z,-24.5689,-177.1379,154.518,4.8,mb,south of the Fiji Islands
2024-10-20T10:00:01.194Z,13.8634,92.8425,17.641,4.7,mb,"239 km N of Bamboo Flat, India"
2024-10-20T09:08:59.836Z,-5.522,154.2951,125.502,4.8,mb,"158 km NW of Panguna, Papua New Guinea"
2024-10-20T05:24:49.031Z,0.3682,121.0182,107.402,4.6,mb,"190 km NE of Palu, Indonesia"
2024-10-20T04:44:42.987Z,3.5772,127.8858,79.634,4.8,mb,"204 km N of Tobelo, Indonesia"
2024-10-20T00:51:12.931Z,-35.8938,-103.3329,10,5.1,mww,southeast of Easter Island
2024-10-19T23:37:35.054Z,42.9029,146.4318,35,4.8,mb,"83 km SE of Nemuro, Japan"
2024-10-19T23:02:34.502Z,-30.061,-177.006,10,4.5,mb,"Kermadec Islands, New Zealand"
2024-10-19T22:26:15.835Z,-26.3158,-68.8537,106.629,4.6,mb,"119 km E of Diego de Almagro, Chile"
2024-10-19T18:46:50.385Z,-30.9806,-176.3752,10,4.5,mb,Kermadec Islands region
2024-10-19T18:07:13.624Z,0.4909,119.9077,62.475,5.2,mww,"154 km N of Palu, Indonesia"
2024-10-19T17:29:14.193Z,-6.0549,146.685,55.903,4.7,mb,"81 km NNW of Lae, Papua New Guinea"
2024-10-19T15:36:20.357Z,5.284,94.2863,54.158,4.6,mb,"119 km WSW of Banda Aceh, Indonesia"
2024-10-19T15:28:07.389Z,-17.2026,-173.5318,35,4.5,mb,"140 km SSE of Hihifo, Tonga"
2024-10-19T13:38:02.873Z,38.7786,72.4845,10,4.6,mb,"89 km SSE of Daroot-Korgon, Kyrgyzstan"
2024-10-19T13:35:31.998Z,38.9444,72.5777,10,4.5,mb,"73 km SSE of Kyzyl-Eshme, Kyrgyzstan"
2024-10-19T13:32:20.709Z,-13.6929,66.0196,10,5.3,mww,Mid-Indian Ridge
2024-10-19T12:01:57.611Z,5.4996,-82.6346,10,4.6,mb,"281 km S of Burica, Panama"
2024-10-19T11:41:10.568Z,37.5967,37.1395,10,4.5,mb,"18 km NW of Pazarcık, Turkey"
2024-10-19T07:08:29.740Z,34.7322,26.2418,15.594,4.8,mww,"51 km S of Palekastro, Greece"
2024-10-19T01:20:32.744Z,-56.1363,-27.9915,120.116,4.7,mb,South Sandwich Islands region
2024-10-19T00:43:33.619Z,-42.7379,-82.6385,10,4.9,mww,West Chile Rise
2024-10-19T00:18:53.783Z,-18.9272,-172.7182,10,4.7,mb,"136 km ESE of Neiafu, Tonga"
2024-10-18T14:49:59.476Z,25.4932,141.0794,146.065,4.5,mb,"Volcano Islands, Japan region"
2024-10-18T10:26:12.655Z,15.7686,-94.8109,44.694,4.7,mb,"52 km SSE of San Mateo del Mar, Mexico"
2024-10-18T09:18:22.971Z,25.22,142.799,10,5.4,mww,"Volcano Islands, Japan region"
2024-10-18T07:17:17.481Z,12.1315,-89.1156,10,4.5,mb,"141 km SSW of Puerto El Triunfo, El Salvador"
2024-10-18T05:25:17.069Z,-7.4667,156.3264,10,5,mb,"90 km NW of Gizo, Solomon Islands"
2024-10-18T04:38:07.288Z,40.2403,142.2895,60.402,5.2,mww,"42 km ENE of Noda, Japan"
2024-10-18T01:41:59.064Z,-6.7981,155.1677,35,5,mb,"63 km SSW of Panguna, Papua New Guinea"
2024-10-18T00:58:27.983Z,43.6645,-125.7602,7.842,5,mww,"121 km WNW of Barview, Oregon"
2024-10-17T19:01:00.624Z,-18.8635,169.015,162.646,4.7,mb,"80 km NNW of Isangel, Vanuatu"
2024-10-17T18:17:35.005Z,-6.6173,72.6629,10,4.7,mb,Chagos Archipelago region
2024-10-17T16:33:54.860Z,-56.337,-27.1383,113.442,5,mb,South Sandwich Islands region
2024-10-17T14:50:32.744Z,19.7131,-75.9796,17.589,4.6,mwr,"37 km S of El Cobre, Cuba"
2024-10-17T11:36:44.234Z,-31.2351,-176.8358,10,4.8,mb,Kermadec Islands region
2024-10-17T11:18:22.807Z,-20.0981,-178.2711,626.436,5.4,mww,Fiji region
2024-10-17T10:33:40.849Z,-27.9235,-176.5806,10,5,mb,Kermadec Islands region
2024-10-17T10:23:38.754Z,-27.799,-176.299,10,4.5,mb,Kermadec Islands region
2024-10-17T10:07:00.097Z,-27.9071,-176.3512,10,4.9,mb,Kermadec Islands region
2024-10-17T09:58:04.340Z,5.9769,125.9122,147.032,4.6,mb,"25 km E of Mangili, Philippines"
2024-10-17T09:10:07.969Z,9.0536,40.0971,10,4.5,mb,"10 km NW of Āwash, Ethiopia"
2024-10-17T08:29:57.386Z,39.6516,37.3342,9.338,4.5,mwr,"23 km S of Hafik, Turkey"
2024-10-17T06:37:05.174Z,9.8693,142.4763,10,4.5,mb,"214 km E of Fais, Micronesia"
2024-10-17T05:37:32.887Z,-27.8826,-176.2657,12,5.6,mww,Kermadec Islands region
2024-10-17T04:37:36.393Z,-31.3873,-176.8767,10,4.6,mb,Kermadec Islands region
2024-10-17T04:35:27.389Z,-31.3221,-176.6918,10,4.6,mb,Kermadec Islands region
2024-10-17T04:20:36.028Z,-31.2923,-176.8548,10,5.1,mww,Kermadec Islands region
2024-10-17T02:18:51.659Z,-14.9629,167.6304,107.194,4.9,mb,"60 km E of Port-Olry, Vanuatu"
2024-10-17T01:28:44.548Z,-22.3781,-179.5165,579.487,4.5,mb,south of the Fiji Islands
2024-10-17T01:06:49.731Z,-31.1763,-176.7961,10,4.7,mb,Kermadec Islands region
2024-10-17T01:01:20.481Z,-31.3037,-176.8396,10,5.2,mww,Kermadec Islands region
2024-10-17T00:45:48.803Z,-27.7315,-176.2675,10,4.5,mb,Kermadec Islands region
2024-10-16T23:00:31.304Z,-16.0167,-172.8403,10,4.6,mb,"102 km E of Hihifo, Tonga"
2024-10-16T22:56:01.089Z,-36.2053,-99.8345,10,4.5,mb,southeast of Easter Island
2024-10-16T22:51:12.889Z,-19.1204,-173.5136,10,5.2,mb,"71 km SE of Neiafu, Tonga"
2024-10-16T22:25:01.795Z,49.6324,-28.5722,10,5.1,mb,northern Mid-Atlantic Ridge
2024-10-16T22:23:02.559Z,41.1512,78.508,10,4.9,mwr,"138 km W of Aykol, China"
2024-10-16T22:04:48.380Z,2.1028,-79.7589,10,4.7,mb,"112 km WNW of Tumaco, Colombia"
2024-10-16T20:11:28.237Z,9.148,40.1287,10,4.6,mb,"18 km NNW of Āwash, Ethiopia"
2024-10-16T19:40:58.409Z,18.5195,-106.9505,10,5.9,mww,"225 km SW of José María Morelos, Mexico"
2024-10-16T18:59:39.232Z,-27.8499,-176.4086,10,5,mww,Kermadec Islands region
2024-10-16T18:56:51.147Z,36.5224,70.5681,205,5.9,mww,"44 km SSW of Jurm, Afghanistan"
2024-10-16T18:44:55.835Z,-31.1486,-176.8278,10,4.5,mb,Kermadec Islands region
2024-10-16T18:32:52.284Z,17.9959,120.0762,10,4.7,mww,"40 km WNW of Pagsanahan Norte, Philippines"
2024-10-16T17:11:00.719Z,-27.7855,-176.2936,10,5.1,mww,Kermadec Islands region
2024-10-16T16:15:35.624Z,29.0034,139.348,413.977,4.7,mb,"Izu Islands, Japan region"
2024-10-16T15:04:02.907Z,-31.2625,-176.8306,10,5.1,mb,Kermadec Islands region
2024-10-16T13:58:21.064Z,24.0195,121.6565,35,4.8,mwr,"7 km NE of Hualien City, Taiwan"
2024-10-16T12:38:24.981Z,-31.2439,-176.8106,10,4.6,mb,Kermadec Islands region
2024-10-16T12:19:44.647Z,-31.181,-177.0916,10,5.2,mb,Kermadec Islands region
2024-10-16T12:19:28.187Z,-31.2005,-177.1019,10,4.8,mb,Kermadec Islands region
2024-10-16T11:43:50.197Z,40.8131,84.2011,10,4.5,mb,"146 km SE of Kuqa, China"
2024-10-16T09:40:00.514Z,52.7367,-163.5125,10,5.3,mww,"216 km SE of Akutan, Alaska"
2024-10-16T08:53:21.440Z,35.9888,139.9463,81.08,4.6,mb,"4 km SW of Mitsukaidō, Japan"
2024-10-16T07:46:32.516Z,38.3115,38.8059,10,6,mww,"19 km W of Doğanyol, Turkey"
2024-10-16T06:28:39.740Z,-16.5175,167.813,223.162,4.5,mb,"62 km SE of Lakatoro, Vanuatu"
2024-10-16T05:58:03.169Z,-3.7226,151.955,10,4.8,mb,"57 km NNW of Rabaul, Papua New Guinea"
2024-10-16T05:06:01.436Z,18.4676,-112.7387,10,4.6,mb,Revilla Gigedo Islands region
2024-10-16T04:30:27.356Z,-31.2352,-176.8116,10,5.2,mb,Kermadec Islands region
2024-10-16T03:41:13.766Z,19.1806,147.0699,10,5.1,mww,Mariana Islands region
2024-10-16T03:27:50.657Z,49.2485,157.578,10,4.5,mb,"189 km SSE of Severo-Kuril’sk, Russia"
2024-10-16T02:03:48.952Z,-11.1787,163.3083,10,4.8,mb,"171 km ESE of Kirakira, Solomon Islands"
2024-10-16T01:59:42.907Z,-4.885,142.0999,111.171,4.5,mb,"108 km SW of Ambunti, Papua New Guinea"
2024-10-15T23:49:35.815Z,18.32,-106.7652,10,5.2,mww,"223 km WSW of Emiliano Zapata, Mexico"
2024-10-15T22:38:42.706Z,-29.4767,-176.9528,35,5,mb,Kermadec Islands region
2024-10-15T20:42:32.589Z,-23.7942,-67.2259,250.695,4.6,mb,"103 km WNW of San Antonio de los Cobres, Argentina"
2024-10-15T20:40:33.633Z,-9.8511,151.8987,10,5.3,mww,"159 km ENE of Samarai, Papua New Guinea"
2024-10-15T19:51:31.126Z,-31.2618,-177.0255,10,5,mb,Kermadec Islands region
2024-10-15T19:08:42.425Z,-60.6658,-25.2675,10,4.9,mb,South Sandwich Islands region
2024-10-15T16:54:21.860Z,35.5373,28.7063,28.093,4.6,mww,"87 km SE of Lárdos, Greece"
2024-10-15T15:53:12.024Z,-10.645,-77.7796,91.607,4.6,mb,"6 km N of Pativilca, Peru"
2024-10-15T15:49:40.214Z,-23.0131,-179.1091,397.521,4.5,mb,south of the Fiji Islands
2024-10-15T10:54:55.188Z,15.0599,120.1346,69.767,4.6,mb,"6 km E of Poblacion, San Felipe, Philippines"
2024-10-15T09:32:16.594Z,16.1965,-98.2687,10,4.5,mb,"9 km WSW of Corralero, Mexico"
2024-10-15T09:01:40.391Z,33.1723,-5.142,10,4.5,mb,"22 km SE of Aïn Leuh, Morocco"
2024-10-15T08:37:41.386Z,-15.5802,-172.8259,10,4.5,mb,"111 km ENE of Hihifo, Tonga"
2024-10-15T08:05:04.809Z,-24.2038,-179.6859,525.202,4.5,mb,south of the Fiji Islands
2024-10-15T01:28:16.968Z,31.0974,143.0421,10,4.5,mb,"Izu Islands, Japan region"
2024-10-15T00:10:49.978Z,10.3705,-86.3117,10,4.7,mb,"52 km W of Tamarindo, Costa Rica"
2024-10-14T23:42:51.698Z,8.7548,127.1148,9.724,4.5,mb,"89 km E of Aras-asan, Philippines"
2024-10-14T21:30:19.810Z,-3.2523,139.1898,10,4.5,mb,"176 km WSW of Abepura, Indonesia"
2024-10-14T16:01:26.392Z,-36.7174,177.1498,256.016,4.8,mb,"119 km ENE of Pauanui, New Zealand"
2024-10-14T15:48:12.737Z,-23.9025,-64.0963,10,5,mb,"22 km ENE of Palma Sola, Argentina"
2024-10-14T15:22:08.281Z,-12.5275,166.5591,8.186,4.5,mb,"183 km NW of Sola, Vanuatu"
2024-10-14T13:21:30.186Z,9.0233,126.2233,69.663,4.6,mb,"0 km WNW of Tago, Philippines"
2024-10-14T11:52:53.788Z,30.0511,131.0517,41.471,4.9,mb,"53 km ESE of Koshima, Japan"
2024-10-14T10:45:58.120Z,35.4882,140.0015,75.334,4.8,mb,"8 km WSW of Ichihara, Japan"
2024-10-14T09:18:51.176Z,28.7509,-112.8022,10,5,mww,"84 km W of Bahía de Kino, Mexico"
2024-10-14T07:40:09.543Z,-17.7588,-179.9029,609.232,4.9,mb,"89 km ENE of Levuka, Fiji"
2024-10-14T03:21:51.021Z,-20.2094,-69.3292,101.556,4.6,mwr,"36 km ENE of La Tirana, Chile"
2024-10-13T22:48:34.118Z,-36.1163,-100.6909,10,5.5,mww,southeast of Easter Island
2024-10-13T22:35:57.880Z,-3.8694,87.0709,10,4.6,mb,South Indian Ocean
2024-10-13T17:04:18.630Z,51.965,178.1152,143.29,4.6,mb,"Rat Islands, Aleutian Islands, Alaska"
2024-10-13T16:17:36.104Z,-59.233,149.2883,10,5,mww,west of Macquarie Island
2024-10-13T11:35:53.220Z,-33.6858,-178.1742,10,4.7,mb,south of the Kermadec Islands
2024-10-13T11:35:17.802Z,-33.5856,-178.2314,10,4.5,mb,south of the Kermadec Islands
2024-10-13T10:13:09.615Z,-33.555,-178.4585,10,4.6,mb,south of the Kermadec Islands
2024-10-13T09:37:02.700Z,25.4047,142.7723,10,4.7,mb,"Volcano Islands, Japan region"
2024-10-13T07:24:32.017Z,-33.5622,-178.326,10,4.5,mb,south of the Kermadec Islands
2024-10-13T07:01:41.653Z,5.5054,94.2922,43.374,5.3,mww,"115 km W of Banda Aceh, Indonesia"
2024-10-13T06:33:12.173Z,-16.7083,-172.5007,10,4.5,mb,"161 km ESE of Hihifo, Tonga"
2024-10-13T06:15:26.576Z,-36.355,-97.9985,10,5.1,mww,West Chile Rise
2024-10-13T04:37:52.026Z,9.0816,39.9608,10,4.6,mb,"20 km NNE of Metahāra, Ethiopia"
2024-10-13T03:31:49.634Z,57.2248,120.7269,10,4.5,mb,"153 km ENE of Chara, Russia"
2024-10-12T23:36:29.922Z,80.2639,-110.738,10,4.6,mb,Arctic Ocean
2024-10-12T23:35:40.615Z,-57.9549,-25.0227,59.363,4.6,mb,South Sandwich Islands region
2024-10-12T23:30:24.722Z,40.7177,84.3788,10,4.5,mb,"164 km SE of Kuqa, China"
2024-10-12T22:49:52.838Z,-31.6643,-70.1346,117.634,4.5,mb,"77 km WSW of Calingasta, Argentina"
2024-10-12T22:42:28.708Z,-7.5124,128.4775,96.609,4.9,mb,"197 km NE of Lospalos, Timor Leste"
2024-10-12T21:53:01.651Z,17.3818,-101.0773,10,4.9,mww,"2 km W of Coyuquilla Norte, Mexico"
2024-10-12T21:33:39.876Z,12.1926,144.1322,10,4.7,mb,"132 km SSW of Merizo Village, Guam"
2024-10-12T19:56:48.658Z,-54.3656,-136.6915,10,4.5,mb,Pacific-Antarctic Ridge
2024-10-12T18:50:30.570Z,35.93,140.0561,63.261,4.9,mb,"4 km NW of Toride, Japan"
2024-10-12T18:17:51.475Z,10.5949,-85.9454,64.679,4.9,mb,"33 km WNW of Sardinal, Costa Rica"
2024-10-12T18:12:08.526Z,10.4847,-86.0786,43.897,4.7,mb,"33 km NW of Tamarindo, Costa Rica"
2024-10-12T17:43:44.516Z,10.4967,-86.1497,16,6.2,mww,"40 km WNW of Tamarindo, Costa Rica"
2024-10-12T17:28:28.070Z,28.3496,142.7271,10,4.5,mb,"Bonin Islands, Japan region"
2024-10-12T15:44:30.450Z,-12.5027,166.4845,62.112,4.6,mb,"190 km NW of Sola, Vanuatu"
2024-10-12T15:44:16.822Z,-25.252,178.5344,581.27,4.5,mb,south of the Fiji Islands
2024-10-12T12:55:16.615Z,-16.6623,-173.522,57.316,4.5,mb,"83 km SSE of Hihifo, Tonga"
2024-10-12T12:26:30.722Z,33.433,142.4384,10,4.9,mb,"272 km SE of Katsuura, Japan"
2024-10-12T06:32:35.108Z,-24.9559,70.0156,10,4.9,mb,Mid-Indian Ridge
2024-10-12T05:14:10.086Z,-17.6076,-176.4648,10,4.6,mb,"286 km WNW of Neiafu, Tonga"
2024-10-12T04:19:43.454Z,-18.0617,173.1401,10,5,mb,Fiji region
2024-10-12T03:58:34.901Z,-33.3065,-178.5432,10,4.5,mb,south of the Kermadec Islands
2024-10-12T03:58:24.883Z,55.3848,163.0711,10,4.5,mb,"100 km SSE of Ust’-Kamchatsk Staryy, Russia"
2024-10-12T03:50:37.992Z,55.3379,163.1218,10,5.3,mb,"106 km SSE of Ust’-Kamchatsk Staryy, Russia"
2024-10-12T03:43:12.262Z,-56.2282,-26.7907,59.293,4.9,mb,South Sandwich Islands region
2024-10-12T01:37:35.985Z,-4.904,101.6248,35,4.7,mb,"141 km SSW of Bengkulu, Indonesia"
2024-10-12T01:11:57.329Z,-0.1377,125.1625,46.11,5.1,mb,"103 km SE of Modisi, Indonesia"
2024-10-12T01:11:41.798Z,2.2083,97.9939,77.279,4.5,mb,"24 km ESE of Singkil, Indonesia"
2024-10-12T01:06:08.018Z,-33.2849,-177.6929,10,5.3,mww,south of the Kermadec Islands
2024-10-12T00:18:24.243Z,55.3135,163.0251,10,4.8,mb,"107 km SSE of Ust’-Kamchatsk Staryy, Russia"
2024-10-11T22:35:21.333Z,37.6125,140.7369,103.874,4.5,mb,"21 km W of Minami-Sōma, Japan"
2024-10-11T20:57:38.785Z,-17.7462,-178.5401,524.626,4.5,mb,"229 km E of Levuka, Fiji"
2024-10-11T20:40:28.688Z,10.396,-86.2408,15.048,4.6,mb,"45 km WNW of Tamarindo, Costa Rica"
2024-10-11T19:17:33.291Z,62.7587,-148.9842,70.2,4.6,mww,"66 km ENE of Chase, Alaska"
2024-10-11T18:05:13.048Z,-58.2947,-25.1529,21.183,5,mb,South Sandwich Islands region
2024-10-11T15:40:45.272Z,17.5149,-83.2433,10,4.7,mww,"219 km NNE of Barra Patuca, Honduras"
2024-10-11T12:54:16.246Z,55.2657,163.0803,24.308,4.5,mb,"113 km SSE of Ust’-Kamchatsk Staryy, Russia"
2024-10-11T09:26:46.166Z,-5.7207,149.4514,149.196,4.8,mb,"54 km N of Kandrian, Papua New Guinea"
2024-10-11T07:16:41.035Z,42.6488,31.4238,10,4.8,mww,"127 km NW of Amasra, Turkey"
2024-10-11T04:40:54.951Z,22.9505,95.9411,10,5,mb,"49 km NNE of Shwebo, Myanmar"
2024-10-11T01:59:40.176Z,31.9121,142.7308,10,4.5,mb,"Izu Islands, Japan region"
2024-10-11T00:16:02.539Z,5.8112,126.5377,101.61,4.9,mb,"72 km SSE of Pondaguitan, Philippines"
2024-10-11T00:15:50.021Z,24.2101,124.1738,15.023,4.7,mb,"15 km S of Ishigaki, Japan"
2024-10-10T22:23:19.468Z,-33.4676,-178.4017,10,4.5,mb,south of the Kermadec Islands
2024-10-10T20:37:36.285Z,-16.4876,-174.6807,227.336,4.6,mb,"111 km WSW of Hihifo, Tonga"
2024-10-10T18:12:34.549Z,-0.8904,-22.0883,10,5.2,mww,central Mid-Atlantic Ridge
2024-10-10T17:59:07.833Z,-56.0759,-25.6263,10,4.6,mb,South Sandwich Islands region
2024-10-10T13:59:50.431Z,36.9912,4.4918,10,4.5,mb,"27 km NE of Arhribs, Algeria"
2024-10-10T12:49:53.125Z,-18.1422,-178.0294,610.684,4.5,mb,"281 km E of Levuka, Fiji"
2024-10-10T10:36:48.824Z,-28.2976,-176.3555,10,4.6,mb,Kermadec Islands region
2024-10-10T09:44:39.963Z,-47.5421,100.0106,10,5.4,mww,southeast Indian Ridge
2024-10-10T08:02:58.934Z,5.7512,-82.5629,10,4.5,mb,"254 km S of Burica, Panama"
2024-10-10T07:22:46.274Z,1.8848,127.163,107.508,4.9,mww,"95 km W of Tobelo, Indonesia"
2024-10-10T04:51:31.719Z,55.0093,-160.453,53.489,4.7,mww,"36 km S of Sand Point, Alaska"
2024-10-10T04:46:27.489Z,-37.3768,47.7444,10,5.1,mb,Southwest Indian Ridge
2024-10-10T03:13:40.609Z,-24.0154,-67.1347,190.178,4.5,mb,"85 km WNW of San Antonio de los Cobres, Argentina"
2024-10-10T02:33:02.967Z,42.211,143.3574,48.914,4.6,mb,"9 km SSE of Hiroo, Japan"
2024-10-09T23:01:30.807Z,-19.2241,-172.7219,10,4.5,mb,"147 km ESE of Neiafu, Tonga"
2024-10-09T22:57:57.818Z,-3.674,101.0161,35,4.7,mb,"139 km W of Bengkulu, Indonesia"
2024-10-09T21:26:45.329Z,-23.3965,-175.9185,35,4.7,mb,"248 km SSW of ‘Ohonua, Tonga"
2024-10-09T19:57:26.488Z,-31.8512,-178.4528,33.002,5.2,mb,Kermadec Islands region
2024-10-09T17:52:51.711Z,28.0503,105.1498,10.457,4.9,mb,"30 km SSE of Bowangshan, China"
2024-10-09T17:22:39.573Z,53.2163,159.748,69.123,4.5,mb,"76 km ENE of Petropavlovsk-Kamchatsky, Russia"
2024-10-09T11:19:41.598Z,37.5509,137.4286,10,4.6,mb,"58 km NE of Anamizu, Japan"
2024-10-09T09:42:53.680Z,7.9461,127.436,10,4.6,mb,"101 km ENE of Kinablangan, Philippines"
2024-10-09T06:50:16.819Z,-33.6205,-178.005,10,4.7,mb,south of the Kermadec Islands
2024-10-09T04:41:07.202Z,51.9309,-170.8214,35,5,mww,"174 km SW of Nikolski, Alaska"
2024-10-09T03:26:30.500Z,-0.4097,99.0961,52.487,4.5,mb,"116 km WNW of Pariaman, Indonesia"
2024-10-08T23:36:52.704Z,-6.8359,154.9386,10,4.6,mb,"83 km SW of Panguna, Papua New Guinea"
2024-10-08T20:25:44.530Z,10.4321,-86.291,10,4.5,mwr,"51 km WNW of Tamarindo, Costa Rica"
2024-10-08T19:22:17.650Z,-11.3042,161.6581,10,4.6,mb,"98 km SSW of Kirakira, Solomon Islands"
2024-10-08T16:34:42.468Z,-19.1765,-173.2119,10,4.7,mb,"99 km SE of Neiafu, Tonga"
2024-10-08T14:12:08.786Z,-7.6107,106.5374,38.155,4.9,mb,"68 km S of Pelabuhanratu, Indonesia"
2024-10-08T13:37:56.864Z,-11.2005,161.9279,10,4.6,mb,"82 km S of Kirakira, Solomon Islands"
2024-10-08T13:12:30.013Z,-33.4762,-178.5577,10,4.5,mb,south of the Kermadec Islands
2024-10-08T12:51:37.527Z,-21.2078,-67.7569,161.305,4.6,mb,"51 km E of Ollagüe, Chile"
2024-10-08T10:38:43.318Z,-5.7699,107.4653,305.845,4.9,mb,"46 km NNE of Rengasdengklok, Indonesia"
2024-10-08T09:07:49.628Z,-33.4696,-178.7928,10,4.8,mb,south of the Kermadec Islands
2024-10-08T08:07:23.902Z,-33.6289,-178.5416,10,5,mb,south of the Kermadec Islands
2024-10-08T08:05:48.690Z,-33.4881,-179.023,10,4.5,mb,south of the Kermadec Islands
2024-10-08T01:28:29.229Z,2.3199,126.9463,35,4.7,mb,"135 km WNW of Tobelo, Indonesia"
2024-10-08T01:27:18.819Z,-33.4122,-178.4646,10,4.8,mb,south of the Kermadec Islands
2024-10-08T00:35:35.956Z,-36.2933,-99.1831,10,5.7,mww,southeast of Easter Island
2024-10-07T23:59:05.581Z,-33.4502,-178.6412,13,5.8,mww,south of the Kermadec Islands
2024-10-07T20:20:26.287Z,7.4416,126.2046,10,4.9,mb,"19 km SSE of Bantacan, Philippines"
2024-10-07T15:43:15.122Z,37.4794,72.251,190.08,4.5,mb,"58 km N of Khandūd, Afghanistan"
2024-10-07T12:21:30.010Z,10.7792,-62.8681,106.08,4.7,mww,"23 km N of Yaguaraparo, Venezuela"
2024-10-07T12:17:16.707Z,15.281,146.2615,55.189,4.5,mb,"54 km E of Saipan, Northern Mariana Islands"
2024-10-07T09:36:58.446Z,-19.6019,169.0635,144.989,5.4,mww,"23 km WSW of Isangel, Vanuatu"
2024-10-07T06:18:46.409Z,38.2726,23.33,10,4.5,mwr,"5 km S of Thívai, Greece"
2024-10-07T05:54:58.431Z,34.8922,26.2045,10,4.8,mb,"34 km S of Palekastro, Greece"
2024-10-07T05:51:17.118Z,-18.9526,-173.174,10,5.3,mb,"91 km ESE of Neiafu, Tonga"
2024-10-07T05:49:55.387Z,-24.1405,-67.056,172.174,4.5,mb,"75 km W of San Antonio de los Cobres, Argentina"
2024-10-07T05:35:06.777Z,-24.1381,-67.0017,172.392,4.9,mww,"69 km W of San Antonio de los Cobres, Argentina"
2024-10-07T05:01:56.043Z,25.3641,142.6165,10,4.9,mb,"Volcano Islands, Japan region"
2024-10-07T04:04:43.406Z,-3.3059,146.2114,10,4.5,mb,"183 km SW of Lorengau, Papua New Guinea"
2024-10-07T03:58:34.444Z,-12.5569,165.4533,10,4.7,mb,"206 km S of Lata, Solomon Islands"
2024-10-07T02:24:16.449Z,-3.7282,151.4222,10,4.5,mb,"97 km WNW of Rabaul, Papua New Guinea"
2024-10-07T01:36:55.795Z,-28.4801,-176.4982,10,4.5,mb,Kermadec Islands region
2024-10-07T01:00:07.713Z,6.666,125.8758,10,4.5,mb,"21 km W of Sigaboy, Philippines"
2024-10-07T00:33:19.114Z,-33.3598,-178.4519,10,5,mb,south of the Kermadec Islands
2024-10-06T21:52:58.610Z,-13.5989,-111.3046,10,5.6,mww,central East Pacific Rise
2024-10-06T21:50:51.519Z,-20.9469,-174.153,10,5.1,mb,"94 km ENE of ‘Ohonua, Tonga"
2024-10-06T21:35:03.583Z,-33.4265,-178.5094,10,4.9,mb,south of the Kermadec Islands
2024-10-06T20:04:07.754Z,-4.9485,102.8488,64.828,4.5,mb,"111 km SSW of Pagar Alam, Indonesia"
2024-10-06T17:56:26.452Z,64.6359,-17.8257,10,5.1,mww,"117 km S of Akureyri, Iceland"
2024-10-06T17:10:04.271Z,9.2414,40.1774,10,5.2,mww,"28 km N of Āwash, Ethiopia"
2024-10-06T17:04:41.341Z,14.3882,125.079,10,4.6,mb,"100 km ENE of Panganiban, Philippines"
2024-10-06T13:00:58.071Z,-17.2032,171.6309,10,5.2,mww,Vanuatu region
2024-10-06T12:03:58.177Z,-31.5621,76.8881,10,5.2,mww,Mid-Indian Ridge
2024-10-06T11:08:57.174Z,53.2359,-167.0424,52.476,4.5,mwr,"78 km SSW of Unalaska, Alaska"
2024-10-06T08:34:13.115Z,53.2682,-167.1085,55.566,4.8,mwr,"77 km SSW of Unalaska, Alaska"
2024-10-06T06:13:55.290Z,28.0856,139.7501,423.286,4.7,mb,"Bonin Islands, Japan region"
2024-10-06T05:26:36.433Z,12.4001,123.6767,10,4.8,mb,"6 km ENE of Masbate, Philippines"
2024-10-06T02:59:23.357Z,-18.0798,120.3681,10,4.5,mb,"195 km W of Cable Beach, Australia"
2024-10-06T02:56:52.795Z,51.7454,175.4168,51.324,4.5,mb,"195 km SE of Attu Station, Alaska"
2024-10-06T01:49:29.936Z,37.993,141.872,52.504,4.5,mb,"62 km SE of Onagawa Chō, Japan"
2024-10-05T23:48:47.802Z,-23.4746,171.5197,10,4.7,mb,southeast of the Loyalty Islands
2024-10-05T23:24:44.318Z,-28.1991,-176.2805,10,4.6,mb,Kermadec Islands region
2024-10-05T23:02:01.826Z,-28.6102,-176.3793,10,5.2,mb,Kermadec Islands region
2024-10-05T19:25:31.212Z,30.349,141.9749,10,4.5,mb,"Izu Islands, Japan region"
2024-10-05T19:15:34.493Z,35.3765,52.8908,10,4.5,mb,"50 km WSW of Semnan, Iran"
2024-10-05T16:24:05.958Z,-6.8952,155.1174,10,4.9,mb,"75 km SSW of Panguna, Papua New Guinea"
2024-10-05T16:08:55.026Z,-41.2833,174.413,44.404,5.1,mww,"27 km W of Karori, New Zealand"
2024-10-05T15:52:57.195Z,9.9181,126.2352,10,4.5,mb,"16 km ENE of Pilar, Philippines"
2024-10-05T15:41:51.486Z,23.1298,94.309,46.447,4.5,mb,"57 km S of Mawlaik, Myanmar"
2024-10-05T14:40:33.866Z,10.0065,126.371,18.767,4.9,mb,"33 km ENE of Pilar, Philippines"
2024-10-05T14:03:09.192Z,37.6618,-31.7659,10,4.5,mb,"197 km SSW of Lajes das Flores, Portugal"
2024-10-05T12:50:42.101Z,53.1716,-167.0656,41.164,5.4,mww,"85 km SSW of Unalaska, Alaska"
2024-10-05T12:50:24.746Z,53.1301,-167.0003,46.989,4.6,mb,"88 km SSW of Unalaska, Alaska"
2024-10-05T12:08:13.123Z,37.7942,-31.6355,10,4.8,mb,"180 km SSW of Lajes das Flores, Portugal"
2024-10-05T11:56:35.545Z,-33.451,-178.61,10,4.5,mb,south of the Kermadec Islands
2024-10-05T11:45:30.156Z,-17.5146,-173.4918,35,5.2,mww,"136 km NNE of Neiafu, Tonga"
2024-10-05T11:19:10.848Z,-18.7092,-177.5686,374.968,4.5,mb,Fiji region
2024-10-05T10:42:25.129Z,-19.3316,-172.5453,10,4.9,mb,"169 km ESE of Neiafu, Tonga"
2024-10-05T08:25:14.749Z,-16.1798,167.9439,185.588,4.8,mb,"57 km E of Lakatoro, Vanuatu"
2024-10-05T07:51:32.347Z,12.8459,143.5711,148.478,4.5,mb,"127 km WSW of Merizo Village, Guam"
2024-10-05T03:32:31.545Z,-58.6151,-23.5599,10,4.5,mb,South Sandwich Islands region
2024-10-05T01:24:38.925Z,-18.7579,-172.8074,10,4.6,mb,"124 km E of Neiafu, Tonga"
2024-10-04T21:21:12.003Z,4.8966,126.1748,98.963,4.7,mb,"96 km SE of Sarangani, Philippines"
2024-10-04T21:15:11.563Z,-19.9349,-175.1468,110.348,4.6,mb,"84 km W of Pangai, Tonga"
2024-10-04T20:48:36.361Z,-17.4824,-178.9118,557.399,4.5,mb,"198 km ENE of Levuka, Fiji"
2024-10-04T14:48:06.824Z,9.963,126.4172,39.502,4.7,mb,"36 km ENE of Pilar, Philippines"
2024-10-04T13:58:58.791Z,-55.4887,-124.7274,10,5.3,mww,southern East Pacific Rise
2024-10-04T13:53:10.172Z,-15.3813,167.9921,125.836,4.7,mb,"90 km E of Luganville, Vanuatu"
2024-10-04T13:49:01.052Z,70.7217,-14.714,10,5.2,mww,"220 km W of Olonkinbyen, Svalbard and Jan Mayen"
2024-10-04T12:34:31.127Z,-18.9877,-172.642,10,4.7,mb,"146 km ESE of Neiafu, Tonga"
2024-10-04T12:16:52.336Z,-19.2863,-172.5742,10,4.7,mb,"164 km ESE of Neiafu, Tonga"
2024-10-04T11:47:46.120Z,70.7184,-14.8316,10,4.8,mb,"225 km W of Olonkinbyen, Svalbard and Jan Mayen"
2024-10-04T11:42:16.166Z,70.6525,-14.6411,10,5,mww,"219 km W of Olonkinbyen, Svalbard and Jan Mayen"
2024-10-04T10:51:22.914Z,-52.3048,15.4916,10,4.5,mb,southwest of Africa
2024-10-04T10:09:59.089Z,3.6069,126.7249,52.739,4.7,mb,"243 km SE of Sarangani, Philippines"
2024-10-04T08:58:49.170Z,70.6467,-14.5171,10,4.8,mww,"215 km W of Olonkinbyen, Svalbard and Jan Mayen"
2024-10-04T08:53:02.196Z,-5.5274,34.2383,9.441,4.7,mb,"33 km NW of Itigi, Tanzania"
2024-10-04T06:32:16.800Z,-4.7863,133.7529,10,4.5,mb,"144 km NE of Tual, Indonesia"
2024-10-04T05:57:19.724Z,37.907,33.2723,10,4.5,mb,"32 km NW of Karapınar, Turkey"
2024-10-04T03:06:29.841Z,52.1282,178.0648,172.54,4.5,mb,"Rat Islands, Aleutian Islands, Alaska"
2024-10-03T20:53:44.177Z,2.7785,128.1817,164.01,4.7,mb,"117 km N of Tobelo, Indonesia"
2024-10-03T20:10:01.956Z,70.7182,-14.7933,10,4.6,mb,"223 km W of Olonkinbyen, Svalbard and Jan Mayen"
2024-10-03T20:05:13.564Z,5.7495,126.1932,114.378,4.7,mb,"62 km ESE of Mangili, Philippines"
2024-10-03T19:30:49.709Z,-17.7137,-178.4049,530.548,4.5,mb,"244 km E of Levuka, Fiji"
2024-10-03T17:39:44.263Z,-37.2493,52.1603,10,4.9,mb,South Indian Ocean
2024-10-03T16:15:39.534Z,12.7295,143.3987,97.217,4.6,mb,"150 km WSW of Merizo Village, Guam"
2024-10-03T14:42:17.852Z,-22.8144,-176.8726,161.797,4.9,mb,"243 km SW of Houma, Tonga"
2024-10-03T13:54:18.850Z,51.0404,-176.1539,20.025,4.5,mb,"98 km SSE of Adak, Alaska"
2024-10-03T13:08:40.444Z,51.2896,-176.9375,35,5,mww,"68 km SSW of Adak, Alaska"
2024-10-03T13:08:06.345Z,-28.42,-176.3347,10,5.2,mww,Kermadec Islands region
2024-10-03T10:43:13.774Z,-0.9168,148.4037,10,5,mww,"176 km NE of Lorengau, Papua New Guinea"
2024-10-03T10:05:52.943Z,-3.3476,131.1058,21.612,4.5,mb,"140 km WSW of Fakfak, Indonesia"
2024-10-03T10:03:08.804Z,-3.3399,130.9908,10,4.7,mb,"152 km WSW of Fakfak, Indonesia"
2024-10-03T08:19:05.009Z,21.3515,-45.4184,10,5,mb,northern Mid-Atlantic Ridge
2024-10-03T03:09:05.071Z,12.1586,143.9809,10,5,mb,"143 km SSW of Merizo Village, Guam"
2024-10-03T01:50:31.284Z,-46.8937,33.3709,10,5.1,mb,Prince Edward Islands region
2024-10-02T23:27:06.853Z,11.8155,125.5329,40.157,4.7,mb,"8 km E of Sulat, Philippines"
2024-10-02T21:41:45.992Z,-14.3317,167.3601,201.758,5.1,mww,"54 km SSW of Sola, Vanuatu"
2024-10-02T21:05:40.918Z,-35.0252,179.783,35,4.6,mb,off the east coast of the North Island of New Zealand
2024-10-02T20:44:00.077Z,5.7471,125.9934,101.321,4.5,mb,"43 km ESE of Caburan, Philippines"
2024-10-02T19:41:00.677Z,11.988,-86.7285,105.322,4.6,mb,"24 km W of Villa El Carmen, Nicaragua"
2024-10-02T17:58:43.120Z,20.2862,145.1296,10,4.5,mb,"Maug Islands region, Northern Mariana Islands"
2024-10-02T16:20:48.904Z,-4.5228,101.7851,35,4.6,mb,"96 km SW of Bengkulu, Indonesia"
2024-10-02T14:40:52.638Z,35.53,141.0564,39,4.7,mb,"30 km SE of Hasaki, Japan"
2024-10-02T10:51:11.450Z,13.1685,-89.8733,48.243,4.5,mwr,"47 km S of Acajutla, El Salvador"
2024-10-02T10:13:45.657Z,23.0628,141.5958,219.901,4.7,mb,"Volcano Islands, Japan region"
2024-10-02T08:11:53.594Z,-20.4577,-178.3572,542.566,4.5,mb,Fiji region
2024-10-02T02:28:15.881Z,-22.436,-12.4358,10,4.6,mb,southern Mid-Atlantic Ridge
2024-10-02T01:20:37.017Z,9.0263,126.9253,10,4.9,mb,"69 km ENE of Aras-asan, Philippines"
2024-10-02T01:09:07.759Z,-46.881,-10.513,10,5.3,mww,southern Mid-Atlantic Ridge
2024-10-02T00:51:15.119Z,-19.0858,-172.7059,10,4.7,mb,"142 km ESE of Neiafu, Tonga"
2024-10-01T23:52:46.806Z,3.7563,95.7987,47.513,4.6,mb,"56 km SW of Meulaboh, Indonesia"
2024-10-01T22:45:22.822Z,-19.1243,-172.7394,10,4.7,mb,"141 km ESE of Neiafu, Tonga"
2024-10-01T21:59:28.762Z,-16.4829,-173.6455,70.74,4.7,mb,"60 km SSE of Hihifo, Tonga"
2024-10-01T21:37:58.744Z,-1.0769,127.4296,10,4.7,mb,"50 km S of Labuha, Indonesia"
2024-10-01T21:19:49.760Z,14.1621,124.8171,10,5.9,mww,"62 km NE of Gigmoto, Philippines"
2024-10-01T20:58:56.514Z,-18.9348,-173.3559,10,4.5,mb,"73 km ESE of Neiafu, Tonga"
2024-10-01T20:33:44.804Z,16.7269,119.9899,35,4.7,mb,"34 km N of Binabalian, Philippines"
2024-10-01T20:05:34.967Z,-19.2886,-173.0007,10,6.6,mww,"125 km SE of Neiafu, Tonga"
2024-10-01T17:27:01.877Z,9.4152,126.4891,66.406,4.5,mb,"36 km ENE of Cortes, Philippines"
2024-10-01T16:02:12.491Z,-49.0345,121.3773,10,4.6,mb,western Indian-Antarctic Ridge
2024-10-01T15:43:46.466Z,-14.7753,168.015,16.791,4.6,mb,"105 km ENE of Port-Olry, Vanuatu"
2024-10-01T15:29:19.684Z,-48.9064,121.2112,10,4.5,mb,western Indian-Antarctic Ridge
2024-10-01T13:17:18.960Z,-41.0979,43.4336,10,4.5,mb,Prince Edward Islands region
2024-10-01T12:24:40.302Z,-29.1135,-176.2157,10,4.7,mb,Kermadec Islands region
2024-10-01T11:16:05.646Z,-2.9412,129.5088,10,4.5,mb,"71 km ENE of Masohi, Indonesia"
2024-10-01T10:11:49.130Z,52.7741,160.5177,25.218,4.9,mb,"131 km ESE of Petropavlovsk-Kamchatsky, Russia"
2024-10-01T09:28:05.313Z,-5.9828,124.8988,576,6.1,mww,"260 km ESE of Baubau, Indonesia"
2024-10-01T09:17:15.591Z,-2.6694,-80.895,35,4.6,mb,"48 km S of La Libertad, Ecuador"
2024-10-01T09:07:36.362Z,-2.6626,-80.8407,35,4.5,mwr,"48 km S of La Libertad, Ecuador"
2024-10-01T08:38:37.941Z,-19.9509,-175.4323,160.771,4.7,mb,"113 km W of Pangai, Tonga"
2024-10-01T08:23:31.735Z,-19.5584,-174.3044,61.053,5.1,mb,"21 km N of Fangale’ounga, Tonga"
2024-10-01T08:23:10.256Z,4.3442,-87.4865,10,4.6,mb,off the coast of Central America
2024-10-01T07:10:38.542Z,0.4813,122.3155,122.886,5,mb,"83 km W of Gorontalo, Indonesia"
2024-10-01T05:52:51.403Z,31.4418,132.4078,27.454,4.6,mb,"100 km E of Nichinan, Japan"
2024-10-01T05:20:02.055Z,31.3972,132.3059,21.9,4.7,mb,"92 km ESE of Nichinan, Japan"
2024-10-01T05:01:57.286Z,-20.1744,-70.7062,22.259,5.3,mww,"57 km W of Puerto, Chile"
2024-10-01T02:18:21.812Z,1.1593,98.8652,100.61,4.8,mww,"51 km WSW of Padangsidempuan, Indonesia"
2024-10-01T01:33:38.644Z,-5.2843,152.6343,35,5,mb,"111 km SSE of Kokopo, Papua New Guinea"
2024-10-01T00:55:10.145Z,-5.2123,152.7186,35,4.6,mb,"108 km SSE of Kokopo, Papua New Guinea"
2024-09-30T21:14:17.212Z,-54.5329,5.226,10,4.6,mb,Bouvet Island region
2024-09-30T17:38:29.391Z,13.0986,-91.0443,11.475,4.6,mb,"94 km SSW of Puerto San José, Guatemala"
2024-09-30T15:25:16.411Z,-5.677,131.1859,66.742,4.5,mb,"173 km W of Tual, Indonesia"
2024-09-30T12:21:58.340Z,53.0161,160.2468,30,5.9,mww,"108 km E of Petropavlovsk-Kamchatsky, Russia"
2024-09-30T10:04:47.645Z,8.4388,126.5264,94.586,4.5,mb,"22 km ENE of Hinatuan, Philippines"
2024-09-30T08:14:13.220Z,-4.6855,152.4581,67.693,4.7,mb,"43 km SSE of Kokopo, Papua New Guinea"
2024-09-30T02:44:33.489Z,9.1058,40.0807,10,4.5,mb,"16 km NW of Āwash, Ethiopia"
2024-09-29T20:02:26.438Z,-20.8069,-67.3533,194.104,4.5,mb,"67 km SW of Uyuni, Bolivia"
2024-09-29T14:10:46.166Z,-31.455,-178.6928,75.114,4.5,mb,Kermadec Islands region
2024-09-29T11:09:16.673Z,2.4975,126.838,46.013,5.2,mww,"155 km WNW of Tobelo, Indonesia"
2024-09-29T07:05:47.358Z,6.7214,-73.1171,157.274,4.7,mb,"2 km WSW of Jordán, Colombia"
2024-09-29T06:53:33.969Z,10.5139,124.465,10,5,mww,"14 km SSE of Poro, Philippines"
2024-09-29T06:27:55.836Z,-4.1519,129.8853,36.969,4.6,mb,"138 km SE of Masohi, Indonesia"
2024-09-29T05:18:45.813Z,79.9937,137.0957,10,4.6,mb,north of the New Siberian Islands
2024-09-29T04:25:16.543Z,33.8731,71.043,10,4.5,mb,"26 km SSW of Landi Kotal, Pakistan"
2024-09-29T04:00:00.440Z,38.5114,70.4718,23.399,4.5,mb,"55 km E of Sarikhosor, Tajikistan"
2024-09-29T01:46:35.269Z,-21.252,-70.244,64.394,4.5,mwr,"93 km N of Tocopilla, Chile"
2024-09-29T00:30:47.515Z,-16.9484,167.6193,44.36,4.5,mb,"96 km SSE of Lakatoro, Vanuatu"
2024-09-28T19:56:23.165Z,37.7739,70.0824,10,4.5,mb,"30 km ESE of Kŭlob, Tajikistan"
2024-09-28T19:13:34.230Z,11.7919,-73.4917,10,4.6,mb,"60 km NNW of Dibulla, Colombia"
2024-09-28T19:12:09.322Z,11.8435,-73.4642,10,4.5,mb,"65 km NNW of Dibulla, Colombia"
2024-09-28T18:55:44.464Z,-40.0111,78.3125,10,4.6,mb,Mid-Indian Ridge
2024-09-28T18:28:16.304Z,3.2134,125.6383,174.056,4.6,mb,"204 km NNE of Bitung, Indonesia"
2024-09-28T17:53:11.656Z,33.1413,137.1754,10,4.5,mb,"128 km ESE of Shingū, Japan"
2024-09-28T17:09:55.092Z,3.0962,122.424,536.792,4.5,mb,"291 km NNW of Gorontalo, Indonesia"
2024-09-28T16:52:39.434Z,-15.7267,-178.6642,10,5.1,mww,"167 km SSW of Alo, Wallis and Futuna"
2024-09-28T15:43:06.349Z,80.1349,137.2343,10,4.9,mb,Lomonosov Ridge
2024-09-28T15:40:48.421Z,-10.9898,161.3915,19.069,4.9,mww,"82 km SW of Kirakira, Solomon Islands"
2024-09-28T13:09:25.543Z,38.0574,73.2204,10,4.5,mb,"66 km W of Murghob, Tajikistan"
2024-09-28T12:32:38.564Z,25.8513,141.7033,86.547,5.2,mb,"Volcano Islands, Japan region"
2024-09-28T12:18:13.410Z,37.2814,21.1868,11.41,4.7,mb,"37 km WNW of Filiatrá, Greece"
2024-09-28T12:14:10.043Z,39.0526,56.027,10,4.6,mb,"23 km WNW of Serdar, Turkmenistan"
2024-09-28T03:06:12.212Z,41.8636,-126.8678,10,4.5,mb,"209 km WSW of Pistol River, Oregon"
2024-09-28T03:04:19.771Z,41.8723,-126.3717,14.727,5.1,mww,"169 km WSW of Pistol River, Oregon"
2024-09-27T23:47:54.748Z,9.0388,40.0402,10.266,4.5,mb,"15 km WNW of Āwash, Ethiopia"
2024-09-27T23:45:24.450Z,8.8155,40.077,8.867,4.5,mb,"19 km ESE of Metahāra, Ethiopia"
2024-09-27T23:39:25.862Z,11.0456,-62.6093,118.671,4.8,mb,"57 km NNE of Yaguaraparo, Venezuela"
2024-09-27T22:22:50.828Z,53.9944,158.7924,145.775,4.6,mb,"78 km S of Mil’kovo, Russia"
2024-09-27T22:04:26.006Z,-19.378,169.0156,146.283,4.6,mb,"33 km WNW of Isangel, Vanuatu"
2024-09-27T21:56:48.177Z,-22.9451,-177.1964,165.627,5.2,mww,"277 km SW of Houma, Tonga"
2024-09-27T18:59:08.036Z,-22.6217,-67.6783,145.571,4.5,mb,"62 km ENE of San Pedro de Atacama, Chile"
2024-09-27T18:49:35.425Z,-27.3837,-71.9792,10,4.6,mb,"163 km W of Copiapó, Chile"
2024-09-27T18:35:22.035Z,-41.2103,-90.1998,10,5,mww,southeast of Easter Island
2024-09-27T15:45:19.335Z,-22.5992,-112.5224,10,4.5,mb,Easter Island region
2024-09-27T15:24:35.730Z,-27.9677,-13.4,10,4.5,mb,southern Mid-Atlantic Ridge
2024-09-27T14:58:08.886Z,-19.9642,169.3284,109.657,5.1,mww,"47 km S of Isangel, Vanuatu"
2024-09-27T14:23:44.073Z,-28.0382,-12.8786,10,5.1,mww,southern Mid-Atlantic Ridge
2024-09-27T13:50:28.911Z,12.4786,142.7187,60.518,4.8,mb,"228 km WSW of Merizo Village, Guam"
2024-09-27T13:43:56.030Z,-28.0492,-13.3193,10,4.6,mb,southern Mid-Atlantic Ridge
2024-09-27T12:20:05.360Z,8.9458,39.9599,10,4.5,mb,"6 km NE of Metahāra, Ethiopia"
2024-09-27T11:20:17.315Z,-30.8385,-179.7256,355.217,5.2,mww,Kermadec Islands region
2024-09-27T10:44:18.707Z,-24.9172,178.6504,599.12,4.6,mb,south of the Fiji Islands
2024-09-27T09:37:25.922Z,-13.5682,-171.4086,10,4.6,mb,"39 km NNE of Lufilufi, Samoa"
2024-09-27T09:32:03.179Z,-13.7621,174.9851,10,4.6,mb,Fiji region
2024-09-27T08:42:35.164Z,54.9844,162.784,10,4.5,mb,"139 km S of Ust’-Kamchatsk Staryy, Russia"
2024-09-27T05:40:55.437Z,-7.2216,147.3712,56.729,4.9,mb,"68 km SE of Lae, Papua New Guinea"
2024-09-27T04:36:19.941Z,8.8728,39.9797,10,4.9,mb,"7 km ESE of Metahāra, Ethiopia"
2024-09-27T03:39:30.561Z,11.8445,-87.7374,35,5,mww,"93 km SW of Corinto, Nicaragua"
2024-09-27T02:23:00.926Z,-11.0022,161.4331,10,5.2,mww,"80 km SW of Kirakira, Solomon Islands"
2024-09-27T01:35:43.588Z,-11.5525,-13.506,10,4.9,mb,Ascension Island region
2024-09-26T23:27:42.432Z,8.2939,127.4205,10,4.7,mb,"109 km E of Barcelona, Philippines"
2024-09-26T22:02:01.920Z,-41.4527,-86.3234,10,5,mww,West Chile Rise
2024-09-26T19:19:28.664Z,-17.199,66.5336,10,6.3,mww,Mauritius - Reunion region
2024-09-26T19:03:01.844Z,18.0789,-100.4132,67.124,4.9,mww,"9 km SSW of San Miguel Totolapan, Mexico"
2024-09-26T10:49:06.526Z,39.8218,143.391,35,4.5,mb,"125 km E of Miyako, Japan"
2024-09-26T08:33:10.938Z,19.0042,146.5138,87.902,4.9,mb,Mariana Islands region
2024-09-26T07:54:31.761Z,12.3319,-88.0337,57.449,4.7,mb,"78 km SW of Jiquilillo, Nicaragua"
2024-09-26T07:01:09.508Z,42.8235,145.0928,50,5.5,mww,"30 km SE of Akkeshi, Japan"
2024-09-26T01:40:51.600Z,27.6432,143.0633,10,4.8,mb,"Bonin Islands, Japan region"
2024-09-26T01:17:17.003Z,0.5654,99.7589,150.106,4.6,mb,"105 km SSE of Padangsidempuan, Indonesia"
2024-09-25T21:10:39.891Z,-21.7376,169.3182,10,4.8,mb,"150 km E of Tadine, New Caledonia"
2024-09-25T20:42:17.255Z,-15.3021,168.0552,10,4.6,mb,"98 km ENE of Luganville, Vanuatu"
2024-09-25T16:17:53.939Z,3.4933,126.9349,47.295,4.6,mb,"228 km NNW of Tobelo, Indonesia"
2024-09-25T14:01:05.073Z,-57.6266,-6.9134,10,5.3,mww,southern Mid-Atlantic Ridge
2024-09-25T13:11:39.617Z,-17.451,167.9441,35,4.9,mb,"50 km NW of Port-Vila, Vanuatu"
2024-09-25T13:02:13.816Z,27.8789,131.5568,10,4.7,mb,"202 km ESE of Tatsugō, Japan"
2024-09-25T11:53:32.668Z,41.6545,88.8129,10,4.5,mb,"146 km SSW of Turpan, China"
2024-09-25T10:57:04.038Z,-50.0376,111.7084,10,4.5,mb,southeast Indian Ridge
2024-09-25T09:07:07.155Z,12.5325,123.6961,10,4.6,mb,"4 km WSW of Luna, Philippines"
2024-09-25T06:43:21.209Z,14.3393,-93.2518,10,5.3,mww,"98 km WSW of Puerto Madero, Mexico"
2024-09-25T05:24:28.761Z,-36.9349,77.4991,10,4.6,mb,Mid-Indian Ridge
2024-09-25T02:11:34.607Z,14.2007,-93.3792,10,4.5,mb,"118 km WSW of Puerto Madero, Mexico"
2024-09-25T02:04:21.978Z,-11.2484,162.0728,10,4.6,mb,"89 km S of Kirakira, Solomon Islands"
2024-09-24T21:58:09.070Z,-16.8592,-176.9705,10,5.4,mww,Fiji region
2024-09-24T21:54:11.478Z,-16.7514,-177.1516,10,4.9,mb,"288 km SSE of Alo, Wallis and Futuna"
2024-09-24T17:07:41.507Z,41.5785,143.2834,48.073,4.5,mb,"68 km SSE of Honchō, Japan"
2024-09-24T14:24:26.780Z,-25.864,-70.8688,51.785,5.2,mww,"63 km SW of Taltal, Chile"
2024-09-24T13:32:02.751Z,-56.1943,-27.0966,73.857,4.7,mb,South Sandwich Islands region
2024-09-24T10:58:37.972Z,-4.337,143.1614,92.18,4.9,mb,"40 km ESE of Ambunti, Papua New Guinea"
2024-09-24T10:37:50.107Z,21.124,94.9956,128.814,4.5,mb,"25 km SSW of Pakokku, Myanmar"
2024-09-24T09:24:24.060Z,12.6154,93.5592,86.076,4.6,mb,"136 km NE of Bamboo Flat, India"
2024-09-24T08:36:07.316Z,-27.0806,-176.1125,10,4.6,mb,Kermadec Islands region
2024-09-24T07:08:56.327Z,-25.6015,-115.8014,10,4.5,mb,southern East Pacific Rise
2024-09-24T06:59:45.365Z,-25.4455,-115.9057,10,5.1,mww,southern East Pacific Rise
2024-09-24T06:00:47.156Z,31.3579,140.3329,10,4.6,mb,"Izu Islands, Japan region"
2024-09-24T00:58:46.443Z,-31.3501,-65.6919,151.869,5,mww,"57 km W of Salsacate, Argentina"
2024-09-24T00:38:06.935Z,29.7445,130.5744,53.553,4.5,mb,"54 km S of Koshima, Japan"
2024-09-23T23:41:10.731Z,19.6741,120.5973,18.508,4.5,mb,"124 km N of Pagudpud, Philippines"
2024-09-23T23:14:20.196Z,31.5066,140.0417,19.112,5.6,mww,"Izu Islands, Japan region"
2024-09-23T20:45:23.119Z,-4.6309,102.6663,62.263,4.8,mb,"92 km SW of Pagar Alam, Indonesia"
2024-09-23T19:51:02.568Z,-0.0469,122.8918,143,6,mww,"67 km SSW of Gorontalo, Indonesia"
2024-09-23T19:08:46.536Z,-32.8176,179.8043,194.568,5,mb,south of the Kermadec Islands
2024-09-23T17:52:22.508Z,11.8755,143.5716,10,4.5,mb,"194 km SW of Merizo Village, Guam"
2024-09-23T12:50:10.284Z,30.0396,141.9109,28.977,4.7,mb,"Izu Islands, Japan region"
2024-09-23T11:20:22.419Z,41.4242,84.0677,10,4.5,mb,"100 km ESE of Kuqa, China"
2024-09-23T08:17:01.194Z,-8.8663,158.0537,10,4.6,mb,"157 km ESE of Gizo, Solomon Islands"
2024-09-23T06:53:48.269Z,43.6688,145.9881,97.656,4.5,mb,"41 km SSE of Yuzhno-Kurilsk, Russia"
2024-09-23T05:08:31.426Z,73.2428,6.3939,10,5.1,mww,Greenland Sea
2024-09-23T03:07:42.653Z,-26.1234,179.1151,518.512,4.8,mb,south of the Fiji Islands
2024-09-23T02:50:11.148Z,10.6333,91.5652,10,4.6,mb,"172 km SW of Port Blair, India"
2024-09-23T02:47:53.336Z,-7.7172,147.1113,35,4.7,mb,"60 km SE of Wau, Papua New Guinea"
2024-09-23T02:36:39.125Z,-29.7019,-71.1952,61,5.4,mww,"23 km NNE of La Serena, Chile"
2024-09-22T23:11:06.012Z,-20.6771,-178.167,543.02,4.9,mb,Fiji region
2024-09-22T21:56:34.337Z,-28.6969,-176.4989,18.899,4.5,mb,Kermadec Islands region
2024-09-22T20:42:35.850Z,-17.3948,66.5546,10,5.4,mww,Mauritius - Reunion region
2024-09-22T20:13:43.928Z,-14.9991,-173.7841,35,4.5,mb,"105 km N of Hihifo, Tonga"
2024-09-22T19:42:33.583Z,-19.5079,-66.678,257.208,4.9,mww,"67 km S of Challapata, Bolivia"
2024-09-22T18:46:38.370Z,-32.0313,-71.5626,53.976,5.1,mww,"56 km NNW of La Ligua, Chile"
2024-09-22T12:43:35.275Z,37.7851,57.33,10,4.8,mb,"34 km N of Bojnūrd, Iran"
2024-09-22T11:29:24.574Z,-6.7572,153.8392,10,4.5,mb,"188 km WSW of Panguna, Papua New Guinea"
2024-09-22T10:57:36.722Z,-31.8874,-67.0955,119.95,4.5,mb,"105 km NW of Villa General Roca, Argentina"
2024-09-22T09:50:26.180Z,40.3409,24.3013,10,4.8,mwr,"10 km NNE of Karyes, Greece"
2024-09-22T08:43:08.358Z,-41.3779,-87.8171,10,5.3,mww,West Chile Rise
2024-09-22T02:25:47.516Z,13.2483,-89.4248,76.93,5,mww,"28 km SSW of La Libertad, El Salvador"
2024-09-21T23:58:46.023Z,37.6784,57.3172,10,4.6,mb,"22 km N of Bojnūrd, Iran"
2024-09-21T22:12:40.962Z,-24.0193,-176.7237,80.338,4.5,mb,south of the Fiji Islands
2024-09-21T21:31:52.345Z,6.7061,-73.0217,157.575,4.7,mb,"1 km NNW of Aratoca, Colombia"
2024-09-21T21:24:28.737Z,-31.8909,-66.887,141,6,mww,"95 km NNW of Villa General Roca, Argentina"
2024-09-21T19:54:40.634Z,17.844,-101.3056,44.726,4.7,mb,"8 km SSE of Vallecitos de Zaragoza, Mexico"
2024-09-21T17:21:19.418Z,51.2868,-178.4612,44.504,5.4,mww,"142 km WSW of Adak, Alaska"
2024-09-21T16:41:36.445Z,10.5828,91.6213,10,4.9,mb,"171 km SW of Port Blair, India"
2024-09-21T15:17:38.608Z,-41.4839,-87.8393,10,5,mb,West Chile Rise
2024-09-21T14:42:44.531Z,36.1129,70.8054,112.973,4.5,mb,"77 km N of Pārūn, Afghanistan"
2024-09-21T13:14:00.993Z,24.3065,141.4191,121.723,4.5,mb,"Volcano Islands, Japan region"
2024-09-21T10:51:09.004Z,24.2143,121.6895,31.621,4.8,mwr,"27 km NNE of Hualien City, Taiwan"
2024-09-21T05:42:42.543Z,-56.2186,-26.016,10,4.6,mb,South Sandwich Islands region
2024-09-21T02:32:17.107Z,-29.064,-176.4824,9,5.6,mww,Kermadec Islands region
2024-09-20T23:26:16.183Z,-8.3784,115.3408,10,4.6,mb,"15 km NW of Banjar Wangsian, Indonesia"
2024-09-20T23:11:44.396Z,-31.2886,-68.6748,106.933,4.5,mb,"21 km NW of Albardón, Argentina"
2024-09-20T21:16:31.742Z,28.1095,57.1584,10,4.5,mb,"108 km N of Mīnāb, Iran"
2024-09-20T21:05:41.263Z,-32.5371,-178.0623,10,4.5,mb,south of the Kermadec Islands
2024-09-20T17:31:24.707Z,22.0519,144.3637,64.512,4.8,mb,"Volcano Islands, Japan region"
2024-09-20T17:02:08.534Z,-57.9591,-25.5884,88.189,4.6,mb,South Sandwich Islands region
2024-09-20T16:44:46.468Z,-18.3588,-177.7407,628.362,4.6,mb,Fiji region
2024-09-20T15:39:58.824Z,-12.8881,67.0372,10,4.5,mb,Mid-Indian Ridge
2024-09-20T14:47:06.640Z,-6.8973,155.3986,70.743,4.7,mb,"64 km S of Panguna, Papua New Guinea"
2024-09-20T10:52:00.031Z,-17.7447,-173.075,10,5.1,mww,"138 km NE of Neiafu, Tonga"
2024-09-20T09:30:26.966Z,-23.429,171.0183,10,4.8,mb,southeast of the Loyalty Islands
2024-09-20T06:15:55.668Z,52.7673,160.4681,47.424,4.7,mb,"128 km ESE of Petropavlovsk-Kamchatsky, Russia"
2024-09-20T05:13:43.299Z,23.4478,142.5144,100.099,5.1,mww,"Volcano Islands, Japan region"
2024-09-20T00:45:29.441Z,-20.0631,-173.7378,10,4.6,mb,"70 km ESE of Pangai, Tonga"
2024-09-20T00:35:15.505Z,-22.5501,-179.5968,558.568,4.5,mb,south of the Fiji Islands
2024-09-19T23:45:59.813Z,-18.0058,-174.4313,112.285,4.5,mb,"85 km NNW of Neiafu, Tonga"
2024-09-19T22:31:39.087Z,20.781,146.131,37.174,4.5,mb,Mariana Islands region
2024-09-19T17:08:41.733Z,-7.2967,156.0739,65.714,4.9,mb,"123 km NW of Gizo, Solomon Islands"
2024-09-19T16:14:17.087Z,0.7959,98.8208,86.281,4.9,mb,"81 km SW of Padangsidempuan, Indonesia"
2024-09-19T10:17:52.151Z,-5.5724,82.6728,10,5.1,mb,South Indian Ocean
2024-09-19T08:41:52.209Z,2.0754,128.6901,63.221,4.7,mb,"84 km ENE of Tobelo, Indonesia"
2024-09-19T08:41:00.921Z,-5.5707,147.4561,192.506,5.5,mww,"117 km NNW of Finschhafen, Papua New Guinea"
2024-09-19T07:57:02.890Z,2.3519,128.8539,8.985,4.5,mb,"116 km NE of Tobelo, Indonesia"
2024-09-19T07:47:26.751Z,2.3789,128.4621,41.584,5.1,mb,"87 km NE of Tobelo, Indonesia"
2024-09-19T07:45:33.708Z,2.1924,128.6935,26.101,5.2,mww,"91 km NE of Tobelo, Indonesia"
2024-09-19T05:20:57.102Z,10.461,91.6084,10,5.2,mww,"182 km SW of Port Blair, India"
2024-09-19T04:57:49.290Z,12.5142,-88.1514,48.286,4.6,mwr,"76 km S of Intipucá, El Salvador"
2024-09-19T04:10:18.012Z,-27.4767,-176.3583,10,4.7,mb,Kermadec Islands region
2024-09-19T04:08:19.090Z,2.3226,122.7685,463.624,4.5,mb,"200 km N of Gorontalo, Indonesia"
2024-09-19T04:01:59.772Z,-27.2853,-176.4398,27.531,4.7,mb,Kermadec Islands region
2024-09-19T03:32:12.175Z,-43.8457,39.0093,10,4.6,mb,Prince Edward Islands region
2024-09-18T21:57:23.474Z,12.0647,143.6902,10,4.6,mb,"170 km SW of Merizo Village, Guam"
2024-09-18T21:33:31.419Z,41.6924,142.6773,54.209,4.5,mb,"52 km S of Urakawa, Japan"
2024-09-18T20:45:50.885Z,43.2745,146.1205,82.563,4.7,mb,"44 km E of Nemuro, Japan"
2024-09-18T20:29:30.447Z,-22.7381,171.5682,9.895,4.5,mb,southeast of the Loyalty Islands
2024-09-18T15:09:53.353Z,23.9626,122.4757,27.603,4.6,mwr,"77 km SW of Yonakuni, Japan"
2024-09-18T13:15:45.522Z,29.7667,131.9853,10,4.6,mb,"143 km SE of Nishinoomote, Japan"
2024-09-18T12:08:15.514Z,31.9045,117.5888,10,4.9,mb,"29 km E of Hefei, China"
2024-09-18T11:59:05.066Z,-27.3318,-176.5097,10,4.6,mb,Kermadec Islands region
2024-09-18T11:55:03.911Z,-27.2463,-176.755,10,5,mb,Kermadec Islands region
2024-09-18T11:53:53.855Z,-27.4225,-176.6924,17,5.7,mww,Kermadec Islands region
2024-09-18T11:30:25.726Z,-7.4991,126.2869,10,4.5,mb,"109 km N of Baukau, Timor Leste"
2024-09-18T11:26:56.937Z,-22.3871,171.5669,109.513,4.5,mb,southeast of the Loyalty Islands
2024-09-18T09:01:59.011Z,31.6965,141.6744,29.458,4.5,mb,"Izu Islands, Japan region"
2024-09-18T07:52:28.320Z,5.1719,-82.659,10,5,mww,south of Panama
2024-09-18T03:46:53.152Z,11.6204,144.5146,10,4.5,mb,"182 km S of Merizo Village, Guam"
2024-09-18T02:49:20.091Z,-33.3722,-179.0989,35,4.5,mb,south of the Kermadec Islands
2024-09-18T02:41:06.723Z,-7.2418,107.5662,10,5,mww,"15 km ESE of Banjar, Indonesia"
2024-09-18T00:25:13.745Z,-25.798,47.3106,10,5.3,mww,"90 km SSE of Tôlanaro, Madagascar"
2024-09-17T21:53:20.300Z,12.8649,-44.6502,10,4.5,mb,northern Mid-Atlantic Ridge
2024-09-17T18:31:57.014Z,-8.1469,147.3166,14.709,4.6,mb,"93 km NNW of Kokoda, Papua New Guinea"
2024-09-17T17:22:07.273Z,-24.5594,-13.6005,10,4.9,mb,southern Mid-Atlantic Ridge
2024-09-17T16:38:53.512Z,30.0026,-41.7077,10,4.6,mb,northern Mid-Atlantic Ridge
2024-09-17T15:33:56.596Z,15.3144,-46.7729,10,4.5,mb,northern Mid-Atlantic Ridge
2024-09-17T14:28:06.085Z,37.6528,71.6627,47.628,4.8,mww,"20 km NNE of Khorugh, Tajikistan"
2024-09-17T14:23:16.124Z,-2.7315,141.9112,17.138,4.9,mb,"66 km NW of Aitape, Papua New Guinea"
2024-09-17T12:09:47.235Z,8.7365,126.3825,40.922,4.6,mb,"12 km SE of Marihatag, Philippines"
2024-09-17T11:56:26.514Z,55.7336,161.3056,99.014,4.8,mb,"71 km SSE of Klyuchi, Russia"
2024-09-17T09:00:39.897Z,-30.6075,-178.3877,135.997,4.9,mb,"Kermadec Islands, New Zealand"
2024-09-17T08:34:59.996Z,-54.5936,158.6341,10,4.8,mb,Macquarie Island region
2024-09-17T08:33:00.465Z,43.671,88.2226,10,4.9,mb,"52 km ESE of Ürümqi, China"
2024-09-17T04:54:17.416Z,-23.1012,169.9681,10,4.6,mb,"258 km E of Vao, New Caledonia"
2024-09-17T04:22:57.909Z,8.8806,90.5829,10,4.6,mb,"Nicobar Islands, India region"
2024-09-17T04:13:31.880Z,9.6633,126.6752,35,4.9,mb,"62 km E of Union, Philippines"
2024-09-17T03:11:54.939Z,-14.8737,-171.7522,10,4.9,mb,"93 km S of Matavai, Samoa"
2024-09-17T02:55:13.291Z,-2.9031,141.8699,35,4.9,mb,"59 km WNW of Aitape, Papua New Guinea"
2024-09-17T02:33:31.002Z,-6.413,154.6707,35,4.5,mb,"90 km W of Panguna, Papua New Guinea"
2024-09-17T02:03:31.930Z,46.2028,152.4922,35,4.5,mb,Kuril Islands
2024-09-17T01:31:16.163Z,-25.6,-179.5875,444.159,4.7,mb,south of the Fiji Islands
2024-09-17T00:49:42.183Z,32.411,-102.057,6.1279,5.1,ml,"2024 North of Tarzan, Texas Earthquake"
2024-09-17T00:41:15.572Z,-41.4546,-91.3859,10,4.5,mb,southeast of Easter Island
2024-09-17T00:28:07.039Z,-5.4773,152.7394,29.611,4.9,mb,"135 km SSE of Kokopo, Papua New Guinea"
2024-09-16T18:42:47.641Z,-23.5277,-179.9046,524.158,4.5,mb,south of the Fiji Islands
2024-09-16T18:13:02.065Z,52.5116,-178.9489,249.13,4.6,mb,"173 km WNW of Adak, Alaska"
2024-09-16T18:11:59.598Z,12.9499,144.1752,10,4.9,mb,"63 km WSW of Merizo Village, Guam"
2024-09-16T16:53:09.977Z,-2.4802,138.9879,32.827,4.9,mb,"183 km W of Abepura, Indonesia"
2024-09-16T16:01:20.154Z,52.2835,-173.7952,89.3,4.5,mb,"29 km ENE of Atka, Alaska"
2024-09-16T14:40:21.768Z,45.5663,26.2679,132.923,5.2,mww,"8 km N of Cașoca, Romania"
2024-09-16T14:25:40.327Z,31.6066,131.7437,10,4.8,mb,"35 km E of Nichinan, Japan"
2024-09-16T14:20:27.645Z,-5.6992,150.3637,112.288,4.5,mb,"29 km ESE of Kimbe, Papua New Guinea"
2024-09-16T14:13:46.241Z,31.6079,131.8109,10.257,5.5,mww,"42 km E of Nichinan, Japan"
2024-09-16T13:47:39.536Z,0.4987,126.744,68.067,4.5,mb,"78 km WSW of Ternate, Indonesia"
2024-09-16T13:00:00.067Z,1.0382,127.9268,10,4.6,mb,"52 km NE of Sofifi, Indonesia"
2024-09-16T11:36:34.522Z,17.1539,147.2254,31,6.3,mww,"266 km NE of Saipan, Northern Mariana Islands"
2024-09-16T10:23:39.892Z,-41.2526,-90.9503,10,5.1,mww,southeast of Easter Island
2024-09-16T05:12:19.314Z,-20.7895,169.422,32.915,5.4,mww,"138 km S of Isangel, Vanuatu"
2024-09-16T04:37:33.045Z,-21.9019,169.5783,10,4.5,mb,"180 km ESE of Tadine, New Caledonia"
2024-09-16T04:31:12.378Z,47.6056,154.2008,35,4.6,mb,Kuril Islands
2024-09-16T03:47:41.306Z,15.367,146.0219,105.73,4.6,mb,"33 km ENE of Saipan, Northern Mariana Islands"
2024-09-16T03:29:07.349Z,12.4694,123.6195,10,4.8,mb,"8 km NE of Bulo, Philippines"
2024-09-16T01:43:25.165Z,51.3877,-130.8549,10,4.7,mwr,"279 km WNW of Port McNeill, Canada"
2024-09-15T22:22:48.018Z,51.6088,-130.6121,3.766,6.5,mww,"271 km WNW of Port McNeill, Canada"
2024-09-15T20:56:52.216Z,-48.2796,107.113,10,4.5,mb,southeast Indian Ridge
2024-09-15T18:34:48.200Z,-41.9665,178.5292,10,4.6,mb,"226 km ESE of Castlepoint, New Zealand"
2024-09-15T16:59:14.768Z,-26.4179,-175.4903,10,4.7,mb,south of Tonga
2024-09-15T13:08:08.287Z,1.3429,118.4805,6.526,5.5,mww,"173 km NE of Bontang, Indonesia"
2024-09-15T12:57:21.731Z,-15.6657,-70.1305,231.48,4.5,mb,"2 km NE of Atuncolla, Peru"
2024-09-15T12:41:03.246Z,52.0984,-179.7374,167.353,5,mww,"214 km W of Adak, Alaska"
2024-09-15T12:35:20.050Z,-2.8319,141.8467,27.312,4.5,mb,"62 km ESE of Vanimo, Papua New Guinea"
2024-09-15T11:42:49.979Z,31.5569,131.7598,40.957,4.5,mb,"37 km E of Nichinan, Japan"
2024-09-15T11:15:17.681Z,-4.0637,141.7238,108.308,4.9,mb,"122 km W of Ambunti, Papua New Guinea"
2024-09-15T09:54:33.875Z,-7.3767,106.6662,51.169,5,mww,"44 km SSE of Pelabuhanratu, Indonesia"
2024-09-15T08:17:02.988Z,40.8723,84.2291,10,4.7,mb,"143 km SE of Kuqa, China"
2024-09-15T08:07:51.294Z,-17.4095,167.769,47.604,4.9,mb,"68 km WNW of Port-Vila, Vanuatu"
2024-09-15T05:16:04.683Z,13.1119,-89.9131,27.072,4.7,mwr,"54 km S of Acajutla, El Salvador"
2024-09-15T04:58:33.250Z,13.0626,-89.9141,29.796,5.2,mww,"59 km S of Acajutla, El Salvador"
2024-09-15T04:35:08.416Z,26.0781,125.0372,154.082,4.5,mb,"143 km N of Hirara, Japan"
2024-09-15T04:13:39.096Z,22.5936,144.1446,33.92,4.6,mb,"Volcano Islands, Japan region"
2024-09-15T03:34:51.000Z,-6.9953,154.8073,10,4.5,mb,"106 km SW of Panguna, Papua New Guinea"
2024-09-15T02:54:59.119Z,-27.4235,-67.2292,138.724,4.8,mww,"25 km NW of La Puerta de San José, Argentina"
2024-09-15T02:00:14.953Z,13.0722,-89.8973,36.05,4.6,mwr,"58 km S of Acajutla, El Salvador"
2024-09-15T01:42:00.054Z,25.9698,128.4673,17.403,4.5,mb,"71 km SE of Katsuren-haebaru, Japan"
2024-09-14T21:37:37.604Z,1.8932,99.0554,127.607,5,mww,"34 km ENE of Sibolga, Indonesia"
2024-09-14T18:50:11.049Z,17.8167,119.7659,10,4.5,mb,"64 km WNW of Puro Pinget, Philippines"
2024-09-14T18:14:14.280Z,17.8486,119.7388,10,4.5,mb,"68 km WNW of Puro Pinget, Philippines"
2024-09-14T14:33:42.339Z,54.6823,-156.8149,1.9,4.5,mb,"201 km SE of Perryville, Alaska"
2024-09-14T11:50:46.488Z,13.1154,144.0626,10.676,4.5,mb,"67 km WSW of Merizo Village, Guam"
2024-09-14T11:46:19.105Z,13.0834,144.1863,9.566,4.6,mb,"56 km WSW of Merizo Village, Guam"
2024-09-14T11:41:32.385Z,13.0307,144.2535,10,5.5,mww,"52 km WSW of Merizo Village, Guam"
2024-09-14T10:56:45.207Z,6.185,92.1763,10,4.9,mb,"Nicobar Islands, India region"
2024-09-14T04:46:06.936Z,42.6745,142.5855,109.259,4.5,mb,"38 km ENE of Biratori, Japan"
2024-09-14T04:15:19.957Z,7.2808,-35.8294,10,4.8,mb,central Mid-Atlantic Ridge
2024-09-14T03:42:47.700Z,10.9144,138.8505,10,4.6,mb,"174 km NNE of Colonia, Micronesia"
2024-09-14T03:20:32.451Z,-34.235,-178.9878,10,5,mb,south of the Kermadec Islands
2024-09-14T03:08:01.516Z,11.1131,138.7423,10,4.6,mb,"189 km NNE of Colonia, Micronesia"
2024-09-14T02:02:59.995Z,-15.4064,168.2957,10,5,mww,"120 km NE of Norsup, Vanuatu"
2024-09-14T01:31:07.580Z,-8.8316,115.4826,115.489,4.5,mb,"27 km E of Nusa Dua, Indonesia"
2024-09-13T23:03:41.334Z,29.8106,130.9208,30,5.7,mww,"59 km SE of Koshima, Japan"
2024-09-13T22:41:18.513Z,-14.7928,-173.2453,10,4.6,mb,"141 km NNE of Hihifo, Tonga"
2024-09-13T22:01:47.977Z,17.8693,119.7185,10,4.7,mb,"71 km WNW of Puro Pinget, Philippines"
2024-09-13T22:00:03.171Z,-9.1722,110.332,35,4.7,mb,"134 km S of Pundong, Indonesia"
2024-09-13T21:21:09.216Z,13.0997,-89.9087,35,4.9,mww,"55 km S of Acajutla, El Salvador"
2024-09-13T18:51:47.826Z,-6.3665,148.7363,77.576,4.7,mb,"91 km W of Kandrian, Papua New Guinea"
2024-09-13T18:29:56.807Z,31.4862,86.5483,37.678,4.9,mb,"271 km NNE of Saga, China"
2024-09-13T17:31:24.246Z,4.9515,126.7812,67.573,4.7,mb,"154 km ESE of Sarangani, Philippines"
2024-09-13T17:19:50.897Z,-9.201,110.289,46.56,4.6,mb,"138 km S of Pundong, Indonesia"
2024-09-13T15:15:10.396Z,-13.4652,-74.7429,88.926,4.8,mb,"28 km NW of Vilcanchos, Peru"
2024-09-13T13:13:35.043Z,8.527,127.355,10,4.5,mb,"109 km ENE of Barcelona, Philippines"
2024-09-13T12:27:23.125Z,33.6447,85.2829,10,4.5,mb,western Xizang
2024-09-13T12:01:44.227Z,17.697,146.1638,130.9,4.6,mb,"278 km N of Saipan, Northern Mariana Islands"
2024-09-13T10:41:37.269Z,-30.0268,-177.5693,35,4.7,mb,"Kermadec Islands, New Zealand"
2024-09-13T10:01:09.252Z,33.8365,82.1939,10,4.6,mb,"292 km S of Aqqan, China"
2024-09-13T09:22:52.460Z,11.6903,95.0031,10,4.7,mb,"246 km E of Port Blair, India"
2024-09-13T08:31:33.919Z,-35.1616,179.3479,89.896,4.5,mb,"286 km NNE of Hicks Bay, New Zealand"
2024-09-13T08:29:30.767Z,-34.9851,-179.2702,10,4.7,mb,south of the Kermadec Islands
2024-09-13T08:23:56.652Z,-35.1072,-179.2287,11.47,5.1,mww,east of the North Island of New Zealand
2024-09-13T07:49:53.421Z,21.7204,143.7344,208.126,4.5,mb,Mariana Islands region
2024-09-13T06:33:47.161Z,4.6972,126.5809,60.965,5,mww,"146 km ESE of Sarangani, Philippines"
2024-09-13T05:49:01.597Z,-29.9197,-177.5115,35,4.5,mb,"Kermadec Islands, New Zealand"
2024-09-12T23:51:25.880Z,-22.5418,-68.5215,108.039,4.7,mb,"42 km ESE of Calama, Chile"
2024-09-12T23:48:17.804Z,30.9789,141.3145,45.941,5.2,mww,"Izu Islands, Japan region"
2024-09-12T23:27:20.138Z,-8.1263,-77.9005,53.467,4.5,mb,"9 km NE of Mollepata, Peru"
2024-09-12T22:06:45.684Z,17.8635,119.6665,18.166,4.7,mb,"76 km WNW of Puro Pinget, Philippines"
2024-09-12T20:28:36.797Z,-22.427,173.4615,50.601,4.6,mb,southeast of the Loyalty Islands
2024-09-12T19:23:57.195Z,-5.4802,146.951,190.247,4.6,mb,"132 km ESE of Madang, Papua New Guinea"
2024-09-12T18:59:00.941Z,-34.714,-179.1684,10,4.7,mb,south of the Kermadec Islands
2024-09-12T14:28:21.610Z,34.0565,-118.8126667,11.35,4.7124691938064,mw,"6 km N of Malibu, CA"
2024-09-12T13:59:32.788Z,27.5357,141.8488,44.755,4.7,mb,"Bonin Islands, Japan region"
2024-09-12T07:39:53.799Z,17.9311,40.0637,10,4.9,mb,"225 km WSW of Bariq, Saudi Arabia"
2024-09-12T06:46:13.194Z,17.8945,40.1074,10,4.9,mb,"224 km WSW of Bariq, Saudi Arabia"
2024-09-12T06:20:56.984Z,17.8189,40.1609,10,4.7,mb,"222 km W of Ad Darb, Saudi Arabia"
2024-09-12T06:20:23.033Z,12.0127,143.7299,10,5.1,mb,"172 km SW of Merizo Village, Guam"
2024-09-12T02:43:18.238Z,35.625,140.228,51.05,4.5,mb,"6 km ESE of Yotsukaidō, Japan"
2024-09-11T22:31:50.443Z,-21.5303,-179.2063,601.587,4.5,mb,Fiji region
2024-09-11T20:44:48.798Z,-15.2395,168.4832,10,4.5,mb,"145 km ENE of Luganville, Vanuatu"
2024-09-11T20:36:25.676Z,-15.263,168.1901,17.258,4.9,mb,"113 km ENE of Luganville, Vanuatu"
2024-09-11T19:52:23.809Z,-15.2249,168.1888,16.108,5,mb,"114 km ENE of Luganville, Vanuatu"
2024-09-11T19:49:46.256Z,-15.1607,168.1775,10,4.7,mb,"116 km ENE of Luganville, Vanuatu"
2024-09-11T19:41:56.619Z,-15.2492,168.0944,10,4.6,mb,"104 km ENE of Luganville, Vanuatu"
2024-09-11T19:26:11.027Z,-15.1919,168.2592,10,4.8,mb,"123 km ENE of Luganville, Vanuatu"
2024-09-11T19:22:55.878Z,-15.257,168.0658,18.766,5.8,mww,"101 km ENE of Luganville, Vanuatu"
2024-09-11T18:46:56.258Z,-15.3075,167.9619,10,5.1,mb,"88 km ENE of Luganville, Vanuatu"
2024-09-11T18:17:57.734Z,-15.2845,168.2762,12,5.7,mww,"122 km ENE of Luganville, Vanuatu"
2024-09-11T18:01:53.166Z,-8.0073,117.2259,12.041,4.6,mb,"52 km NNW of Pototano, Indonesia"
2024-09-11T17:38:16.912Z,18.7499,145.5932,171.658,4.6,mb,"Pagan region, Northern Mariana Islands"
2024-09-11T16:51:12.364Z,-3.3795,146.4075,10,4.8,mb,"177 km SSW of Lorengau, Papua New Guinea"
2024-09-11T16:46:05.054Z,-3.2871,146.4088,8,6.3,mww,"168 km SW of Lorengau, Papua New Guinea"
2024-09-11T16:12:03.088Z,-27.8454,-179.7557,424.732,4.6,mb,Kermadec Islands region
2024-09-11T14:40:51.664Z,-28.9648,-69.5177,110.393,4.7,mb,"128 km ESE of Vallenar, Chile"
2024-09-11T13:41:10.068Z,23.8207,121.6667,45.444,4.5,mwr,"18 km SSE of Hualien City, Taiwan"
2024-09-11T12:46:32.073Z,-15.8094,167.8347,138.031,4.5,mb,"54 km ENE of Norsup, Vanuatu"
2024-09-11T07:28:02.928Z,31.2637,70.5845,31,5.1,mwb,"35 km W of Karor, Pakistan"
2024-09-11T07:16:31.819Z,-60.0425,-23.6838,10,4.6,mb,South Sandwich Islands region
2024-09-11T04:37:58.832Z,-6.3145,146.3719,111.806,4.5,mb,"56 km E of Kainantu, Papua New Guinea"
2024-09-11T04:22:27.247Z,37.855,22.3745,20.322,4.6,mb,"20 km NNE of Levídion, Greece"
2024-09-11T03:41:40.218Z,-30.1086,60.7503,10,4.5,mb,Southwest Indian Ridge
2024-09-11T00:19:58.508Z,-18.1367,-69.4764,117.886,4.8,mb,"65 km SE of Palca, Peru"
2024-09-10T23:57:23.138Z,-55.8718,-26.3272,10,5,mb,South Sandwich Islands region
2024-09-10T23:50:39.182Z,-55.8712,-26.174,10,5.7,mb,South Sandwich Islands region
2024-09-10T22:15:32.195Z,-55.8337,-26.1266,10,4.6,mb,South Sandwich Islands region
2024-09-10T22:12:09.679Z,-55.8234,-26.1063,10,4.6,mb,South Sandwich Islands region
2024-09-10T22:01:21.115Z,-55.8068,-26.2394,10,5.1,mb,South Sandwich Islands region
2024-09-10T21:48:45.181Z,-55.8717,-26.1777,10,5,mb,South Sandwich Islands region
2024-09-10T21:43:07.338Z,-56.0642,-26.1377,10,4.8,mb,South Sandwich Islands region
2024-09-10T21:39:12.501Z,-55.8493,-26.1325,10,5.1,mb,South Sandwich Islands region
2024-09-10T21:18:56.482Z,-55.8346,-26.1345,10,5,mb,South Sandwich Islands region
2024-09-10T21:02:49.803Z,-15.4321,-173.7481,48.605,5,mb,"58 km N of Hihifo, Tonga"
2024-09-10T18:02:13.531Z,-55.8062,-26.0963,10,4.7,mb,South Sandwich Islands region
2024-09-10T10:32:46.891Z,-53.033,26.0391,10,4.5,mb,south of Africa
2024-09-10T10:02:31.804Z,-7.0106,130.0817,126.622,4.6,mb,"Pulau Pulau Tanimbar, Indonesia"
2024-09-10T05:28:16.162Z,13.9897,145.4688,103.157,4.5,mb,"80 km NE of Yigo Village, Guam"
2024-09-10T05:11:06.806Z,-8.6863,124.1939,125.81,4.8,mww,"60 km NNW of Pante Makasar, Timor Leste"
2024-09-10T04:59:11.161Z,-30.4529,-177.576,10,5,mb,"Kermadec Islands, New Zealand"
2024-09-10T04:26:10.900Z,-5.0177,152.1774,67.843,4.7,mb,"75 km S of Kokopo, Papua New Guinea"
2024-09-10T04:17:52.544Z,-38.4606,178.7683,10,4.8,mb,"65 km ENE of Wainui, New Zealand"
2024-09-10T02:15:57.862Z,-22.2042,-179.1924,540.542,4.5,mb,south of the Fiji Islands
2024-09-10T01:27:37.144Z,-55.9556,-27.952,119.68,4.7,mb,South Sandwich Islands region
2024-09-10T00:53:39.171Z,-26.6772,-176.3359,35,5,mb,south of the Fiji Islands
2024-09-09T21:01:29.242Z,4.3404,126.7337,48.5,5.1,mww,"183 km SE of Sarangani, Philippines"
2024-09-09T20:11:39.806Z,-53.9899,6.8568,10,4.6,mb,Bouvet Island region
2024-09-09T19:31:30.433Z,17.8738,119.8096,20.062,4.5,mb,"62 km WNW of Puro Pinget, Philippines"
2024-09-09T17:37:09.146Z,-6.2802,-107.1062,10,5.4,mww,central East Pacific Rise
2024-09-09T16:28:20.830Z,-6.2441,151.8764,54.272,4.8,mb,"207 km ESE of Kimbe, Papua New Guinea"
2024-09-09T15:02:53.941Z,-29.6808,-176.1815,10,5,mb,Kermadec Islands region
2024-09-09T13:59:41.836Z,-35.2915,-179.4175,10,4.5,mb,east of the North Island of New Zealand
2024-09-09T09:56:46.408Z,12.344,143.7834,39.135,4.6,mb,"140 km SW of Merizo Village, Guam"
2024-09-09T09:13:51.530Z,-21.4247,-173.656,10,4.9,mb,"135 km E of ‘Ohonua, Tonga"
2024-09-09T09:13:12.030Z,-5.9868,146.6273,58.147,4.6,mb,"90 km ENE of Kainantu, Papua New Guinea"
2024-09-09T08:49:53.652Z,-35.4045,-179.6711,10,4.7,mb,east of the North Island of New Zealand
2024-09-09T07:17:37.335Z,40.369,141.0621,110.982,4.5,mb,"25 km NW of Ichinohe, Japan"
2024-09-09T06:47:26.316Z,29.3059,130.3692,35,4.8,mb,"103 km S of Yudomari, Japan"
2024-09-09T06:08:43.734Z,-22.498,69.1885,10,5,mb,Mid-Indian Ridge
2024-09-08T23:15:32.438Z,-4.1123,142.9635,66.504,5,mww,"19 km NE of Ambunti, Papua New Guinea"
2024-09-08T21:13:08.839Z,-56.6158,-27.2342,144.374,5.1,mb,South Sandwich Islands region
2024-09-08T19:28:00.317Z,11.0118,125.7808,41.792,4.9,mww,"6 km ESE of Guiuan, Philippines"
2024-09-08T15:46:04.370Z,-35.1913,-74.0854,15.601,4.5,mb,"153 km W of Constitución, Chile"
2024-09-08T14:53:24.791Z,-10.808,166.25,191.245,5,mww,"50 km E of Lata, Solomon Islands"
2024-09-08T11:03:20.129Z,5.7845,126.286,113.935,4.6,mb,"64 km S of Pondaguitan, Philippines"
2024-09-08T10:17:12.356Z,54.3135,161.7581,54.035,4.9,mb,"197 km SE of Atlasovo, Russia"
2024-09-08T10:06:26.264Z,8.9706,125.262,72.126,4.7,mb,"3 km S of Tagcatong, Philippines"
2024-09-08T07:40:46.485Z,-27.8217,-67.387,116.572,4.8,mb,"27 km WSW of Londres, Argentina"
2024-09-08T07:37:20.132Z,-22.0288,169.9225,10,4.5,mb,"217 km ESE of Tadine, New Caledonia"
2024-09-08T06:23:46.494Z,-20.9535,-68.9848,112.43,4.9,mww,"81 km WNW of Ollagüe, Chile"
2024-09-08T05:29:00.560Z,-22.075,169.7349,10,5.4,mww,"200 km ESE of Tadine, New Caledonia"
2024-09-08T05:01:40.450Z,-7.3916,156.1867,35.938,5.3,mww,"106 km NW of Gizo, Solomon Islands"
2024-09-08T04:22:25.312Z,-32.5799,-178.9861,79.902,5.1,mb,south of the Kermadec Islands
2024-09-08T02:45:00.969Z,-12.4524,166.532,46.956,5.1,mb,"192 km NW of Sola, Vanuatu"
2024-09-08T02:08:19.678Z,39.938,143.0596,40.869,4.6,mb,"101 km ENE of Miyako, Japan"
2024-09-08T01:41:53.492Z,37.4864,142.1066,42.019,4.7,mb,"97 km E of Namie, Japan"
2024-09-07T23:09:55.894Z,19.5571,-75.5887,10,4.5,mb,"57 km SSE of Santiago de Cuba, Cuba"
2024-09-07T22:51:17.172Z,39.8611,143.1206,39.544,4.9,mb,"103 km ENE of Miyako, Japan"
2024-09-07T22:39:08.385Z,-21.3109,-173.822,10,5.8,mww,"117 km E of ‘Ohonua, Tonga"
2024-09-07T22:20:35.658Z,-5.7233,149.4668,167.796,4.5,mb,"54 km N of Kandrian, Papua New Guinea"
2024-09-07T21:54:26.196Z,-15.3254,-173.2245,10,4.8,mb,"92 km NE of Hihifo, Tonga"
2024-09-07T20:13:33.303Z,38.7752,55.4988,10,4.7,mb,"52 km S of Bereket, Turkmenistan"
2024-09-07T16:12:37.746Z,25.5663,141.0083,186.195,4.7,mb,"Volcano Islands, Japan region"
2024-09-07T14:01:01.088Z,24.7682,125.4017,49.684,4.6,mb,"9 km ESE of Miyakojima, Japan"
2024-09-07T13:42:52.564Z,32.2043,137.7326,384.984,5.2,mww,"230 km SE of Kushimoto, Japan"
2024-09-07T09:51:39.415Z,-23.9128,-66.6173,189.952,4.6,mb,"45 km NW of San Antonio de los Cobres, Argentina"
2024-09-07T08:21:26.101Z,-35.7134,-100.6652,10,5.3,mww,southeast of Easter Island
2024-09-07T06:31:10.994Z,37.3103,37.0627,4.096,5,mww,"28 km SW of Pazarcık, Turkey"
2024-09-07T05:16:51.044Z,23.9108,121.7254,24.963,4.9,mww,"14 km ESE of Hualien City, Taiwan"
2024-09-07T04:13:46.436Z,-19.8858,-69.2785,99.214,4.5,mb,"53 km ENE of Huara, Chile"
2024-09-07T01:51:40.107Z,-8.4371,115.3374,10,4.9,mb,"11 km NE of Ubud, Indonesia"
2024-09-07T01:14:07.236Z,-4.0183,136.8692,147.292,4.5,mb,"168 km ESE of Nabire, Indonesia"
2024-09-07T00:02:38.771Z,3.2356,128.1094,61.256,4.6,mb,"167 km N of Tobelo, Indonesia"
2024-09-06T22:55:48.613Z,-16.85,-174.1598,88.226,4.7,mb,"106 km SSW of Hihifo, Tonga"
2024-09-06T19:02:01.444Z,-8.1642,106.829,10.274,5,mb,"126 km SSW of Banjar, Indonesia"
2024-09-06T18:56:51.634Z,-58.3228,-139.955,10,5,mb,Pacific-Antarctic Ridge
2024-09-06T18:10:38.678Z,7.035,127.101,10,4.6,mb,"64 km ESE of Santiago, Philippines"
2024-09-06T17:30:38.508Z,-35.3672,-179.4328,10,5,mww,east of the North Island of New Zealand
2024-09-06T15:52:38.308Z,13.3537,-90.7453,48.832,5.1,mww,"64 km S of Puerto San José, Guatemala"
2024-09-06T14:44:04.765Z,-58.4127,-15.8586,10,4.5,mb,east of the South Sandwich Islands
2024-09-06T14:24:59.611Z,-49.0629,164.5975,32.055,5.2,mww,"Auckland Islands, New Zealand region"
2024-09-06T11:23:13.902Z,37.0749,141.7751,41.529,4.7,mb,"73 km ESE of Tomioka, Japan"
2024-09-06T10:12:58.767Z,-28.6734,-69.6082,123,5.7,mww,"113 km E of Vallenar, Chile"
2024-09-06T07:41:42.151Z,-24.1723,-66.9685,185.062,4.5,mb,"66 km W of San Antonio de los Cobres, Argentina"
2024-09-06T07:39:46.828Z,5.6967,125.0407,80.511,4.7,mb,"17 km S of Malbang, Philippines"
2024-09-06T01:06:35.535Z,-5.4079,102.6434,19.632,5.3,mb,"166 km SSW of Pagar Alam, Indonesia"
2024-09-06T00:45:01.898Z,-58.92,-25.1749,35,4.5,mb,South Sandwich Islands region
2024-09-05T21:28:24.456Z,20.3838,122.0101,10,4.5,mb,"8 km SSE of Basco, Philippines"
2024-09-05T21:14:51.454Z,11.1208,-43.6907,10,4.6,mb,northern Mid-Atlantic Ridge
2024-09-05T18:12:40.376Z,52.6274,-34.3303,10,5.5,mww,Reykjanes Ridge
2024-09-05T17:40:06.849Z,14.7317,55.8083,10,4.6,mb,Owen Fracture Zone region
2024-09-05T16:59:16.564Z,4.4666,128.0586,60.998,4.5,mb,"295 km SE of Pondaguitan, Philippines"
2024-09-05T15:28:58.554Z,-32.7863,-179.0489,46.682,5.2,mb,south of the Kermadec Islands
2024-09-05T15:10:28.419Z,9.9454,122.4246,32.448,4.5,mb,"2 km W of Linaon, Philippines"
2024-09-05T13:40:07.857Z,-1.4943,-13.3094,10,4.6,mb,north of Ascension Island
2024-09-05T11:52:07.337Z,36.0025,70.3122,119.226,4.6,mb,"75 km SSE of Farkhār, Afghanistan"
2024-09-05T11:44:29.827Z,-31.4282,-69.4398,104.965,4.5,mb,"10 km S of Calingasta, Argentina"
2024-09-05T10:38:27.509Z,-19.1241,-67.3092,239,5.7,mww,"61 km WSW of Challapata, Bolivia"
2024-09-05T08:25:17.214Z,-33.7702,-179.4716,35,4.9,mb,south of the Kermadec Islands
2024-09-05T08:14:29.480Z,-52.9537,25.517,10,4.7,mb,south of Africa
2024-09-05T07:08:17.464Z,1.6713,127.1522,123.08,4.5,mb,"95 km W of Tobelo, Indonesia"
2024-09-05T07:01:44.578Z,-15.5437,166.7985,10,4.5,mb,"39 km W of Luganville, Vanuatu"
2024-09-05T05:26:58.983Z,4.7371,-82.7365,10,4.9,mww,south of Panama
2024-09-05T04:31:28.758Z,-0.2348,124.5515,36.451,5.2,mb,"76 km S of Modisi, Indonesia"
2024-09-05T03:10:09.694Z,-59.3035,-151.8606,10,4.5,mb,Pacific-Antarctic Ridge
2024-09-05T02:57:05.562Z,48.5476,154.4465,80.088,4.5,mb,"265 km SSW of Severo-Kuril’sk, Russia"
2024-09-05T02:38:43.123Z,-59.3693,-151.3936,10,4.6,mb,Pacific-Antarctic Ridge
2024-09-05T01:03:15.672Z,-3.5428,144.1953,7,6.2,mww,"59 km NNE of Angoram, Papua New Guinea"
2024-09-04T19:09:19.256Z,-10.7702,165.8853,104.511,5.4,mww,"10 km ESE of Lata, Solomon Islands"
2024-09-04T17:30:45.997Z,5.2666,-82.5432,10,4.8,mww,"298 km SW of Arenas, Panama"
2024-09-04T16:39:25.394Z,5.2462,-82.5712,10,4.8,mb,south of Panama
2024-09-04T16:17:08.318Z,-2.2874,100.8712,71.113,4.5,mb,"63 km WSW of Sungai Penuh, Indonesia"
2024-09-04T15:26:30.603Z,-23.0578,172.4887,67.883,4.5,mb,southeast of the Loyalty Islands
2024-09-04T14:32:38.843Z,-6.8001,155.4318,67.332,4.7,mb,"53 km S of Panguna, Papua New Guinea"
2024-09-04T13:56:15.567Z,-23.0314,171.045,10,4.5,mb,southeast of the Loyalty Islands
2024-09-04T09:40:44.266Z,-7.508,126.491,10,5,mb,"107 km N of Baukau, Timor Leste"
2024-09-04T03:17:29.143Z,48.323,154.8416,35,4.7,mb,"277 km SSW of Severo-Kuril’sk, Russia"
2024-09-04T01:19:05.355Z,-21.2967,170.139,110.982,5,mww,"213 km SSE of Isangel, Vanuatu"
2024-09-03T23:55:46.113Z,14.8504,122.5404,10,5,mb,"23 km NE of Casuguran, Philippines"
2024-09-03T23:16:44.482Z,14.864,122.5951,16.815,5.3,mww,"28 km NE of Casuguran, Philippines"
2024-09-03T21:29:52.079Z,34.6708,32.2557,17.392,4.9,mb,"19 km SW of Paphos, Cyprus"
2024-09-03T16:31:15.201Z,64.5882,-17.3212,10,5.1,mww,"108 km WNW of Höfn, Iceland"
2024-09-03T14:30:33.757Z,29.2742,142.4938,10,4.6,mb,"Izu Islands, Japan region"
2024-09-03T13:36:41.728Z,5.3427,126.3604,11.086,4.8,mb,"99 km E of Sarangani, Philippines"
2024-09-03T12:43:38.284Z,-2.2489,125.5923,10,4.6,mb,"47 km WSW of Sanana, Indonesia"
2024-09-03T09:18:26.736Z,52.8816,160.292,35,4.7,mb,"113 km E of Petropavlovsk-Kamchatsky, Russia"
2024-09-03T09:01:15.498Z,-7.0984,129.089,148.565,4.6,mb,"279 km NE of Lospalos, Timor Leste"
2024-09-03T08:46:17.594Z,5.5662,126.795,61.074,4.5,mb,"111 km SE of Pondaguitan, Philippines"
2024-09-03T07:01:11.671Z,-20.7714,-173.8465,10,4.8,mb,"118 km SSE of Pangai, Tonga"
2024-09-03T03:04:42.957Z,11.8539,125.4031,52.42,4.5,mb,"3 km WSW of Mantang, Philippines"
2024-09-03T01:21:40.316Z,-45.5961,-76.6765,10,5.3,mww,"Off the coast of Aisen, Chile"
2024-09-03T01:16:40.375Z,-45.671,-76.8296,10,4.9,mww,"Off the coast of Aisen, Chile"
2024-09-03T00:44:53.247Z,-17.9446,-178.0978,531.231,4.6,mb,"274 km E of Levuka, Fiji"
2024-09-02T19:23:45.205Z,-24.7322,179.5259,528.94,4.9,mb,south of the Fiji Islands
2024-09-02T11:02:57.629Z,3.277,-84.0792,10,4.8,mww,off the coast of Central America
2024-09-02T10:24:56.771Z,-23.0356,-66.6186,223.558,4.5,mb,"98 km WNW of El Aguilar, Argentina"
2024-09-02T08:26:25.393Z,23.861,121.669,37.627,5,mww,"14 km SSE of Hualien City, Taiwan"
2024-09-02T07:32:54.590Z,-6.9259,155.5831,35,4.5,mb,"68 km S of Panguna, Papua New Guinea"
2024-09-02T05:23:56.961Z,-18.8453,-177.363,569.828,4.5,mb,Fiji region
2024-09-02T03:16:39.768Z,-36.2422,-100.5424,10,5.3,mww,southeast of Easter Island
2024-09-02T00:39:35.616Z,4.4904,96.3353,10,4.9,mb,"44 km NNE of Meulaboh, Indonesia"
2024-09-02T00:39:08.396Z,4.4509,96.4009,10,4.6,mb,"45 km NE of Meulaboh, Indonesia"
2024-09-01T23:39:50.050Z,26.3974,125.6718,143.284,4.7,mb,"180 km NNE of Hirara, Japan"
2024-09-01T21:49:33.033Z,-31.435,-178.4086,16.242,4.5,mb,Kermadec Islands region
2024-09-01T20:36:24.994Z,53.0462,160.2533,35,4.6,mb,"109 km E of Petropavlovsk-Kamchatsky, Russia"
2024-09-01T20:13:34.201Z,-6.8295,155.5297,39,6.4,mww,"56 km S of Panguna, Papua New Guinea"
2024-09-01T19:59:25.436Z,3.7986,126.5018,46.933,5,mb,"211 km SSE of Sarangani, Philippines"
2024-09-01T17:17:25.866Z,31.1533,-40.928,10,4.5,mb,northern Mid-Atlantic Ridge
2024-09-01T17:09:14.280Z,-11.2878,162.2259,10,4.9,mb,"98 km SSE of Kirakira, Solomon Islands"
2024-09-01T16:31:03.237Z,-22.6067,172.809,44.934,5.1,mww,southeast of the Loyalty Islands
2024-09-01T15:46:33.519Z,26.3994,-44.5665,10,4.8,mb,northern Mid-Atlantic Ridge
2024-09-01T15:32:04.435Z,29.3764,142.4356,10,4.7,mb,"Izu Islands, Japan region"
2024-09-01T13:20:21.252Z,59.6425,-151.5216,47.7,4.5,mwr,"1 km E of Homer, Alaska"
2024-09-01T10:56:17.941Z,-10.9284,161.3567,10,4.5,mb,"80 km SW of Kirakira, Solomon Islands"
2024-09-01T07:38:19.520Z,-5.8799,149.5469,97.103,5.2,mww,"36 km N of Kandrian, Papua New Guinea"
2024-09-01T07:27:55.651Z,-23.7857,-175.3628,27.634,4.5,mb,"273 km S of ‘Ohonua, Tonga"
2024-09-01T03:42:49.557Z,8.1965,91.7229,10,5.2,mww,"Nicobar Islands, India region"
2024-09-01T02:28:41.780Z,35.5031,138.9388,37.932,4.6,mb,"8 km ENE of Oshino, Japan"
2024-09-01T01:55:06.334Z,-10.4092,66.422,10,4.6,mb,Mid-Indian Ridge
2024-09-01T00:53:14.857Z,-57.9294,-25.6883,39.749,5.4,mww,South Sandwich Islands region
2024-09-01T00:49:26.519Z,4.8108,125.3428,10,5,mb,"66 km SSW of Sarangani, Philippines"
2024-08-31T23:50:33.242Z,-22.5995,172.9275,35,4.5,mb,southeast of the Loyalty Islands
2024-08-31T19:57:40.187Z,-64.4302,174.8027,10,4.8,mb,Balleny Islands region
2024-08-31T18:21:42.072Z,23.8035,121.6994,24.514,4.5,mwr,"21 km SSE of Hualien City, Taiwan"
2024-08-31T16:43:57.191Z,50.6354,87.3764,16.701,4.5,mb,"41 km W of Ulagan, Russia"
2024-08-31T16:41:18.353Z,-23.2477,-179.935,527.624,4.6,mb,south of the Fiji Islands
2024-08-31T13:26:49.962Z,-61.002,-53.7553,10,4.5,mb,South Shetland Islands
2024-08-31T13:04:47.984Z,-29.863,-71.6748,27.278,5,mwr,"33 km WNW of Coquimbo, Chile"
2024-08-31T13:04:14.319Z,31.9125,131.7998,44.209,4.9,mb,"36 km E of Miyazaki, Japan"
2024-08-31T08:53:48.700Z,-3.4079,139.7218,49.939,5,mb,"135 km SW of Abepura, Indonesia"
2024-08-31T08:10:30.090Z,7.7758,124.6273,9.032,4.5,mb,"10 km W of Kimanuit, Philippines"
2024-08-31T02:41:47.259Z,26.0174,142.5586,10,4.7,mb,"Bonin Islands, Japan region"
2024-08-30T23:14:50.462Z,46.8712,152.7882,63.613,4.6,mb,Kuril Islands
2024-08-30T21:25:34.385Z,5.3837,-82.5537,10,5.1,mww,"288 km SW of Arenas, Panama"
2024-08-30T20:34:57.938Z,17.6191,-94.7693,136.829,4.9,mww,"2 km SSW of Venustiano Carranza (Peña Blanca), Mexico"
2024-08-30T20:30:01.743Z,47.3645,151.2356,157.428,4.6,mb,Kuril Islands
2024-08-30T16:35:48.116Z,-59.1762,-60.7391,10,4.5,mb,Drake Passage
2024-08-30T10:53:25.918Z,25.9932,142.6321,10,4.9,mb,"Volcano Islands, Japan region"
2024-08-30T09:32:22.858Z,53.015,-33.1749,10,5.6,mww,Reykjanes Ridge
2024-08-30T06:15:50.083Z,6.0817,125.9601,135.055,4.6,mb,"28 km E of Lamitan, Philippines"
2024-08-30T04:40:53.335Z,15.9036,146.5623,64.941,4.5,mb,"115 km NE of Saipan, Northern Mariana Islands"
2024-08-30T04:31:47.163Z,53.1284,160.5807,35,4.5,mb,"131 km E of Petropavlovsk-Kamchatsky, Russia"
2024-08-30T04:24:22.983Z,53.0016,160.3787,26,6,mww,"117 km E of Petropavlovsk-Kamchatsky, Russia"
2024-08-30T02:49:39.814Z,29.3238,139.1231,447.02,4.5,mb,"Izu Islands, Japan region"
2024-08-29T20:19:26.053Z,-62.8479,-158.0776,10,5.4,mww,Pacific-Antarctic Ridge
2024-08-29T20:03:42.107Z,26.0079,142.6428,10,4.8,mb,"Bonin Islands, Japan region"
2024-08-29T17:59:55.009Z,-41.6419,-16.4143,10,4.6,mb,southern Mid-Atlantic Ridge
2024-08-29T17:43:50.822Z,16.1339,-94.2216,91.306,4.6,mwr,"12 km W of La Gloria, Mexico"
2024-08-29T17:36:41.131Z,-21.5553,-176.064,137.082,4.6,mb,"89 km WSW of Houma, Tonga"
2024-08-29T15:35:45.242Z,24.3282,126.6106,10,4.8,mb,"141 km ESE of Miyakojima, Japan"
2024-08-29T14:19:02.277Z,9.8803,-70.8093,17.254,4.5,mb,"13 km ENE of Mene Grande, Venezuela"
2024-08-29T09:51:29.590Z,-24.3633,-179.5797,494.259,4.8,mb,south of the Fiji Islands
2024-08-29T05:56:40.251Z,36.5209,71.2507,221.698,5.2,mww,"31 km SW of Ashkāsham, Afghanistan"
2024-08-29T05:52:20.971Z,-15.267,167.5887,170.194,4.9,mb,"53 km ENE of Luganville, Vanuatu"
2024-08-28T21:57:54.957Z,13.0471,-89.583,26.358,6.1,mww,"56 km SSW of La Libertad, El Salvador"
2024-08-28T20:29:03.354Z,-23.6252,179.9861,541.05,4.5,mb,south of the Fiji Islands
2024-08-28T16:46:00.442Z,13.3657,123.3198,10,4.5,mb,"3 km S of Inapatan, Philippines"
2024-08-28T16:29:57.573Z,34.9142,24.2038,54.834,5.1,mww,"13 km NE of Kastrí, Greece"
2024-08-28T16:13:54.515Z,-36.1593,-73.8002,21.212,4.6,mwr,"87 km NW of Talcahuano, Chile"
2024-08-28T16:03:58.352Z,-10.5383,-79.9964,10,4.6,mb,"208 km WSW of Huarmey, Peru"
2024-08-28T15:53:11.315Z,11.8512,142.3973,35,4.5,mb,"292 km WSW of Merizo Village, Guam"
2024-08-28T15:47:44.635Z,5.4625,124.9552,65.666,4.8,mb,"43 km SW of Burias, Philippines"
2024-08-28T07:25:58.146Z,-4.8939,155.1008,491.041,4.5,mb,"156 km NNW of Arawa, Papua New Guinea"
2024-08-28T05:27:07.258Z,-15.1733,166.8297,10,4.9,mb,"29 km WSW of Port-Olry, Vanuatu"
2024-08-28T03:55:42.946Z,8.7146,93.8405,87.199,4.6,mb,"Nicobar Islands, India region"
2024-08-28T03:38:45.690Z,30.7035,142.1122,10,4.7,mww,"Izu Islands, Japan region"
2024-08-28T03:03:59.692Z,6.6946,-73.0791,164.104,4.5,mb,"4 km SSE of Jordán, Colombia"
2024-08-28T02:56:04.106Z,11.4959,126.5393,10,4.6,mb,"99 km NE of Sulangan, Philippines"
2024-08-28T02:44:16.774Z,-28.5811,-69.595,96.201,4.8,mwr,"113 km E of Vallenar, Chile"
2024-08-28T00:49:19.783Z,3.9409,-78.0653,10,4.5,mb,"85 km WSW of Santa Genoveva de Docordó, Colombia"
2024-08-27T22:43:05.503Z,-34.4151,179.8618,61.902,5,mww,south of the Kermadec Islands
2024-08-27T22:12:48.021Z,-0.706,26.672,10,4.6,mb,"213 km SE of Kisangani, Democratic Republic of the Congo"
2024-08-27T22:12:01.857Z,54.3454,-162.7597,61.796,4.5,mwr,"70 km SE of False Pass, Alaska"
2024-08-27T21:48:22.009Z,-4.2815,35.1136,10,4.5,mb,"10 km NNE of Basotu, Tanzania"
2024-08-27T18:33:54.792Z,-10.6663,165.9743,139.885,4.5,mb,"20 km ENE of Lata, Solomon Islands"
2024-08-27T15:51:08.180Z,-13.1364,45.4937,12.538,4.6,mb,"40 km SE of Bandrélé, Mayotte"
2024-08-27T14:36:02.746Z,-25.2425,-177.5117,149.315,4.8,mb,south of the Fiji Islands
2024-08-27T13:45:52.207Z,15.8532,-99.9447,10,4.7,mb,"98 km SSW of San Andrés Playa Encantada (El Podrido), Mexico"
2024-08-27T13:09:15.889Z,12.1177,143.5623,34.232,4.7,mb,"174 km SW of Merizo Village, Guam"
2024-08-27T13:01:31.899Z,12.5355,123.5062,10.22,5,mww,"6 km N of Baleno, Philippines"
2024-08-27T10:47:31.720Z,34.5523,140.0725,98.43,4.6,mb,"51 km SSE of Tateyama, Japan"
2024-08-27T07:29:09.028Z,37.7046,71.6425,50.297,4.9,mb,"25 km NNE of Khorugh, Tajikistan"
2024-08-27T06:07:07.336Z,-6.0355,148.1609,78.589,4.5,mb,"67 km NNE of Finschhafen, Papua New Guinea"
2024-08-27T06:02:29.693Z,-22.4631,-69.1272,88.65,4.6,mwr,"20 km W of Calama, Chile"
2024-08-27T02:40:39.903Z,-9.488,118.5645,56.954,4.6,mb,"74 km W of Tambolaka, Indonesia"
2024-08-27T02:15:18.032Z,-7.1565,129.4461,78,5.8,mww,"Kepulauan Babar, Indonesia"
2024-08-26T22:27:48.108Z,5.6829,127.0321,138.84,4.5,mb,"120 km SE of Pondaguitan, Philippines"
2024-08-26T19:53:43.681Z,38.9494,23.3657,10,4.6,mwr,"18 km E of Istiaía, Greece"
2024-08-26T17:22:28.361Z,6.1449,125.8773,141.802,4.6,mb,"19 km E of Lapuan, Philippines"
2024-08-26T16:21:49.528Z,-44.8712,-73.7141,58.483,5,mww,"81 km W of Puerto Cisnes, Chile"
2024-08-26T15:49:43.057Z,54.5854,-159.7654,40.454,5.1,mww,"95 km SSE of Sand Point, Alaska"
2024-08-26T15:30:20.248Z,10.9859,122.1802,10,4.5,mb,"14 km ESE of Bugasong, Philippines"
2024-08-26T15:15:55.009Z,76.2669,6.5214,10,4.5,mb,Svalbard region
2024-08-26T12:57:40.907Z,-8.7602,110.259,54.841,5.4,mww,"89 km S of Bambanglipuro, Indonesia"
2024-08-26T10:44:39.630Z,46.9643,152.7739,51.095,4.5,mb,Kuril Islands
2024-08-26T06:21:09.254Z,-32.2362,-71.5136,71.372,4.5,mwr,"35 km NW of La Ligua, Chile"
2024-08-26T05:16:13.760Z,17.8956,-68.0616,40,4.8,ml,"78 km SE of Boca de Yuma, Dominican Republic"
2024-08-26T05:08:44.183Z,7.4653,-82.2687,10,5.8,mww,"83 km S of Boca Chica, Panama"
2024-08-26T04:11:37.277Z,38.0222,-9.5047,6.586,5,mwr,"56 km W of Sines, Portugal"
2024-08-26T02:37:28.057Z,34.7387,23.9097,10,4.5,mb,"19 km WSW of Kastrí, Greece"
2024-08-26T01:32:03.147Z,52.9308,159.5193,67.36,4.9,mb,"61 km ESE of Petropavlovsk-Kamchatsky, Russia"
2024-08-26T00:17:04.216Z,1.0961,126.4084,35,5.3,mb,"113 km WNW of Ternate, Indonesia"
2024-08-25T23:50:18.683Z,-19.8519,-175.263,100.492,4.5,mb,"95 km W of Pangai, Tonga"
2024-08-25T23:37:58.334Z,-19.8502,-175.2398,100.508,5.3,mb,"92 km W of Pangai, Tonga"
2024-08-25T23:30:51.981Z,-19.7667,-174.9814,99.28,6,mb,"65 km W of Pangai, Tonga"
2024-08-25T23:29:07.544Z,-19.8125,-175.0711,96,6.9,mww,"75 km W of Pangai, Tonga"
2024-08-25T22:12:24.856Z,14.7137,147.1127,10,4.9,mb,"156 km ESE of Saipan, Northern Mariana Islands"
2024-08-25T21:03:58.766Z,-18.1551,-174.3887,58.387,4.5,mb,"69 km NW of Neiafu, Tonga"
2024-08-25T16:07:17.584Z,10.5048,-86.5602,10,4.8,mww,"81 km WNW of Tamarindo, Costa Rica"
2024-08-25T15:35:11.241Z,-5.8892,147.1328,115.119,5,mww,"93 km N of Lae, Papua New Guinea"
2024-08-25T14:27:24.326Z,17.0673,-96.4144,64.231,4.5,mb,"5 km N of San Miguel del Valle, Mexico"
2024-08-25T09:21:25.503Z,10.2045,93.8221,10,4.7,mb,"199 km SE of Port Blair, India"
2024-08-25T02:39:26.899Z,-16.6564,174.8143,10,4.6,mb,"299 km WNW of Lautoka, Fiji"
2024-08-25T00:07:59.674Z,-7.0319,129.7173,135.186,4.6,mb,"Kepulauan Babar, Indonesia"
2024-08-25T00:00:44.752Z,2.2241,-84.4254,10,4.6,mb,off the coast of Central America
2024-08-24T21:05:28.694Z,32.0101,142.5322,10,4.5,mb,"Izu Islands, Japan region"
2024-08-24T19:51:00.826Z,-20.7886,-179.0947,624.049,5,mb,Fiji region
2024-08-24T16:54:28.897Z,-4.5066,102.0653,11.915,5,mww,"81 km SSW of Bengkulu, Indonesia"
2024-08-24T16:31:22.133Z,-9.9038,160.9628,9.739,4.6,mb,"121 km WNW of Kirakira, Solomon Islands"
2024-08-24T15:13:23.336Z,-0.2462,-18.7393,10,4.6,mb,central Mid-Atlantic Ridge
2024-08-24T14:53:12.512Z,52.8552,160.88,19.156,4.5,mb,"153 km E of Petropavlovsk-Kamchatsky, Russia"
2024-08-24T13:31:40.030Z,-23.3999,-179.8662,527.07,4.9,mb,south of the Fiji Islands
2024-08-24T06:31:38.269Z,-32.329,150.7521,10.876,4.5,mb,"8 km NE of Denman, Australia"
2024-08-24T03:32:00.974Z,-6.574,105.1914,49.145,4.8,mb,"73 km WSW of Labuan, Indonesia"
2024-08-24T02:50:27.397Z,-24.3216,179.9686,516.487,4.5,mb,south of the Fiji Islands
2024-08-24T02:47:23.423Z,-3.2937,101.7684,10.862,4.5,mb,"78 km NW of Bengkulu, Indonesia"
2024-08-24T01:35:49.589Z,-5.9038,152.3339,10,4.5,mb,"172 km S of Kokopo, Papua New Guinea"
2024-08-24T00:49:03.110Z,-20.4332,-178.3897,563.888,4.6,mb,Fiji region
2024-08-24T00:32:39.082Z,32.8801,134.346,10,4.5,mb,"48 km SSE of Muroto-misakicho, Japan"
2024-08-23T23:57:54.237Z,52.7736,160.8294,30.761,4.7,mb,"151 km ESE of Petropavlovsk-Kamchatsky, Russia"
2024-08-23T21:37:46.450Z,52.8334,160.8943,35,4.9,mb,"154 km E of Petropavlovsk-Kamchatsky, Russia"
2024-08-23T19:19:03.372Z,52.9204,160.9622,24.957,4.8,mww,"157 km E of Petropavlovsk-Kamchatsky, Russia"
2024-08-23T17:25:30.894Z,-52.8736,21.1064,10,4.6,mb,south of Africa
2024-08-23T10:38:57.077Z,-9.2504,67.156,10,4.6,mb,Mid-Indian Ridge
2024-08-23T10:30:27.964Z,-2.4708,121.2186,10,4.7,mb,"99 km E of Masamba, Indonesia"
2024-08-23T10:06:32.572Z,42.9825,147.0722,35,4.5,mb,"95 km SSE of Shikotan, Russia"
2024-08-23T09:30:23.929Z,-14.6593,-173.0886,10,4.5,mb,"123 km SW of Gataivai, Samoa"
2024-08-23T09:17:41.423Z,30.7945,139.5222,10,4.8,mb,"Izu Islands, Japan region"
2024-08-23T07:09:38.554Z,52.807,160.8245,29.994,4.8,mww,"150 km ESE of Petropavlovsk-Kamchatsky, Russia"
2024-08-23T06:20:44.244Z,12.6894,124.7446,55.322,4.5,mb,"17 km NNW of Bugko, Philippines"
2024-08-23T05:09:02.514Z,-52.9647,20.9758,10,4.6,mb,south of Africa
2024-08-23T05:06:51.283Z,52.7945,161.0424,30.242,5.3,mww,"165 km ESE of Petropavlovsk-Kamchatsky, Russia"
2024-08-23T04:48:56.939Z,-52.9221,21.0439,10,5.4,mww,south of Africa
2024-08-23T04:45:17.719Z,-53.0211,21.0651,10,5.5,mww,south of Africa
2024-08-23T03:55:57.085Z,-9.114,119.2947,10,4.9,mb,"35 km N of Tambolaka, Indonesia"
2024-08-23T02:01:59.799Z,-32.3583,150.7558,10,4.8,mww,"7 km ENE of Denman, Australia"
2024-08-22T20:33:52.469Z,-19.0853,169.2946,221.095,4.7,mb,"50 km N of Isangel, Vanuatu"
2024-08-22T18:42:27.392Z,-7.6284,125.8773,10,5.1,mww,"98 km N of Manatutu, Timor Leste"
2024-08-22T18:32:08.773Z,-3.6804,151.9429,10,5.1,mww,"62 km NNW of Rabaul, Papua New Guinea"
2024-08-22T18:10:42.695Z,-6.8657,152.426,45.009,4.9,mb,"279 km S of Kokopo, Papua New Guinea"
2024-08-22T17:44:22.011Z,1.9766,127.1135,70.787,4.8,mb,"103 km WNW of Tobelo, Indonesia"
2024-08-22T17:21:13.923Z,5.8928,126.8308,127.71,4.9,mww,"88 km SE of Pondaguitan, Philippines"
2024-08-22T15:32:01.960Z,-15.0311,-173.5611,10,4.6,mb,"105 km NNE of Hihifo, Tonga"
2024-08-22T12:34:55.515Z,-18.8066,-177.1905,358.49,4.9,mb,Fiji region
2024-08-22T11:17:10.439Z,-6.991,129.6463,99.201,5.1,mww,Banda Sea
2024-08-22T11:14:54.180Z,21.9901,121.1073,31.566,4.6,mb,"37 km E of Hengchun, Taiwan"
2024-08-22T10:52:44.890Z,19.327,-155.12266666667,6.56,4.74,ml,"15 km S of Fern Forest, Hawaii"
2024-08-22T08:01:27.941Z,-48.0647,104.1152,10,4.5,mb,southeast Indian Ridge
2024-08-22T04:43:13.130Z,0.0614,123.7266,131.668,4.6,mb,"90 km WSW of Modisi, Indonesia"
2024-08-22T01:51:08.005Z,31.1423,131.4084,51.559,4.5,mb,"41 km SSE of Kushima, Japan"
2024-08-22T01:20:29.036Z,-4.5429,153.4231,67.476,4.5,mb,"130 km E of Kokopo, Papua New Guinea"
2024-08-22T01:17:24.487Z,-56.0592,-30.8002,10,4.7,mb,South Sandwich Islands region
2024-08-22T00:00:48.544Z,1.267,99.0434,117.197,4.5,mb,"28 km WSW of Padangsidempuan, Indonesia"
2024-08-21T23:38:00.857Z,40.929,83.9936,10,5.1,mb,"124 km SE of Kuqa, China"
2024-08-21T23:30:34.769Z,52.8825,160.1271,30,5.5,mww,"102 km ESE of Petropavlovsk-Kamchatsky, Russia"
2024-08-21T18:07:23.253Z,-12.9002,166.3581,63.761,4.5,mb,"168 km NW of Sola, Vanuatu"
2024-08-21T17:55:41.683Z,13.0381,-90.7468,10,4.9,mww,"98 km S of Puerto San José, Guatemala"
2024-08-21T16:45:24.944Z,13.3206,93.1216,27.18,4.5,mb,"184 km NNE of Bamboo Flat, India"
2024-08-21T15:54:34.097Z,-3.1363,148.6243,10,4.5,mb,"193 km SE of Lorengau, Papua New Guinea"
2024-08-21T14:45:30.061Z,-32.9774,-178.3358,10,4.5,mb,south of the Kermadec Islands
2024-08-21T14:13:12.524Z,11.74,-87.4963,34.797,4.8,mb,"89 km SSW of Corinto, Nicaragua"
2024-08-21T13:38:16.240Z,-6.6006,128.0544,312.228,4.6,mb,"242 km NNE of Lospalos, Timor Leste"
2024-08-21T13:27:37.653Z,3.3507,122.6226,547.674,4.5,mb,Celebes Sea
2024-08-21T11:58:29.937Z,-9.9512,116.4563,50.019,4.8,mb,"139 km S of Praya, Indonesia"
2024-08-21T08:27:58.271Z,-30.4395,-177.6847,30.315,4.5,mb,"Kermadec Islands, New Zealand"
2024-08-21T08:25:16.401Z,52.7361,160.9233,22.274,4.7,mb,"158 km ESE of Petropavlovsk-Kamchatsky, Russia"
2024-08-21T08:12:29.322Z,-22.9568,-176.6622,106.366,4.8,mb,"242 km SW of Houma, Tonga"
2024-08-21T08:06:53.401Z,-22.2008,-179.4459,578.918,5.1,mb,south of the Fiji Islands
2024-08-21T07:07:41.422Z,-6.404,104.5155,41.025,4.7,mb,"135 km SW of Bandar Lampung, Indonesia"
2024-08-21T06:55:18.368Z,-22.1451,-65.8771,258.194,5.5,mww,"29 km W of La Quiaca, Argentina"
2024-08-21T06:09:54.346Z,-16.5713,-14.5847,10,5,mb,southern Mid-Atlantic Ridge
2024-08-21T04:00:42.680Z,52.6288,160.6342,30.966,4.6,mb,"143 km ESE of Petropavlovsk-Kamchatsky, Russia"
2024-08-21T03:28:19.787Z,8.0507,127.1233,10,4.6,mb,"74 km ENE of Kinablangan, Philippines"
2024-08-20T21:09:10.762Z,-6.6007,147.4581,76.816,4.9,mb,"43 km W of Finschhafen, Papua New Guinea"
2024-08-20T18:37:55.594Z,-32.796,-178.5036,10,4.6,mb,south of the Kermadec Islands
2024-08-20T15:10:14.939Z,-11.3383,162.4637,10,5,mww,"114 km SSE of Kirakira, Solomon Islands"
2024-08-20T15:04:38.606Z,22.7449,101.1232,13.156,4.7,mb,"15 km ESE of Simao, China"
2024-08-20T13:57:36.226Z,-22.8556,-175.5912,38.7,4.7,mb,"180 km SSW of ‘Ohonua, Tonga"
2024-08-20T11:32:30.165Z,-19.9889,-175.8334,199.537,4.7,mb,"142 km NNW of Houma, Tonga"
2024-08-20T09:50:41.241Z,8.9874,126.514,53.132,4.5,mb,"24 km ENE of Aras-asan, Philippines"
2024-08-20T08:24:22.218Z,44.172,147.4677,91.552,5.1,mb,"72 km NE of Shikotan, Russia"
2024-08-20T07:34:39.662Z,13.155,-89.6273,52.385,4.8,mwr,"49 km SW of La Libertad, El Salvador"
2024-08-20T06:52:35.662Z,4.8749,-72.6496,10,4.5,mb,"18 km NW of Ubalá, Colombia"
2024-08-20T03:40:25.984Z,-54.9134,-31.0539,10,4.5,mb,South Georgia Island region
2024-08-20T01:22:26.354Z,34.1873,74.2881,13.738,4.5,mwr,"5 km WSW of Bāramūla, India"
2024-08-20T01:20:41.473Z,56.2368,113.955,10,4.5,mb,"34 km ENE of Severomuysk, Russia"
2024-08-20T01:15:55.090Z,34.1613,74.2677,14.076,5.1,mb,"8 km SW of Bāramūla, India"
2024-08-19T23:02:12.752Z,42.9276,144.0449,119.604,4.7,mb,"5 km SW of Shiranuka, Japan"
2024-08-19T22:23:07.852Z,52.7914,160.8003,29.951,4.5,mb,"149 km ESE of Petropavlovsk-Kamchatsky, Russia"
2024-08-19T21:59:20.107Z,8.1178,127.3,10,4.5,mb,"95 km ENE of Kinablangan, Philippines"
2024-08-19T19:46:04.858Z,8.0712,126.9617,35,4.5,mb,"57 km E of Santa Maria, Philippines"
2024-08-19T19:42:22.565Z,8.1799,127.0848,10,5,mww,"71 km E of Barcelona, Philippines"
2024-08-19T17:26:57.771Z,52.7874,160.4892,37.303,4.5,mb,"128 km ESE of Petropavlovsk-Kamchatsky, Russia"
2024-08-19T17:19:22.459Z,56.1307,113.8483,10,4.7,mww,"26 km E of Severomuysk, Russia"
2024-08-19T15:32:42.884Z,8.0294,127.1567,10,4.9,mb,"76 km ENE of Kinablangan, Philippines"
2024-08-19T13:21:51.918Z,-32.4599,-179.0902,78.865,4.8,mb,south of the Kermadec Islands
2024-08-19T07:24:15.243Z,52.6734,160.3747,42.341,4.6,mb,"125 km ESE of Petropavlovsk-Kamchatsky, Russia"
2024-08-19T07:15:27.966Z,47.3026,152.2815,113.429,4.5,mb,Kuril Islands
2024-08-19T06:15:57.397Z,52.5146,160.5963,26.501,4.9,mb,"146 km ESE of Petropavlovsk-Kamchatsky, Russia"
2024-08-19T05:51:26.441Z,52.7581,160.6975,26.705,4.5,mb,"143 km ESE of Petropavlovsk-Kamchatsky, Russia"
2024-08-19T03:56:19.152Z,-18.1757,-173.9459,35,4.5,mb,"52 km N of Neiafu, Tonga"
2024-08-19T03:39:01.072Z,12.7182,124.7335,48,5.7,mww,"21 km NNW of Bugko, Philippines"
2024-08-19T00:44:51.858Z,25.1089,96.4115,10,4.5,mb,"103 km WSW of Myitkyina, Myanmar"
2024-08-18T23:32:00.342Z,-37.0845,-73.8602,11.885,5.2,mww,"51 km WNW of Arauco, Chile"
2024-08-18T21:31:16.300Z,-5.5472,131.7314,10,4.6,mb,"113 km W of Tual, Indonesia"
2024-08-18T18:44:00.301Z,2.2156,126.6791,45.114,4.5,mb,"157 km WNW of Tobelo, Indonesia"
2024-08-18T18:05:38.482Z,-31.2563,117.675,7.993,4.6,mb,"62 km WNW of Merredin, Australia"
2024-08-18T17:07:57.726Z,-23.4883,171.56,10,4.7,mb,southeast of the Loyalty Islands
2024-08-18T15:50:49.923Z,36.7354,140.5629,35,4.8,mww,"13 km W of Takahagi, Japan"
2024-08-18T15:48:21.791Z,36.8142,140.4818,35,4.7,mb,"12 km ENE of Daigo, Japan"
2024-08-18T15:27:16.716Z,-3.4441,135.6599,10,4.9,mb,"19 km ESE of Nabire, Indonesia"
2024-08-18T10:21:50.360Z,41.3526,78.698,11.836,4.6,mb,"124 km SSE of Kyzyl-Suu, Kyrgyzstan"
2024-08-18T09:59:50.271Z,-21.5177,-175.0985,66.999,4.7,mb,"24 km SW of ‘Ohonua, Tonga"
2024-08-18T09:15:22.024Z,8.7102,126.2257,83.117,4.5,mb,"1 km E of Salvacion, Philippines"
2024-08-18T08:52:41.844Z,-55.1523,-31.2081,10,4.9,mb,South Georgia Island region
2024-08-18T05:33:42.571Z,-41.2479,-89.5121,10,5,mww,southeast of Easter Island
2024-08-18T04:58:15.859Z,27.62,143.1191,10,4.8,mb,"Bonin Islands, Japan region"
2024-08-18T00:16:26.113Z,53.0001,159.7752,61.232,4.6,mb,"77 km E of Petropavlovsk-Kamchatsky, Russia"
2024-08-17T22:27:08.408Z,52.8622,160.1796,35,5.2,mb,"106 km ESE of Petropavlovsk-Kamchatsky, Russia"
2024-08-17T21:31:34.819Z,-23.1057,179.3313,560.982,5,mb,south of the Fiji Islands
2024-08-17T20:52:49.570Z,-6.6591,128.0377,337.956,5,mb,"235 km NNE of Lospalos, Timor Leste"
2024-08-17T19:40:01.999Z,53.0144,160.0188,57.075,5.1,mb,"93 km E of Petropavlovsk-Kamchatsky, Russia"
2024-08-17T19:37:41.398Z,53.104,160.0319,36.024,4.6,mb,"94 km E of Petropavlovsk-Kamchatsky, Russia"
2024-08-17T19:21:39.065Z,52.8657,160.1627,35,5,mb,"105 km ESE of Petropavlovsk-Kamchatsky, Russia"
2024-08-17T19:10:26.820Z,52.9308,160.1331,29,7,mww,"102 km E of Petropavlovsk-Kamchatsky, Russia"
2024-08-17T13:10:11.661Z,24.39,121.9264,10,4.7,mww,"44 km SSE of Yilan, Taiwan"
2024-08-17T11:36:29.693Z,-20.9512,-179.1893,619.6,5.3,mww,Fiji region
2024-08-17T11:22:28.178Z,-5.073,150.6555,214.23,4.5,mb,"78 km NE of Kimbe, Papua New Guinea"
2024-08-17T10:25:25.587Z,18.3921,120.7811,37.935,4.6,mb,"16 km S of Bangui, Philippines"
2024-08-17T06:32:09.569Z,32.4687,142.3781,10,5.2,mww,"Izu Islands, Japan region"
2024-08-17T04:58:36.910Z,-5.7584,151.2237,64.034,4.7,mb,"122 km E of Kimbe, Papua New Guinea"
2024-08-17T03:29:16.209Z,-21.8305,-176.201,122.641,5.5,mww,"118 km SW of Houma, Tonga"
2024-08-17T02:00:54.987Z,53.5699,158.1563,173.13,5.2,mww,"44 km NNW of Yelizovo, Russia"
2024-08-17T00:33:29.161Z,38.5616,141.883,55.74,4.5,mww,"40 km ENE of Onagawa Chō, Japan"
2024-08-16T23:56:45.454Z,19.3135,121.1272,36.979,4.8,mb,"77 km N of Namuac, Philippines"
2024-08-16T22:46:05.469Z,14.6926,54.5942,10,4.5,mb,"234 km NNE of Hadibu, Yemen"
2024-08-16T19:27:29.695Z,-56.4324,-25.7452,33.174,5,mb,South Sandwich Islands region
2024-08-16T18:50:24.412Z,-57.9578,-25.4828,83.896,4.9,mb,South Sandwich Islands region
2024-08-16T15:57:17.642Z,44.0877,146.3483,94.652,4.5,mb,"38 km E of Otrada, Russia"
2024-08-16T14:02:06.796Z,-17.9177,-175.0589,179.69,4.6,mb,"139 km NW of Neiafu, Tonga"
2024-08-16T13:06:02.018Z,36.3213,134.8272,10,4.5,mb,"83 km NNW of Kameshima, Japan"
2024-08-16T13:01:38.081Z,18.143,-76.7586,10,4.5,mwr,"7 km NNE of Stony Hill, Jamaica"
2024-08-16T12:43:04.860Z,-3.9224,-103.1708,10,4.5,mb,central East Pacific Rise
2024-08-16T10:15:36.916Z,35.0598,37.0338,10,4.8,mww,"5 km NNW of As Salamīyah, Syria"
2024-08-16T10:09:11.703Z,-3.6177,-103.2755,10,4.5,mb,central East Pacific Rise
2024-08-16T09:43:40.438Z,-3.3712,141.2162,32.713,4.6,mb,"76 km S of Vanimo, Papua New Guinea"
2024-08-16T05:48:28.426Z,4.9416,125.6433,186.825,4.5,mb,"54 km SSE of Sarangani, Philippines"
2024-08-16T03:00:51.499Z,-9.3647,107.7318,10,4.9,mb,"225 km SSW of Kawalu, Indonesia"
2024-08-16T02:11:35.642Z,-26.5769,-176.3621,35.469,4.6,mb,south of the Fiji Islands
2024-08-16T01:16:05.305Z,-7.9939,122.9566,220.918,4.9,mb,"107 km NE of Maumere, Indonesia"
2024-08-16T01:05:19.080Z,37.1746,71.3538,115.714,4.5,mb,"39 km SSW of Khorugh, Tajikistan"
2024-08-16T00:21:50.503Z,-21.9167,-174.2556,10,4.5,mb,"96 km SE of ‘Ohonua, Tonga"
2024-08-16T00:17:19.744Z,0.8498,97.0161,10,4.5,mb,"82 km SW of Gunungsitoli, Indonesia"
2024-08-15T23:40:28.452Z,23.7078,121.8622,10,4.7,mb,"39 km SE of Hualien City, Taiwan"
2024-08-15T23:35:53.943Z,23.7491,121.7669,14,6.1,mww,"30 km SSE of Hualien City, Taiwan"
2024-08-15T19:46:44.434Z,-1.0027,137.1667,10,4.6,mb,"122 km E of Biak, Indonesia"
2024-08-15T19:22:27.992Z,-26.5772,-176.617,25.15,4.9,mb,south of the Fiji Islands
2024-08-15T16:54:17.864Z,-20.402,-173.8309,27.006,4.6,mb,"84 km SE of Pangai, Tonga"
2024-08-15T13:13:13.947Z,-6.9993,147.0933,10,5.2,mww,"32 km SSE of Lae, Papua New Guinea"
2024-08-15T12:13:06.691Z,-5.3315,152.1423,35,5.1,mb,"110 km S of Kokopo, Papua New Guinea"
2024-08-15T12:08:16.728Z,-15.8281,-172.9443,10,4.6,mb,"92 km E of Hihifo, Tonga"
2024-08-15T09:33:04.654Z,24.4105,121.881,11.962,4.5,mb,"40 km SSE of Yilan, Taiwan"
2024-08-15T09:06:45.671Z,24.3711,121.9259,11.548,5.4,mwr,"46 km SSE of Yilan, Taiwan"
2024-08-15T04:50:58.286Z,30.99,131.5505,38.098,4.5,mb,"59 km ENE of Nishinoomote, Japan"
2024-08-15T02:40:21.658Z,-20.3329,-177.6493,501.496,4.5,mb,"261 km WNW of Houma, Tonga"
2024-08-15T01:13:36.160Z,-31.7113,-69.4863,111.129,4.5,mb,"42 km S of Calingasta, Argentina"
2024-08-14T21:19:01.201Z,-17.4189,166.7357,10,4.9,mb,"163 km SSW of Lakatoro, Vanuatu"
2024-08-14T19:36:11.278Z,36.509,70.8658,195.838,4.7,mb,"39 km S of Jurm, Afghanistan"
2024-08-14T17:55:39.603Z,-7.6359,106.0795,19.222,5,mww,"88 km SW of Pelabuhanratu, Indonesia"
2024-08-14T16:46:40.633Z,-9.3438,107.7159,8.526,5,mb,"223 km SSW of Kawalu, Indonesia"
2024-08-14T16:31:01.417Z,7.9124,-37.849,10,4.5,mb,central Mid-Atlantic Ridge
2024-08-14T14:15:36.195Z,-9.3375,114.116,59.082,4.5,mb,"102 km SSW of Muncar, Indonesia"
2024-08-14T14:14:06.746Z,-9.311,114.0158,63.192,4.8,mb,"102 km S of Gambiran Satu, Indonesia"
2024-08-14T09:15:07.892Z,-6.5957,104.3954,39.785,5,mb,"160 km W of Labuan, Indonesia"
2024-08-14T02:55:28.061Z,-15.8292,-75.0972,10,5.2,mww,"51 km S of San Juan, Peru"
2024-08-14T02:33:38.815Z,-6.0714,129.6299,206.706,4.5,mb,Banda Sea
2024-08-14T02:08:05.613Z,20.1358,145.2623,10,4.8,mb,"Maug Islands region, Northern Mariana Islands"
2024-08-14T01:49:58.218Z,20.2528,145.2246,10,4.5,mb,"Maug Islands region, Northern Mariana Islands"
2024-08-14T01:36:10.274Z,40.7631,84.1847,10,4.6,mb,"149 km SE of Kuqa, China"
2024-08-14T01:01:18.481Z,-30.0472,-177.7617,46.78,4.9,mb,"Kermadec Islands, New Zealand"
2024-08-13T21:27:50.839Z,-2.1045,100.7159,73.821,4.7,mb,"75 km W of Sungai Penuh, Indonesia"
2024-08-13T19:16:55.730Z,-4.2563,143.18,84.186,4.8,mb,"40 km E of Ambunti, Papua New Guinea"
2024-08-13T17:37:18.437Z,31.9866,142.3795,10,4.7,mb,"Izu Islands, Japan region"
2024-08-13T13:04:38.145Z,5.0093,95.5821,9.459,4.5,mb,"59 km SW of Sigli, Indonesia"
2024-08-13T12:39:03.888Z,-21.5451,-68.7193,124.988,4.5,mb,"59 km SW of Ollagüe, Chile"
2024-08-13T11:48:29.491Z,-6.4588,154.1544,10,5.1,mb,"148 km W of Panguna, Papua New Guinea"
2024-08-13T06:36:22.358Z,-13.6471,-71.6769,35,4.7,mb,"5 km SSE of Caicay, Peru"
2024-08-13T04:38:05.314Z,-15.3575,167.5816,126.411,4.6,mb,"48 km ENE of Luganville, Vanuatu"
2024-08-13T03:03:50.683Z,-8.9043,112.5855,59.667,4.6,mb,"78 km SSW of Dampit, Indonesia"
2024-08-13T00:28:38.706Z,35.1423,37.0649,4.828,4.5,mwr,"14 km N of As Salamīyah, Syria"
2024-08-12T20:55:59.916Z,35.1208,37.0152,7.282,5.2,mww,"12 km NNW of As Salamīyah, Syria"
2024-08-12T20:13:00.720Z,-11.9274,-74.2871,51.569,4.7,mb,"60 km ESE of Andamarca, Peru"
2024-08-12T19:12:12.769Z,-5.4954,128.736,328.078,4.8,mb,"208 km SSE of Ambon, Indonesia"
2024-08-12T18:47:05.739Z,43.148,146.8492,68.847,4.5,mb,"73 km S of Shikotan, Russia"
2024-08-12T14:33:59.427Z,-27.8739,-66.7284,157.064,4.7,mb,"43 km ESE of Londres, Argentina"
2024-08-12T12:59:58.131Z,-23.1246,-179.7574,546.05,4.5,mb,south of the Fiji Islands
2024-08-12T11:54:53.829Z,2.3704,126.7132,51.744,4.5,mb,"160 km WNW of Tobelo, Indonesia"
2024-08-12T11:36:13.742Z,2.3936,126.52,54.11,5,mww,"181 km WNW of Tobelo, Indonesia"
2024-08-12T05:56:29.396Z,-59.0495,-25.0849,25.411,4.6,mb,South Sandwich Islands region
2024-08-12T03:23:34.648Z,-23.9003,-179.4662,454.454,4.5,mb,south of the Fiji Islands
2024-08-12T03:07:57.302Z,1.5521,127.315,139.346,4.5,mb,"79 km WSW of Tobelo, Indonesia"
2024-08-12T01:08:35.113Z,74.7113,8.3074,10,4.9,mww,Greenland Sea
2024-08-11T21:45:58.644Z,-19.1887,-177.6289,577.067,4.5,mb,Fiji region
2024-08-11T16:21:17.289Z,-30.7557,-71.5222,64.645,4.8,mwr,"35 km WSW of Ovalle, Chile"
2024-08-11T13:47:14.932Z,-30.3735,-177.7975,38.548,4.5,mb,"Kermadec Islands, New Zealand"
2024-08-11T12:43:22.181Z,18.7014,145.862,113.504,4.9,mww,"Pagan region, Northern Mariana Islands"
2024-08-11T02:17:55.161Z,-4.8362,153.4843,60.396,4.5,mb,"145 km ESE of Kokopo, Papua New Guinea"
2024-08-11T01:26:40.104Z,-5.3573,154.1785,124.98,4.7,mb,"179 km NW of Panguna, Papua New Guinea"
2024-08-10T22:42:43.466Z,31.8606,131.5454,47.204,4.9,mb,"13 km ESE of Miyazaki, Japan"
2024-08-10T14:34:02.126Z,-23.0389,170.5953,10,5,mww,southeast of the Loyalty Islands
2024-08-10T08:20:21.721Z,2.7155,117.6911,10,4.8,mb,"38 km ESE of Tanjung Selor, Indonesia"
2024-08-10T07:59:50.652Z,-58.8196,158.402,10,5,mb,Macquarie Island region
2024-08-10T07:09:47.075Z,-20.8722,-173.9317,24.289,4.8,mb,"118 km ENE of ‘Ohonua, Tonga"
2024-08-10T06:31:36.243Z,17.4407,119.3256,10,4.8,mb,"110 km W of Cabittaogan, Philippines"
2024-08-10T05:14:37.230Z,5.5837,126.6302,96.37,4.8,mb,"99 km SSE of Pondaguitan, Philippines"
2024-08-10T03:28:32.681Z,47.223,144.7915,402.166,6.5,mww,"151 km E of Dolinsk, Russia"
2024-08-09T20:35:17.347Z,-23.7131,-179.8223,504.318,4.6,mb,south of the Fiji Islands
2024-08-09T18:22:30.189Z,-17.5531,-172.4659,10,4.6,mb,"201 km NE of Neiafu, Tonga"
2024-08-09T17:26:53.201Z,-17.5041,-172.8132,10,4.8,mb,"177 km NE of Neiafu, Tonga"
2024-08-09T16:40:37.470Z,-9.1202,120.5383,75.465,5.1,mww,"56 km S of Ruteng, Indonesia"
2024-08-09T15:21:20.533Z,3.3547,127.0295,42.22,4.6,mb,"210 km NNW of Tobelo, Indonesia"
2024-08-09T15:10:42.942Z,33.6922,140.4908,73.487,4.8,mb,"154 km SSE of Tateyama, Japan"
2024-08-09T14:05:14.000Z,35.4361,22.3576,43.713,4.8,mb,"97 km SW of Kýthira, Greece"
2024-08-09T12:47:38.341Z,13.4173,146.2628,10,4.6,mb,"149 km E of Yigo Village, Guam"
2024-08-09T12:23:01.921Z,-30.3896,-177.6027,32,5.9,mww,"Kermadec Islands, New Zealand"
2024-08-09T11:22:19.099Z,10.7573,-69.1997,10,4.6,mb,"48 km NW of Aroa, Venezuela"
2024-08-09T11:10:45.667Z,-21.6492,-179.3848,586.845,5.6,mww,Fiji region
2024-08-09T10:57:39.340Z,35.4116,139.3122,30.275,5,mww,"1 km N of Isehara, Japan"
2024-08-09T09:48:03.676Z,-28.9899,-178.6369,212.094,4.5,mb,Kermadec Islands region
2024-08-09T09:35:40.005Z,-21.8829,-179.2372,580.952,4.6,mb,Fiji region
2024-08-09T08:22:28.528Z,-4.7382,-105.2137,10,4.9,mb,central East Pacific Rise
2024-08-09T07:36:56.084Z,-30.4013,-177.5677,16.699,4.9,mb,"Kermadec Islands, New Zealand"
2024-08-09T07:21:37.349Z,-2.9574,147.4866,10,4.8,mb,"104 km SSE of Lorengau, Papua New Guinea"
2024-08-09T06:55:30.010Z,-30.4006,-177.696,25.484,4.9,mb,"Kermadec Islands, New Zealand"
2024-08-09T06:10:14.178Z,-30.4733,-177.5771,11.369,4.6,mb,"Kermadec Islands, New Zealand"
2024-08-09T05:51:43.227Z,-30.3801,-177.5694,31.788,4.6,mb,"Kermadec Islands, New Zealand"
2024-08-09T05:42:17.731Z,-30.3918,-177.7306,27.074,5,mb,"Kermadec Islands, New Zealand"
2024-08-09T05:33:42.138Z,-15.9357,178.8837,10,4.5,mb,"75 km NW of Labasa, Fiji"
2024-08-09T01:27:10.980Z,27.1586,88.1937,35,4.5,mb,"5 km NW of Naya Bāzār, India"
2024-08-08T23:31:11.920Z,-2.0696,138.3855,35,4.5,mb,"256 km WNW of Abepura, Indonesia"
2024-08-08T20:50:51.845Z,51.8967,177.8777,129.826,4.5,mb,"Rat Islands, Aleutian Islands, Alaska"
2024-08-08T19:23:31.596Z,31.8192,131.3023,18.196,5.3,mww,"15 km SW of Miyazaki, Japan"
2024-08-08T18:47:51.133Z,1.6697,127.2138,125.096,4.5,mb,"88 km W of Tobelo, Indonesia"
2024-08-08T14:17:19.966Z,-59.5587,-26.278,84.087,5,mb,South Sandwich Islands region
2024-08-08T12:49:16.076Z,42.0164,139.5219,193.573,5.2,mb,"51 km W of Otobe, Japan"
2024-08-08T09:00:02.375Z,31.5649,131.5939,40.157,4.6,mb,"21 km E of Nichinan, Japan"
2024-08-08T08:35:47.750Z,31.7663,131.6976,30.264,4.8,mb,"31 km ESE of Miyazaki, Japan"
2024-08-08T07:42:55.206Z,31.7599,131.5021,24,7.1,mww,"2024 Hyuganada Sea, Japan Earthquake"
2024-08-08T04:03:51.369Z,-20.4552,-177.6044,462.002,5,mb,"252 km WNW of Houma, Tonga"
2024-08-08T01:31:52.161Z,-21.2007,-66.7842,199.963,5.1,mww,"65 km WSW of Atocha, Bolivia"
2024-08-08T01:18:18.442Z,36.5676,70.8933,191.703,4.5,mb,"33 km S of Jurm, Afghanistan"
2024-08-07T15:07:46.334Z,-15.1671,-173.094,10,4.9,mb,"115 km NE of Hihifo, Tonga"
2024-08-07T14:46:00.746Z,-21.7862,-178.2938,400.462,4.6,mb,Fiji region
2024-08-07T14:01:45.897Z,-23.3053,170.7305,10,4.5,mb,southeast of the Loyalty Islands
2024-08-07T13:03:49.587Z,14.734,147.3237,10,4.6,mb,"176 km ESE of Saipan, Northern Mariana Islands"
2024-08-07T12:38:22.754Z,11.5337,-86.8604,49.425,5.1,mww,"47 km SW of Masachapa, Nicaragua"
2024-08-07T11:28:47.036Z,-59.9529,-27.1388,119.2,4.5,mb,South Sandwich Islands region
2024-08-07T08:47:52.707Z,34.7206,24.8973,10,4.8,mb,"36 km S of Moíres, Greece"
2024-08-07T08:23:52.156Z,34.6784,24.897,10,5,mww,"41 km S of Moíres, Greece"
2024-08-07T07:10:35.385Z,-30.3772,-177.3488,22.884,4.8,mb,"Kermadec Islands, New Zealand"
2024-08-07T05:20:35.173Z,17.4658,-83.2913,10,4.6,mb,"212 km NNE of Barra Patuca, Honduras"
2024-08-07T05:15:46.807Z,-3.2254,148.6529,10,4.5,mb,"202 km SE of Lorengau, Papua New Guinea"
2024-08-07T04:56:32.971Z,-21.2298,-178.1247,439.734,4.5,mb,"293 km W of Houma, Tonga"
2024-08-07T04:15:44.335Z,-26.9323,-71.0643,19.618,4.6,mwr,"87 km WNW of Copiapó, Chile"
2024-08-07T04:10:44.540Z,35.1088333,-119.115,11.98,4.6,ml,"25 km SW of Lamont, CA"
2024-08-07T04:09:56.760Z,35.109,-119.097,11.6,5.22,mw,"24 km SW of Lamont, CA"
2024-08-07T03:20:58.888Z,-17.6352,179.9873,610.617,4.5,mb,"85 km NE of Levuka, Fiji"
2024-08-07T02:44:49.272Z,29.4205,101.9449,10,4.5,mb,"64 km S of Kangding, China"
2024-08-07T02:32:28.049Z,37.6729,35.9527,10,4.6,mwr,"16 km SSE of Feke, Turkey"
2024-08-06T21:22:49.954Z,-24.3743,-177.6541,209,5.6,mww,south of the Fiji Islands
2024-08-06T17:39:49.689Z,-17.8949,-178.1858,520.017,4.5,mb,"265 km E of Levuka, Fiji"
2024-08-06T13:15:17.703Z,-8.689,-79.7344,44.376,4.8,mb,"96 km SW of Huanchaquito Alto, Peru"
2024-08-06T11:33:42.699Z,-16.9977,-70.4834,125.353,4.5,mb,"22 km NW of Pujocucho, Peru"
2024-08-06T09:56:40.211Z,0.5731,126.5943,60.954,4.5,mb,"91 km WSW of Ternate, Indonesia"
2024-08-06T08:59:33.622Z,-15.1845,167.2572,116.544,5.4,mww,"25 km SE of Port-Olry, Vanuatu"
2024-08-06T07:43:39.650Z,-25.237,178.2526,601.55,4.8,mb,south of the Fiji Islands
2024-08-06T07:18:39.017Z,13.3852,-89.8134,59.381,5,mww,"23 km S of Acajutla, El Salvador"
2024-08-06T05:39:25.804Z,7.756,127.1076,36.61,5.2,mww,"62 km E of Kinablangan, Philippines"
2024-08-06T04:57:13.565Z,29.4609,102.0208,10,4.5,mb,"60 km S of Kangding, China"
2024-08-05T20:35:25.578Z,14.4823,-92.9875,64.031,4.9,mww,"66 km WSW of Puerto Madero, Mexico"
2024-08-05T19:36:10.562Z,-6.3554,132.7176,10,4.9,mww,"80 km S of Tual, Indonesia"
2024-08-05T19:02:59.080Z,16.8275,-93.9356,140,5.4,mww,"17 km NW of Emiliano Zapata, Mexico"
2024-08-05T15:08:32.251Z,-30.031,-177.6347,35,4.6,mb,"Kermadec Islands, New Zealand"
2024-08-05T14:24:46.057Z,38.499,91.6578,10,4.5,mb,"228 km SSE of Luobupo, China"
2024-08-05T12:44:01.989Z,-6.5383,103.4144,22.641,5,mww,"238 km WSW of Bandar Lampung, Indonesia"
2024-08-05T09:10:33.471Z,1.4565,126.9241,115.254,4.6,mb,"89 km NW of Ternate, Indonesia"
2024-08-05T08:17:04.886Z,-62.3048,-158.4981,10,4.5,mb,Pacific-Antarctic Ridge
2024-08-05T06:59:10.294Z,18.9591,145.4382,230.566,4.7,mb,"Pagan region, Northern Mariana Islands"
2024-08-05T05:45:57.171Z,-59.8763,-24.4352,10,4.6,mb,South Sandwich Islands region
2024-08-05T02:34:50.514Z,14.8885,122.9977,52.943,4.5,mb,"69 km NNE of Luklukan, Philippines"
2024-08-05T02:29:45.574Z,-56.1433,-27.8604,111.784,5.4,mb,South Sandwich Islands region
2024-08-04T21:38:28.117Z,-7.2564,105.1156,35,4.7,mb,"125 km SW of Labuan, Indonesia"
2024-08-04T19:12:07.373Z,7.8944,126.7343,66.421,4.6,mb,"30 km NE of Kinablangan, Philippines"
2024-08-04T19:06:19.638Z,-20.1251,-173.8097,10,4.8,mb,"66 km ESE of Pangai, Tonga"
2024-08-04T18:55:40.117Z,3.89,63.3234,10,5,mww,Carlsberg Ridge
2024-08-04T17:00:20.258Z,44.6175,149.8049,42.074,4.5,mb,"166 km ESE of Kuril’sk, Russia"
2024-08-04T15:48:06.374Z,-22.0832,-68.5139,121.171,4.6,mb,"59 km NE of Calama, Chile"
2024-08-04T13:19:49.511Z,43.0821,145.0843,80.47,4.9,mb,"19 km ENE of Akkeshi, Japan"
2024-08-04T11:11:58.875Z,36.0333,137.2448,260.509,4.7,mb,"11 km S of Takayama, Japan"
2024-08-04T08:46:42.838Z,7,126.5931,170.862,4.5,mb,"16 km ESE of Jovellar, Philippines"
2024-08-04T08:03:25.892Z,-3.7425,128.4259,130.831,4.5,mb,"27 km E of Ambon, Indonesia"
2024-08-04T05:43:04.371Z,-0.1588,-18.3132,10,5.5,mww,central Mid-Atlantic Ridge
2024-08-04T03:15:48.631Z,-22.0665,-67.0663,177.549,4.8,mww,"149 km NE of San Pedro de Atacama, Chile"
2024-08-03T22:06:10.252Z,8.0859,126.7208,73.999,4.5,mb,"32 km ENE of Santa Maria, Philippines"
2024-08-03T20:03:08.491Z,48.3062,154.7394,38.304,4.8,mb,"282 km SSW of Severo-Kuril’sk, Russia"
2024-08-03T17:12:58.807Z,8.1442,126.6265,70.21,4.5,mb,"21 km E of Barcelona, Philippines"
2024-08-03T14:19:03.357Z,-22.5932,170.8193,10,4.7,mb,southeast of the Loyalty Islands
2024-08-03T11:44:46.978Z,2.4509,95.8246,10,4.7,mb,"61 km W of Sinabang, Indonesia"
2024-08-03T11:26:05.195Z,73.8071,115.7528,10,4.7,mb,"212 km NNE of Saskylakh, Russia"
2024-08-03T09:37:45.524Z,7.8698,126.7103,76.808,4.5,mb,"26 km NE of Kinablangan, Philippines"
2024-08-03T09:13:35.731Z,8.1907,126.4752,20.791,4.7,mb,"5 km NE of Barcelona, Philippines"
2024-08-03T09:12:55.526Z,8.2539,126.7694,63.535,4.9,mb,"38 km ENE of Barcelona, Philippines"
2024-08-03T08:33:58.533Z,30.8891,141.49,31.267,4.5,mb,"Izu Islands, Japan region"
2024-08-03T05:54:54.146Z,-14.8677,66.5443,10,4.6,mb,Mid-Indian Ridge
2024-08-03T05:32:56.260Z,-3.5521,138.022,76.154,4.6,mb,"220 km N of Agats, Indonesia"
2024-08-03T05:18:34.388Z,-27.8521,-176.9286,44.319,5,mb,Kermadec Islands region
2024-08-03T04:20:26.565Z,8.2038,126.8354,15,6.3,mww,"44 km E of Barcelona, Philippines"
2024-08-03T03:17:12.438Z,8.0157,126.8748,35,4.9,mb,"47 km E of Santa Maria, Philippines"
2024-08-03T03:17:01.697Z,0.3286,30.4899,10,4.5,mb,"16 km NNE of Kamwenge, Uganda"
2024-08-03T02:14:44.735Z,7.9849,126.7193,74.614,4.5,mb,"30 km E of Santa Maria, Philippines"
2024-08-03T01:38:21.598Z,8.0161,126.7417,83.676,5.3,mb,"32 km E of Santa Maria, Philippines"
2024-08-03T01:37:19.320Z,8.0629,126.7996,53.839,5.2,mb,"39 km ENE of Santa Maria, Philippines"
2024-08-03T00:49:31.110Z,-22.5607,170.7664,10,4.6,mb,southeast of the Loyalty Islands
2024-08-02T23:36:09.043Z,8.1311,126.9613,35,4.9,mb,"58 km E of Barcelona, Philippines"
2024-08-02T22:48:59.508Z,7.9348,126.8058,80.118,4.5,mb,"38 km NE of Kinablangan, Philippines"
2024-08-02T22:46:00.969Z,7.9579,126.8316,64.391,4.9,mb,"42 km NE of Kinablangan, Philippines"
2024-08-02T22:41:06.546Z,8.0711,126.7866,35,4.6,mb,"38 km ENE of Santa Maria, Philippines"
2024-08-02T22:38:00.870Z,8.2441,126.5585,35,4.7,mb,"16 km NE of Barcelona, Philippines"
2024-08-02T22:36:20.415Z,7.9719,126.906,45.789,5,mb,"50 km NE of Kinablangan, Philippines"
2024-08-02T22:35:23.239Z,7.9754,126.815,66.346,4.8,mb,"40 km E of Santa Maria, Philippines"
2024-08-02T22:35:00.076Z,8.1064,126.5758,89.012,4.5,mb,"16 km ESE of Barcelona, Philippines"
2024-08-02T22:34:34.519Z,8.1649,126.5697,35,4.7,mb,"14 km E of Barcelona, Philippines"
2024-08-02T22:33:46.919Z,8.2553,126.7699,52.726,4.8,mb,"38 km ENE of Barcelona, Philippines"
2024-08-02T22:31:15.069Z,8.1185,126.7173,76.98,5.3,mb,"31 km E of Barcelona, Philippines"
2024-08-02T22:30:11.724Z,8.0167,126.7652,35,4.9,mb,"35 km E of Santa Maria, Philippines"
2024-08-02T22:23:02.111Z,8.1851,126.6161,32,6.8,mww,"20 km E of Barcelona, Philippines"
2024-08-02T22:16:12.113Z,39.5327,143.3218,27.43,4.7,mb,"118 km E of Yamada, Japan"
2024-08-02T20:28:00.988Z,12.6019,146.4126,10,5.1,mb,"194 km ESE of Yigo Village, Guam"
2024-08-02T19:07:47.499Z,-8.2589,156.3799,10,5,mb,"53 km WSW of Gizo, Solomon Islands"
2024-08-02T18:15:58.696Z,48.8037,85.0563,48.311,4.8,mb,"106 km ENE of Kurchum, Kazakhstan"
2024-08-02T17:15:09.999Z,-16.5355,-172.8053,32.46,4.7,mb,"123 km ESE of Hihifo, Tonga"
2024-08-02T17:00:37.567Z,-6.9498,129.4089,127.895,4.5,mb,Banda Sea
2024-08-02T13:50:24.308Z,44.666,149.735,42.722,4.5,mb,"159 km ESE of Kuril’sk, Russia"
2024-08-02T11:05:26.908Z,30.8858,141.5241,43.881,4.5,mb,"Izu Islands, Japan region"
2024-08-02T09:36:41.408Z,-41.9892,89.1555,10,4.7,mb,southeast Indian Ridge
2024-08-02T06:56:10.303Z,-41.5136,88.0938,10,5.3,mww,southeast Indian Ridge
2024-08-02T06:37:07.777Z,-20.8795,-176.8203,223.577,5,mb,"161 km WNW of Houma, Tonga"
2024-08-02T03:08:35.546Z,-4.4725,151.9232,155.497,4.6,mb,"40 km SW of Rabaul, Papua New Guinea"
2024-08-01T23:36:25.360Z,8.9276,127.076,10,4.6,mb,"84 km E of Aras-asan, Philippines"
2024-08-01T23:19:23.787Z,-37.0001,-96.5454,10,4.6,mb,southeast of Easter Island
2024-08-01T23:00:21.634Z,-23.2352,170.7661,10,4.5,mb,southeast of the Loyalty Islands
2024-08-01T19:43:20.688Z,39.3949,16.7478,29.993,5.1,mww,"2 km S of Bocchigliero, Italy"
2024-08-01T19:19:01.202Z,17.1384,-96.3539,58.327,4.6,mb,"9 km W of Xagacía, Mexico"
2024-08-01T19:16:29.463Z,26.5668,127.0734,52.711,4.5,mb,"69 km WNW of Yomitan, Japan"
2024-08-01T14:51:24.107Z,37.2037,142.1897,32.535,4.5,mb,"105 km E of Tomioka, Japan"
2024-08-01T14:35:12.588Z,-36.9181,-96.6394,10,5,mb,West Chile Rise
2024-08-01T14:13:13.257Z,-23.3146,170.8017,10,4.8,mb,southeast of the Loyalty Islands
2024-08-01T11:36:36.483Z,-0.2513,133.0315,10,4.6,mb,"90 km NE of Fef, Indonesia"
2024-08-01T10:03:14.236Z,54.1057,-159.6959,15.33,5.6,mww,"146 km SSE of Sand Point, Alaska"
2024-08-01T00:09:23.851Z,4.9846,-82.6236,10,5,mww,south of Panama
2024-08-01T00:00:07.126Z,0.014,123.1947,143.889,4.9,mww,"59 km SSE of Gorontalo, Indonesia"
2024-07-31T22:39:56.343Z,-63.2877,166.9082,10,4.7,mb,Balleny Islands region
2024-07-31T22:24:58.484Z,-33.8608,-178.9277,10,4.5,mb,south of the Kermadec Islands
2024-07-31T20:43:34.757Z,23.7535,142.6481,45.489,4.7,mb,"Volcano Islands, Japan region"
2024-07-31T19:19:41.068Z,-4.0268,152.714,10,4.5,mb,"60 km NE of Kokopo, Papua New Guinea"
2024-07-31T17:33:06.576Z,-19.3347,65.148,10,4.6,mb,"185 km ENE of Port Mathurin, Mauritius"
2024-07-31T15:51:14.457Z,9.6401,125.7504,133.946,4.5,mb,"7 km NE of Gigaquit, Philippines"
2024-07-31T15:46:17.269Z,-33.8081,-178.9698,10,4.8,mb,south of the Kermadec Islands
2024-07-31T15:18:49.556Z,-17.6253,179.9571,612.953,4.6,mb,"83 km NE of Levuka, Fiji"
2024-07-31T15:18:03.258Z,-17.6696,179.9548,606.211,5.7,mww,"80 km ENE of Levuka, Fiji"
2024-07-31T14:54:14.242Z,-33.7362,-179.2513,24.34,5.1,mww,south of the Kermadec Islands
2024-07-31T14:05:02.653Z,-9.8814,-75.282,10,4.7,mb,"43 km SW of Yuyapichis, Peru"
2024-07-31T13:07:27.551Z,-56.1455,-27.3561,87.94,4.6,mb,South Sandwich Islands region
2024-07-31T08:20:43.858Z,59.0144,-139.1206,8.3,4.6,mwr,"68 km SSE of Yakutat, Alaska"
2024-07-31T04:58:50.416Z,-55.2698,-29.0877,35,5.3,mb,South Sandwich Islands region
2024-07-31T04:11:36.841Z,-9.1486,-109.7407,10,5.1,mww,central East Pacific Rise
2024-07-31T03:52:39.530Z,-26.1219,70.8372,10,4.9,mb,Indian Ocean Triple Junction
2024-07-31T02:59:51.917Z,-56.3392,-27.567,102.271,4.7,mb,South Sandwich Islands region
2024-07-31T02:53:43.864Z,-24.2507,-177.0497,13.259,4.6,mb,south of the Fiji Islands
2024-07-30T23:21:07.177Z,-6.6727,129.8366,143.8,4.7,mb,Banda Sea
2024-07-30T23:10:01.716Z,-23.3716,-175.6598,46.944,4.5,mb,"236 km SSW of ‘Ohonua, Tonga"
2024-07-30T21:23:12.777Z,48.0248,155.0802,10,4.5,mb,Kuril Islands
2024-07-30T20:35:32.627Z,13.2064,-87.815,172.595,4.7,mb,"12 km SSE of Conchagua, El Salvador"
2024-07-30T17:45:05.874Z,78.3248,-19.5989,10,5.1,mww,eastern Greenland
2024-07-30T17:36:16.390Z,-24.3146,-177.0744,10,4.5,mb,south of the Fiji Islands
2024-07-30T17:34:22.498Z,-52.2949,13.4469,10,4.5,mb,southwest of Africa
2024-07-30T16:47:16.455Z,35.6203,139.4463,125.485,4.6,mb,"3 km SW of Tama, Japan"
2024-07-30T15:56:44.399Z,-5.691,133.7127,10,4.8,mb,"106 km E of Tual, Indonesia"
2024-07-30T12:25:06.560Z,-24.321,-176.9952,10,4.9,mb,south of the Fiji Islands
2024-07-30T10:36:20.541Z,6.2936,126.1023,60.782,4.6,mb,"11 km SW of Pondaguitan, Philippines"
2024-07-30T08:30:18.204Z,-56.0755,-27.8136,134.963,4.9,mb,South Sandwich Islands region
2024-07-30T08:24:04.912Z,38.2133,93.5974,9.228,4.7,mb,"236 km SSW of Dunhuang, China"
2024-07-30T07:37:53.846Z,-20.1097,-177.5856,492.257,4.5,mb,"265 km WNW of Houma, Tonga"
2024-07-30T01:33:35.216Z,13.2054,93.5461,47.094,4.5,mb,"189 km NNE of Bamboo Flat, India"
2024-07-30T01:27:36.066Z,29.5132,98.7281,14.458,4.6,mb,"161 km WNW of Daocheng, China"
2024-07-30T01:09:37.927Z,-22.3939,-179.4979,575.568,4.5,mb,south of the Fiji Islands
2024-07-29T22:35:12.139Z,43.7599,147.7632,58.471,4.9,mb,"83 km E of Shikotan, Russia"
2024-07-29T20:49:00.350Z,-22.3683,170.8606,21.434,5.2,mww,southeast of the Loyalty Islands
2024-07-29T20:27:48.196Z,26.3004,59.7064,10,4.7,mb,"31 km SSE of Fannūj, Iran"
2024-07-29T20:00:52.590Z,34.9503333,-116.7866667,7.26,4.87,mw,"22 km ENE of Barstow, CA"
2024-07-29T17:25:51.260Z,-18.8635,167.427,10,4.9,mww,"156 km SW of Port-Vila, Vanuatu"
2024-07-29T16:25:31.492Z,32.0876,131.4191,66.144,5.2,mww,"1 km ENE of Saito, Japan"
2024-07-29T14:12:06.333Z,21.6508,121.1236,33.867,4.7,mb,"55 km SE of Hengchun, Taiwan"
2024-07-29T13:24:23.469Z,8.0051,-83.0467,10,4.6,mb,"19 km W of Burica, Panama"
2024-07-29T13:07:11.966Z,-20.3812,-173.9806,9,6,mww,"73 km SSE of Pangai, Tonga"
2024-07-29T12:12:34.233Z,-17.5713,-178.4713,563.014,4.7,mb,"240 km ENE of Levuka, Fiji"
2024-07-29T12:11:12.769Z,-17.5624,-178.4551,581,5.7,mww,"242 km ENE of Levuka, Fiji"
2024-07-29T11:27:55.434Z,4.7254,126.2064,98.487,4.5,mb,"111 km SE of Sarangani, Philippines"
2024-07-29T10:44:29.353Z,-17.7251,-173.1339,23.04,4.5,mb,"136 km NE of Neiafu, Tonga"
2024-07-29T10:42:22.575Z,-17.7422,-179.6938,608.303,4.5,mb,"110 km ENE of Levuka, Fiji"
2024-07-29T08:08:15.983Z,22.6763,143.3057,10,4.7,mb,"Volcano Islands, Japan region"
2024-07-29T04:49:27.221Z,52.0238,-174.525,69.794,4.8,mww,"29 km SW of Atka, Alaska"
2024-07-29T02:33:39.631Z,17.8235,119.6835,10,4.8,mb,"73 km WNW of Puro Pinget, Philippines"
2024-07-29T00:59:46.346Z,-24.3159,178.6793,653.779,4.5,mb,south of the Fiji Islands
2024-07-28T22:43:53.155Z,-30.11,-177.2897,10,5,mb,"Kermadec Islands, New Zealand"
2024-07-28T22:13:08.435Z,-37.1279,52.2545,10,5.4,mww,South Indian Ocean
2024-07-28T17:07:04.384Z,-7.4937,127.8333,165.783,4.6,mb,"146 km NE of Lospalos, Timor Leste"
2024-07-28T14:25:40.943Z,14.8386,147.0373,10,4.8,mb,"144 km ESE of Saipan, Northern Mariana Islands"
2024-07-28T14:19:44.090Z,14.806,146.8865,10,5.1,mww,"129 km ESE of Saipan, Northern Mariana Islands"
2024-07-28T13:53:26.663Z,20.4952,145.2188,103.838,4.8,mb,"Maug Islands region, Northern Mariana Islands"
2024-07-28T11:31:57.308Z,-58.2404,-23.9665,10,4.6,mb,South Sandwich Islands region
2024-07-28T11:20:32.794Z,-6.2708,130.0296,146.713,5.2,mww,Banda Sea
2024-07-28T10:13:22.968Z,39.5239,143.6639,10,5.3,mww,"147 km E of Yamada, Japan"
2024-07-28T10:13:06.640Z,38.8111,142.921,27.876,4.6,mb,"104 km ESE of Kamaishi, Japan"
2024-07-28T10:11:03.470Z,21.3196,93.8961,67.884,4.8,mb,"106 km WNW of Chauk, Myanmar"
2024-07-28T04:45:34.321Z,-24.267,-176.3235,10,4.9,mb,south of the Fiji Islands
2024-07-28T04:35:12.576Z,14.7842,108.2285,8.078,5.1,mww,"53 km NNE of Kon Tum, Vietnam"
2024-07-28T01:58:11.212Z,45.7583,154.1252,10,4.9,mb,east of the Kuril Islands
2024-07-27T22:56:31.756Z,-16.6886,-174.2733,10,4.9,mb,"95 km SSW of Hihifo, Tonga"
2024-07-27T21:14:07.227Z,-20.1624,-174.1208,46.501,4.9,mb,"45 km SSE of Pangai, Tonga"
2024-07-27T21:08:31.409Z,32.744,-100.696,3.4424,4.5,ml,"13 km NNE of Hermleigh, Texas"
2024-07-27T18:12:14.532Z,60.3222,-152.3227,87.8,4.5,mww,"47 km NW of Ninilchik, Alaska"
2024-07-27T17:01:47.869Z,2.6348,128.4464,228.397,4.8,mb,"111 km NNE of Tobelo, Indonesia"
2024-07-27T16:56:47.503Z,13.8093,124.2808,30.952,4.5,mb,"7 km SSW of Viga, Philippines"
2024-07-27T15:58:39.443Z,40.1454,141.0861,11.409,4.5,mb,"19 km WSW of Ichinohe, Japan"
2024-07-27T13:59:00.474Z,-55.0025,-32.4742,10,5.2,mb,South Georgia Island region
2024-07-27T11:21:47.271Z,21.8154,121.1844,42.819,4.9,mww,"50 km ESE of Hengchun, Taiwan"
2024-07-27T10:30:16.152Z,17.0905,-99.8798,34.66,5.3,mww,"4 km NE of Platanillo, Mexico"
2024-07-27T10:20:26.228Z,-37.3413,177.3628,10.534,4.8,mb,"74 km N of Opotiki, New Zealand"
2024-07-27T09:27:05.955Z,12.8088,-88.393,66.605,4.8,mww,"51 km SSW of Jucuarán, El Salvador"
2024-07-27T08:13:51.968Z,32.9143,16.3356,9.37,4.5,mb,"131 km ENE of Mişrātah, Libya"
2024-07-27T01:53:34.019Z,-36.659,177.6983,180.906,4.5,mb,"117 km NNW of Hicks Bay, New Zealand"
2024-07-26T23:15:30.576Z,13.5168,-88.4422,174.629,4.5,mb,"4 km NE of Santiago de María, El Salvador"
2024-07-26T21:09:57.878Z,19.222,39.3552,10,4.7,mb,"192 km ENE of Tokār, Sudan"
2024-07-26T20:06:24.566Z,-33.2083,-179.0146,36.372,4.5,mb,south of the Kermadec Islands
2024-07-26T16:02:27.066Z,35.6792,25.6635,10,4.7,mb,"43 km NNE of Sísion, Greece"
2024-07-26T14:28:29.143Z,32.766,-100.659,3.2959,5.1,ml,"17 km NNE of Hermleigh, Texas"
2024-07-26T14:02:35.846Z,-5.4534,146.0417,91.728,4.6,mb,"38 km SE of Madang, Papua New Guinea"
2024-07-26T13:58:47.906Z,13.9259,120.7856,98.309,4.5,mb,"3 km WSW of Calaca, Philippines"
2024-07-26T10:05:26.761Z,-20.9593,-174.327,20.571,5,mww,"77 km ENE of ‘Ohonua, Tonga"
2024-07-26T09:25:51.014Z,1.7545,127.2578,120.389,4.5,mb,"83 km W of Tobelo, Indonesia"
2024-07-26T02:09:43.393Z,2.4142,128.5134,230.569,4.6,mb,"94 km NE of Tobelo, Indonesia"
2024-07-25T21:57:41.419Z,1.3331,66.9875,10,4.6,mb,Carlsberg Ridge
2024-07-25T21:56:42.874Z,-56.5203,-143.9447,10,4.6,mb,Pacific-Antarctic Ridge
2024-07-25T21:35:41.359Z,34.2629,46.3668,10,4.8,mww,"51 km ESE of Sarpol-e Z̄ahāb, Iran"
2024-07-25T20:32:17.453Z,-7.3691,128.681,144.012,5.5,mww,"225 km NE of Lospalos, Timor Leste"
2024-07-25T17:11:38.119Z,-6.1464,102.8461,10,5.3,mb,"238 km S of Pagar Alam, Indonesia"
2024-07-25T16:11:39.453Z,-22.8604,-177.1086,155.924,4.6,mb,"264 km SW of Houma, Tonga"
2024-07-25T15:05:20.625Z,-60.7956,-25.3696,10,5.6,mww,South Sandwich Islands region
2024-07-25T14:11:06.526Z,9.897,-70.7223,18.897,4.7,mwr,"23 km ENE of Mene Grande, Venezuela"
2024-07-25T13:44:35.819Z,-29.9527,-177.2606,10,4.6,mb,"Kermadec Islands, New Zealand"
2024-07-25T13:06:18.070Z,2.3258,-84.3906,10,4.6,mb,off the coast of Central America
2024-07-25T11:31:11.825Z,43.7067,148.4243,34.201,4.5,mb,"137 km E of Shikotan, Russia"
2024-07-25T11:18:35.074Z,7.8196,137.1321,13.342,4.7,mb,"216 km SSW of Colonia, Micronesia"
2024-07-25T09:47:40.850Z,-14.646,170.8423,631.614,4.6,mb,Vanuatu region
2024-07-25T07:26:09.538Z,38.4369,141.7417,60.536,4.5,mb,"25 km E of Onagawa Chō, Japan"
2024-07-25T06:21:52.873Z,-29.9482,-177.0884,10,5.7,mww,"Kermadec Islands, New Zealand"
2024-07-25T05:44:16.035Z,-3.0689,-76.4987,117.89,4.7,mb,"45 km N of Alianza Cristiana, Peru"
2024-07-25T02:39:07.444Z,-20.0833,-177.6947,536.882,4.6,mb,"276 km WNW of Houma, Tonga"
2024-07-25T01:21:54.112Z,-37.1659,47.9826,10,4.5,mb,Southwest Indian Ridge
2024-07-25T00:30:43.555Z,-17.1008,-65.6752,35,4.5,mb,"34 km NE of Colomi, Bolivia"
2024-07-25T00:10:57.094Z,-55.0372,5.2775,10,4.5,mb,Bouvet Island region
2024-07-24T14:32:21.465Z,-15.4586,179.7986,10,4.6,mb,"117 km NNE of Labasa, Fiji"
2024-07-24T12:42:51.663Z,-6.5121,130.0446,153.351,5.1,mww,Banda Sea
2024-07-24T08:09:01.727Z,-10.0576,123.7239,35,5.2,mww,"17 km NE of Kupang, Indonesia"
2024-07-24T03:54:32.822Z,-38.308,-179.1763,10,4.8,mb,"235 km ESE of Hicks Bay, New Zealand"
2024-07-24T03:09:19.090Z,50.4617,-175.9319,10,4.6,mb,"164 km SSE of Adak, Alaska"
2024-07-24T00:43:05.887Z,-6.8505,125.2827,524.857,4.8,mb,"191 km N of Dili, Timor Leste"
2024-07-24T00:22:08.822Z,-2.9716,139.2043,45.484,5.2,mb,"164 km WSW of Abepura, Indonesia"
2024-07-23T23:55:02.968Z,26.3142,104.7659,10,5.2,mb,"31 km SSW of Liupanshui, China"
2024-07-23T23:26:58.665Z,-8.4323,128.827,10,4.5,mb,"201 km E of Lospalos, Timor Leste"
2024-07-23T20:04:09.772Z,-23.8088,-179.8578,509.427,4.5,mb,south of the Fiji Islands
2024-07-23T17:34:55.733Z,-12.5785,-76.7684,49.265,4.8,mb,"7 km SSW of Chilca, Peru"
2024-07-23T17:31:58.099Z,-19.0239,-174.3563,35,4.9,mb,"56 km SW of Neiafu, Tonga"
2024-07-23T14:45:31.878Z,48.3335,148.9544,403.189,4.5,mb,northwest of the Kuril Islands
2024-07-23T14:20:37.050Z,-6.2063,147.7801,68.267,4.6,mb,"39 km N of Finschhafen, Papua New Guinea"
2024-07-23T09:28:37.322Z,1.522,127.7874,10,4.9,mww,"33 km SW of Tobelo, Indonesia"
2024-07-23T08:55:27.121Z,-42.2446,-16.3226,10,4.6,mb,southern Mid-Atlantic Ridge
2024-07-23T08:17:57.497Z,54.9959,-157.5398,9.8,4.7,mwr,"143 km SE of Perryville, Alaska"
2024-07-23T07:45:22.854Z,-21.1275,-178.984,600.824,4.7,mb,Fiji region
2024-07-23T05:21:17.621Z,-5.0716,100.1189,10,4.5,mb,"276 km WSW of Bengkulu, Indonesia"
2024-07-23T05:04:48.197Z,-6.2131,150.7586,10,4.6,mb,"100 km SE of Kimbe, Papua New Guinea"
2024-07-23T03:38:42.943Z,32.766,-100.659,3.1982,4.9,ml,"17 km NNE of Hermleigh, Texas"
2024-07-23T03:10:14.146Z,-1.5967,99.5882,35,4.9,mb,"47 km N of Tuapejat, Indonesia"
2024-07-22T20:51:26.203Z,8.1415,-82.8309,10,4.9,mb,"5 km NE of Limones, Panama"
2024-07-22T20:17:54.414Z,8.2256,-82.7686,7,5.6,mww,"11 km ESE of Puerto Armuelles, Panama"
2024-07-22T19:30:00.263Z,8.183,-82.672,10,4.5,mb,"22 km SE of Manaca Civil, Panama"
2024-07-22T19:19:35.070Z,8.22,-82.8075,7,5.7,mww,"8 km SE of Puerto Armuelles, Panama"
2024-07-22T15:21:12.163Z,-15.4575,168.3384,10,4.6,mb,"121 km NE of Norsup, Vanuatu"
2024-07-22T14:47:16.975Z,-5.3334,131.1812,63.93,5,mb,"177 km W of Tual, Indonesia"
2024-07-22T14:39:22.358Z,39.6736,26.3745,11.394,4.5,mwr,"8 km NNW of Ayvacık, Turkey"
2024-07-22T14:38:19.074Z,-15.5975,168.1951,10.678,5,mb,"99 km ENE of Norsup, Vanuatu"
2024-07-22T10:14:47.558Z,-22.5381,171.286,73.558,5,mb,southeast of the Loyalty Islands
2024-07-22T07:43:45.839Z,7.7878,126.0357,10,4.5,mb,"3 km SW of Monkayo, Philippines"
2024-07-22T07:42:43.930Z,-15.4845,168.2493,10,4.5,mb,"111 km NE of Norsup, Vanuatu"
2024-07-22T07:03:58.207Z,36.5031,70.3504,206.663,4.5,mb,"44 km E of Farkhār, Afghanistan"
2024-07-22T06:53:57.724Z,-56.0256,-27.2919,56.531,5.2,mb,South Sandwich Islands region
2024-07-22T06:08:20.972Z,-15.543,168.0193,10,5,mb,"88 km NE of Norsup, Vanuatu"
2024-07-22T06:06:32.599Z,-15.4482,168.038,10,4.5,mb,"94 km E of Luganville, Vanuatu"
2024-07-22T05:56:23.325Z,-15.5296,168.146,10,4.5,mb,"99 km NE of Norsup, Vanuatu"
2024-07-22T05:30:31.417Z,-15.4974,168.2137,10,4.6,mb,"107 km NE of Norsup, Vanuatu"
2024-07-22T05:21:28.703Z,-15.5188,168.2778,10,4.9,mb,"112 km ENE of Norsup, Vanuatu"
2024-07-22T05:19:34.637Z,-15.3334,168.1683,10,4.7,mb,"109 km E of Luganville, Vanuatu"
2024-07-22T05:04:27.743Z,-15.5073,168.1241,4,6.1,mww,"99 km NE of Norsup, Vanuatu"
2024-07-22T05:04:12.131Z,-15.473,168.1476,10,5.2,mb,"103 km NE of Norsup, Vanuatu"
2024-07-22T04:16:07.753Z,-5.995,146.5925,52.526,4.9,mb,"86 km ENE of Kainantu, Papua New Guinea"
2024-07-22T03:54:00.819Z,-15.3946,168.0934,10,4.9,mb,"100 km E of Luganville, Vanuatu"
2024-07-22T03:38:20.017Z,-15.4382,168.2109,10,4.5,mb,"111 km NE of Norsup, Vanuatu"
2024-07-22T03:07:22.803Z,-15.3927,168.2926,10,4.5,mb,"121 km NE of Norsup, Vanuatu"
2024-07-22T02:50:10.426Z,-15.4203,168.0616,10,4.7,mb,"97 km E of Luganville, Vanuatu"
2024-07-22T01:36:42.479Z,-32.937,-179.2895,10,4.5,mb,south of the Kermadec Islands
2024-07-22T01:07:33.377Z,36.8092,140.853,87.983,4.7,mww,"9 km ENE of Kitaibaraki, Japan"
2024-07-22T00:19:29.346Z,-24.4091,-66.9058,168.756,4.6,mwr,"63 km WSW of San Antonio de los Cobres, Argentina"
2024-07-22T00:09:33.423Z,-19.2322,169.5925,242,5.5,mww,"47 km NE of Isangel, Vanuatu"
2024-07-21T19:32:58.967Z,-18.3342,-174.5613,10,4.5,mb,"70 km WNW of Neiafu, Tonga"
2024-07-21T18:36:52.746Z,-39.7533,121.1451,10,5.1,mb,off the south coast of Australia
2024-07-21T12:46:47.547Z,12.2996,143.1449,10,4.5,mb,"197 km WSW of Merizo Village, Guam"
2024-07-21T11:03:44.952Z,-50.1142,112.5891,10,4.5,mb,southeast Indian Ridge
2024-07-21T10:29:35.614Z,-56.6031,-141.7636,10,5.2,mww,Pacific-Antarctic Ridge
2024-07-21T09:50:26.596Z,-23.1811,170.7971,10,4.5,mb,southeast of the Loyalty Islands
2024-07-21T09:26:25.287Z,46.4027,149.8387,10,4.6,mb,"200 km NE of Kuril’sk, Russia"
2024-07-21T09:17:43.954Z,-0.9602,-15.8174,10,4.5,mb,north of Ascension Island
2024-07-21T06:47:29.339Z,-12.5573,166.7679,204.788,4.5,mb,"168 km NNW of Sola, Vanuatu"
2024-07-21T06:20:07.530Z,5.9652,92.6311,10,4.7,mb,"297 km W of Sabang, Indonesia"
2024-07-21T05:23:08.728Z,8.9269,126.1739,57.625,4.6,mb,"8 km S of Gamut, Philippines"
2024-07-21T04:27:27.767Z,42.7004,145.5767,19.458,5.3,mww,"69 km S of Nemuro, Japan"
2024-07-21T04:01:26.930Z,34.8732,23.2416,10,5.3,mww,"56 km SW of Palaióchora, Greece"
2024-07-21T02:53:48.910Z,14.6445,-89.9316,272,6.2,mww,"6 km E of Jalapa, Guatemala"
2024-07-21T02:08:05.763Z,-17.6244,-173.942,75.287,4.5,mb,"113 km N of Neiafu, Tonga"
2024-07-20T21:01:21.584Z,-23.2988,171.0363,10,4.8,mb,southeast of the Loyalty Islands
2024-07-20T18:10:06.103Z,43.4043,84.8074,10,4.9,mb,"103 km S of Dushanzi, China"
2024-07-20T17:41:57.772Z,-12.2343,166.6337,133.813,4.9,mb,"190 km SSE of Lata, Solomon Islands"
2024-07-20T16:00:38.716Z,-4.5569,153.0045,10.395,4.5,mb,"85 km ESE of Kokopo, Papua New Guinea"
2024-07-20T15:38:06.758Z,34.8964,23.3852,8.378,4.5,mb,"45 km SW of Palaióchora, Greece"
2024-07-20T14:21:58.462Z,-16.6808,-177.2,10,4.8,mb,"279 km SSE of Alo, Wallis and Futuna"
2024-07-20T14:18:56.880Z,40.9114,84.2404,10,4.5,mb,"141 km SE of Kuqa, China"
2024-07-20T12:52:44.711Z,22.5735,142.0232,262.374,4.7,mb,"Volcano Islands, Japan region"
2024-07-20T12:05:04.828Z,0.1,96.4867,10,5.1,mww,"155 km WSW of Teluk Dalam, Indonesia"
2024-07-20T11:15:50.346Z,36.7116,141.6138,23.637,4.9,mb,"75 km ESE of Iwaki, Japan"
2024-07-20T10:12:15.148Z,27.8239,140.746,26.22,4.6,mb,"Bonin Islands, Japan region"
2024-07-20T07:53:13.427Z,-24.0584,-66.7967,200.176,4.6,mb,"51 km WNW of San Antonio de los Cobres, Argentina"
2024-07-20T07:02:35.524Z,-23.2194,-67.8016,133.317,4.6,mb,"53 km SE of San Pedro de Atacama, Chile"
2024-07-20T01:49:15.676Z,-3.9468,142.6256,147.133,4.5,mb,"36 km NW of Ambunti, Papua New Guinea"
2024-07-20T01:15:20.015Z,-17.4562,167.735,10,4.6,mb,"68 km WNW of Port-Vila, Vanuatu"
2024-07-20T01:01:44.986Z,-55.8686,-27.0578,55.938,5.3,mb,South Sandwich Islands region
2024-07-20T00:34:12.003Z,-21.7463,170.2985,73.552,5,mb,"251 km E of Tadine, New Caledonia"
2024-07-19T20:09:32.607Z,-2.106,138.3421,29.84,4.5,mb,"260 km WNW of Abepura, Indonesia"
2024-07-19T17:06:54.309Z,1.5116,127.7517,9.272,4.5,mb,"37 km SW of Tobelo, Indonesia"
2024-07-19T16:05:28.446Z,-20.0953,-67.9949,180.746,4.6,mb,"113 km SE of Colchane, Chile"
2024-07-19T15:55:26.723Z,-13.3842,66.6946,10,4.7,mb,Mid-Indian Ridge
2024-07-19T14:44:50.795Z,-13.2832,66.8416,10,4.5,mb,Mid-Indian Ridge
2024-07-19T14:36:14.348Z,1.5763,127.7664,8.149,5.1,mww,"31 km WSW of Tobelo, Indonesia"
2024-07-19T14:31:30.055Z,1.5195,127.7706,10,5,mb,"35 km SW of Tobelo, Indonesia"
2024-07-19T13:36:03.499Z,0.7348,126.0494,21.222,5,mb,"128 km SE of Bitung, Indonesia"
2024-07-19T10:10:18.377Z,18.5479,145.6481,202.334,4.5,mb,"Pagan region, Northern Mariana Islands"
2024-07-19T06:49:59.281Z,-3.353,139.1557,57.687,4.5,mb,"184 km WSW of Abepura, Indonesia"
2024-07-19T06:19:31.120Z,6.8522,123.7377,10.194,4.9,mb,"31 km W of Gadung, Philippines"
2024-07-19T05:27:47.749Z,40.1829,141.0707,13.488,4.6,mb,"19 km WSW of Ichinohe, Japan"
2024-07-19T04:51:37.379Z,-3.9995,142.9045,63.961,4.5,mb,"25 km NNE of Ambunti, Papua New Guinea"
2024-07-19T03:28:39.022Z,-35.3232,-105.0024,10,4.9,mb,southern East Pacific Rise
2024-07-19T03:13:47.417Z,52.0859,-170.9116,40.972,6,mwr,"168 km SW of Nikolski, Alaska"
2024-07-19T03:11:25.323Z,-23.3538,-67.865,141.986,4.7,mb,"59 km SE of San Pedro de Atacama, Chile"
2024-07-19T02:17:39.489Z,-23.2754,-67.8086,147.674,4.6,mb,"56 km SE of San Pedro de Atacama, Chile"
2024-07-19T02:15:52.296Z,-23.1775,-67.9065,131.199,5,mb,"42 km SE of San Pedro de Atacama, Chile"
2024-07-19T01:50:48.571Z,-23.0791,-67.8404,127.291,7.4,mww,"41 km ESE of San Pedro de Atacama, Chile"
2024-07-19T00:15:15.817Z,-15.3357,-174.1956,99.349,4.5,mb,"80 km NNW of Hihifo, Tonga"
2024-07-18T22:54:38.623Z,45.8246,143.1577,324.938,4.6,mb,"94 km SSE of Korsakov, Russia"
2024-07-18T18:14:42.634Z,36.5289,70.3719,222.42,4.9,mww,"46 km E of Farkhār, Afghanistan"
2024-07-18T15:01:23.345Z,-5.1622,101.0511,10,5.3,mww,"202 km SW of Bengkulu, Indonesia"
2024-07-18T13:19:21.048Z,29.2354,130.4074,38.385,4.6,mb,"110 km S of Yudomari, Japan"
2024-07-18T11:07:34.561Z,33.578,140.3234,91,5.6,mww,"161 km SSE of Tateyama, Japan"
2024-07-18T08:29:26.216Z,8.7511,126.6641,62.387,4.6,mb,"40 km E of Marihatag, Philippines"
2024-07-18T05:39:55.732Z,8.6935,126.6749,50.368,5.1,mb,"43 km ESE of Marihatag, Philippines"
2024-07-18T03:01:25.398Z,-28.3493,-175.9156,10,4.8,mb,Kermadec Islands region
2024-07-18T02:54:55.026Z,-59.2336,-23.7935,10,4.5,mb,South Sandwich Islands region
2024-07-18T01:09:17.169Z,6.6727,-72.9858,160.309,4.5,mb,"4 km ESE of Aratoca, Colombia"
2024-07-17T19:38:56.905Z,-53.0452,25.4357,10,4.5,mb,south of Africa
2024-07-17T19:17:41.344Z,4.2527,124.6162,23.714,4.6,mb,"158 km SW of Sarangani, Philippines"
2024-07-17T05:35:43.614Z,-29.8237,-177.8669,76.641,4.5,mb,"Kermadec Islands, New Zealand"
2024-07-16T23:39:33.444Z,1.2023,126.1216,48.375,5.3,mww,"113 km ESE of Bitung, Indonesia"
2024-07-16T19:51:13.864Z,51.7976,178.4138,103.551,4.9,mb,"Rat Islands, Aleutian Islands, Alaska"
2024-07-16T17:32:54.726Z,-1.8615,36.2298,10,4.6,mb,"7 km NW of Magadi, Kenya"
2024-07-16T15:40:46.348Z,32.5291,48.9875,18.301,4.5,mb,"52 km ENE of Shahrak-e Kūlūrī, Iran"
2024-07-16T14:29:15.476Z,16.2922,-97.62,18.809,4.8,mww,"8 km W of Tataltepec de Valdés, Mexico"
2024-07-16T12:51:32.689Z,-44.9123,35.0539,10,4.6,mb,Prince Edward Islands region
2024-07-16T12:29:44.602Z,-19.1339,169.5487,272.406,5.1,mww,"53 km NNE of Isangel, Vanuatu"
2024-07-16T11:58:52.404Z,-22.5704,-113.8047,10,4.6,mb,Easter Island region
2024-07-16T08:25:50.566Z,-52.8411,25.878,10,4.8,mb,south of Africa
2024-07-16T07:38:11.780Z,-0.0716,122.2244,243.744,4.6,mb,"115 km SW of Gorontalo, Indonesia"
2024-07-16T06:36:43.386Z,29.2907,142.4657,10,5.2,mww,"Izu Islands, Japan region"
2024-07-16T05:05:40.237Z,-18.1178,-177.9032,587.05,4.6,mb,"294 km E of Levuka, Fiji"
2024-07-16T02:53:09.617Z,-4.1759,102.0879,71.708,4.9,mb,"45 km SSW of Bengkulu, Indonesia"
2024-07-16T01:19:06.793Z,30.0369,57.7541,10,4.6,mb,"70 km ESE of Kerman, Iran"
2024-07-15T23:19:27.607Z,17.4898,122.3649,10,4.7,mb,"45 km N of Dicabisagan, Philippines"
2024-07-15T19:08:41.965Z,-21.2682,-68.3999,130.503,4.9,mb,"15 km WSW of Ollagüe, Chile"
2024-07-15T18:21:59.681Z,-16.4274,-172.4405,10,5.3,mww,"154 km ESE of Hihifo, Tonga"
2024-07-15T17:40:18.678Z,-16.3707,-172.5116,9,5.7,mww,"144 km ESE of Hihifo, Tonga"
2024-07-15T13:29:21.161Z,-18.7387,-177.703,612.164,4.6,mb,Fiji region
2024-07-15T11:07:15.388Z,29.9961,131.2052,27.1,4.5,mb,"68 km SE of Koseda, Japan"
2024-07-15T11:07:09.432Z,-18.8581,-67.9155,206.154,4.5,mb,"88 km ENE of Colchane, Chile"
2024-07-15T10:05:40.118Z,-16.389,-172.4759,10,4.5,mb,"149 km ESE of Hihifo, Tonga"
2024-07-15T09:21:18.949Z,-16.2028,-172.6355,10,4.5,mb,"127 km ESE of Hihifo, Tonga"
2024-07-15T08:15:50.150Z,-4.0072,142.9594,48.526,5.2,mb,"28 km NE of Ambunti, Papua New Guinea"
2024-07-15T04:59:32.434Z,-14.7824,-173.3652,10,5,mb,"137 km NNE of Hihifo, Tonga"
2024-07-15T04:25:41.973Z,-18.879,169.384,254.74,4.9,mb,"74 km N of Isangel, Vanuatu"
2024-07-14T21:33:18.571Z,30.4091,69.3062,10,5,mb,"57 km N of Kohlu, Pakistan"
2024-07-14T21:22:15.913Z,-57.9998,-25.3412,41.227,4.5,mb,South Sandwich Islands region
2024-07-14T20:15:19.228Z,-21.2889,-68.3022,113.491,4.9,mww,"8 km SW of Ollagüe, Chile"
2024-07-14T18:59:50.856Z,-48.7017,106.8066,10,5.2,mww,southeast Indian Ridge
2024-07-14T18:47:23.932Z,-17.1851,-174.1594,126.097,4.7,mb,"141 km SSW of Hihifo, Tonga"
2024-07-14T18:03:38.159Z,33.4418,140.7426,57.216,4.5,mb,"189 km SSE of Tateyama, Japan"
2024-07-14T14:45:19.715Z,-22.449,-177.9587,315.775,4.5,mb,south of the Fiji Islands
2024-07-14T12:44:11.570Z,-21.5959,-179.298,590.943,4.8,mb,Fiji region
2024-07-14T12:43:34.585Z,22.2789,143.6311,148.215,4.5,mb,"Volcano Islands, Japan region"
2024-07-14T12:03:33.466Z,5.6272,126.8542,103.496,4.5,mb,"110 km SE of Pondaguitan, Philippines"
2024-07-14T10:37:10.240Z,11.4853,-87.432,10,4.5,mb,"105 km WSW of Masachapa, Nicaragua"
2024-07-14T10:01:00.924Z,8.4574,126.143,11.549,4.6,mb,"3 km W of Tagbina, Philippines"
2024-07-14T09:49:49.171Z,30.7779,139.5882,6.404,4.7,mww,"Izu Islands, Japan region"
2024-07-14T08:19:32.935Z,19.8623,121.1964,32.541,4.5,mb,"103 km SW of Basco, Philippines"
2024-07-14T07:27:45.821Z,3.8812,128.1604,10.16,4.9,mb,"238 km N of Tobelo, Indonesia"
2024-07-13T22:49:33.854Z,30.0913,86.9812,10,4.5,mb,"189 km ENE of Saga, China"
2024-07-13T22:02:11.739Z,-27.8009,-176.4573,23.61,4.5,mb,Kermadec Islands region
2024-07-13T21:48:44.211Z,-12.2114,-72.7509,10,5.1,mb,"29 km ESE of Pangoa, Peru"
2024-07-13T21:34:00.227Z,8.1564,-82.7179,10,5.4,mww,"17 km ENE of Limones, Panama"
2024-07-13T18:49:23.143Z,-5.1326,101.0246,10,4.8,mb,"201 km SW of Bengkulu, Indonesia"
2024-07-13T17:51:08.445Z,-27.7665,-176.6464,29.339,5.6,mww,Kermadec Islands region
2024-07-13T16:12:51.061Z,4.8663,126.2235,82.893,4.5,mb,"103 km SE of Sarangani, Philippines"
2024-07-13T05:26:42.856Z,49.313,155.2366,69.948,4.5,mb,"164 km SSW of Severo-Kuril’sk, Russia"
2024-07-13T04:38:15.306Z,-24.1525,-67.1003,211.271,4.5,mb,"79 km W of San Antonio de los Cobres, Argentina"
2024-07-13T03:35:42.741Z,-15.9235,-74.6399,28.998,4.6,mb,"32 km WSW of Atiquipa, Peru"
2024-07-13T02:28:52.989Z,53.5648,-164.8675,30.328,4.7,mb,"87 km SE of Akutan, Alaska"
2024-07-12T23:50:31.477Z,-53.1105,25.9043,10,4.5,mb,south of Africa
2024-07-12T23:18:47.583Z,25.0886,128.1823,10,5.3,mww,"126 km SSE of Itoman, Japan"
2024-07-12T23:07:19.528Z,-16.2865,-176.362,361.103,4.5,mb,"276 km W of Hihifo, Tonga"
2024-07-12T23:06:22.739Z,2.7618,95.3985,10,4.8,mb,"113 km WNW of Sinabang, Indonesia"
2024-07-12T19:47:05.899Z,-17.1976,171.5373,10,4.5,mb,Vanuatu region
2024-07-12T19:18:12.656Z,-3.7498,151.3518,10,5.2,mww,"102 km WNW of Rabaul, Papua New Guinea"
2024-07-12T18:55:00.205Z,-15.966,-74.7739,26.202,4.8,mb,"47 km WSW of Atiquipa, Peru"
2024-07-12T18:19:05.478Z,-17.375,-69.4062,176,5.6,mww,"67 km E of Tarata, Peru"
2024-07-12T17:35:06.678Z,-3.6944,151.3737,9.996,4.9,mww,"103 km WNW of Rabaul, Papua New Guinea"
2024-07-12T17:12:49.025Z,-3.8172,151.3842,11.332,5.5,mww,"96 km WNW of Rabaul, Papua New Guinea"
2024-07-12T12:46:19.292Z,-6.3924,124.5354,596.73,4.7,mb,"237 km ESE of Baubau, Indonesia"
2024-07-12T11:50:08.822Z,-3.774,126.0627,10,4.9,mww,"189 km S of Sanana, Indonesia"
2024-07-12T11:48:07.064Z,-58.8516,-25.2828,33.201,4.9,mb,South Sandwich Islands region
2024-07-12T10:34:00.855Z,1.2947,126.3177,10,5,mb,"131 km WNW of Ternate, Indonesia"
2024-07-12T09:30:31.763Z,-15.5516,-74.8003,23,5.8,mww,"24 km SW of Acarí, Peru"
2024-07-12T09:16:04.538Z,-56.5073,-25.5736,23.822,4.6,mb,South Sandwich Islands region
2024-07-12T08:20:27.083Z,48.8765,-128.7826,10,4.8,mww,"212 km W of Tofino, Canada"
2024-07-12T05:47:02.471Z,-4.6412,-104.7263,10,4.6,mb,central East Pacific Rise
2024-07-12T04:53:52.579Z,54.788,167.9407,10,5.1,mww,"Komandorskiye Ostrova, Russia region"
2024-07-12T04:01:30.277Z,-4.6099,-104.4367,10,4.5,mb,central East Pacific Rise
2024-07-12T03:55:54.435Z,-15.052,-173.3111,10,5,mb,"112 km NNE of Hihifo, Tonga"
2024-07-12T01:51:08.707Z,14.4708,55.7452,10,5,mb,"274 km NE of Hadibu, Yemen"
2024-07-12T00:19:41.661Z,-4.6345,-104.8692,10,5.8,mww,central East Pacific Rise
2024-07-11T22:18:09.873Z,-7.4777,105.0173,17.056,4.9,mb,"151 km SW of Labuan, Indonesia"
2024-07-11T17:34:26.968Z,48.7663,-128.693,10,4.7,mwr,"208 km WSW of Tofino, Canada"
2024-07-11T16:24:21.787Z,-0.1146,124.014,101.558,4.6,mb,"78 km SW of Modisi, Indonesia"
2024-07-11T16:17:21.077Z,48.8878,-128.4827,10,5.2,mww,"190 km W of Tofino, Canada"
2024-07-11T15:17:35.633Z,48.8019,-128.7385,10,4.5,mb,"210 km WSW of Tofino, Canada"
2024-07-11T15:08:47.169Z,48.7877,-128.7103,10,6.4,mww,"209 km WSW of Tofino, Canada"
2024-07-11T12:04:09.229Z,11.5502,-85.9086,190.558,4.6,mb,"5 km NNW of Belén, Nicaragua"
2024-07-11T09:27:34.446Z,12.3205,144.1514,10,5.4,mb,"118 km SSW of Merizo Village, Guam"
2024-07-11T08:34:21.584Z,-8.9479,124.2237,65.588,4.5,mb,"32 km NNW of Pante Makasar, Timor Leste"
2024-07-11T04:04:32.236Z,-6.7725,130.2325,114.573,4.5,mb,Banda Sea
2024-07-11T03:01:18.294Z,36.992,137.4186,10,4.9,mb,"9 km NW of Nyūzen, Japan"
2024-07-11T02:55:19.640Z,-8.7333,-74.6016,136.668,4.8,mb,"12 km ENE of Honoria, Peru"
2024-07-11T02:13:18.585Z,6.0838,123.1503,639.503,7.1,mww,"106 km WSW of Sangay, Philippines"
2024-07-11T00:59:43.927Z,29.3057,142.258,10,4.5,mb,"Izu Islands, Japan region"
2024-07-10T23:52:00.671Z,-60.3266,-26.602,10,5,mb,South Sandwich Islands region
2024-07-10T21:00:55.722Z,-5.3642,101.1133,10,4.9,mww,"215 km SW of Bengkulu, Indonesia"
2024-07-10T20:02:13.921Z,-46.9658,-10.5808,10,5,mb,southern Mid-Atlantic Ridge
2024-07-10T19:48:57.513Z,-46.8982,-10.6457,10,5.1,mb,southern Mid-Atlantic Ridge
2024-07-10T15:39:35.624Z,-22.8047,-66.2135,255.842,4.5,mb,"53 km W of Abra Pampa, Argentina"
2024-07-10T15:32:42.674Z,-5.4067,101.0211,9,5.4,mww,"224 km SW of Bengkulu, Indonesia"
2024-07-10T12:00:16.137Z,18.3186,120.3646,32.981,4.8,mb,"26 km W of Pasuquin, Philippines"
2024-07-10T09:53:36.292Z,3.7915,-78.5829,10,4.7,mb,"142 km N of Mosquera, Colombia"
2024-07-10T08:56:31.949Z,-30.7644,-177.9904,29.486,4.5,mb,"Kermadec Islands, New Zealand"
2024-07-10T08:39:18.062Z,37.0254,142.4528,16.303,4.5,mwr,"132 km ESE of Tomioka, Japan"
2024-07-10T04:55:41.780Z,-53.3092,25.3481,4,6.6,mww,south of Africa
2024-07-10T03:40:29.476Z,-17.0646,-174.2755,85.364,4.6,mb,"133 km SSW of Hihifo, Tonga"
2024-07-10T03:10:19.256Z,-5.5176,147.1314,185.218,4.5,mb,"134 km N of Lae, Papua New Guinea"
2024-07-10T01:26:21.903Z,-13.1628,-111.3925,10,4.8,mb,central East Pacific Rise
2024-07-10T01:19:37.252Z,-13.4638,-111.4886,10,4.7,mb,central East Pacific Rise
2024-07-09T22:21:23.747Z,76.7521,7.6355,10,4.9,mb,"253 km SW of Longyearbyen, Svalbard and Jan Mayen"
2024-07-09T22:20:45.830Z,76.7414,7.5307,10,5,mb,"256 km SW of Longyearbyen, Svalbard and Jan Mayen"
2024-07-09T21:02:31.047Z,-57.6357,-25.3544,45.956,4.5,mb,South Sandwich Islands region
2024-07-09T15:28:32.363Z,-20.4243,-174.225,15.477,5.2,mb,"68 km SSE of Pangai, Tonga"
2024-07-09T14:29:41.580Z,22.3577,143.4293,139.548,4.5,mb,"Volcano Islands, Japan region"
2024-07-09T13:50:01.131Z,1.1409,128.274,10.323,4.6,mb,"48 km N of Maba, Indonesia"
2024-07-09T09:38:12.656Z,-32.8132,-179.2893,68.53,4.9,mb,south of the Kermadec Islands
2024-07-09T09:11:51.214Z,36.6658,28.1421,76.484,4.5,mwr,"16 km SSW of İçmeler, Turkey"
2024-07-09T04:16:47.638Z,-27.5999,-13.3721,10,4.8,mb,southern Mid-Atlantic Ridge
2024-07-09T04:08:39.881Z,-27.6559,-13.3948,10,5,mb,southern Mid-Atlantic Ridge
2024-07-09T03:57:35.664Z,-27.723,-13.1677,10,4.8,mb,southern Mid-Atlantic Ridge
2024-07-09T00:11:50.511Z,-13.2268,174.9995,10,4.8,mb,Fiji region
2024-07-09T00:10:16.740Z,-15.9637,-74.8164,26.291,4.5,mb,"51 km WSW of Atiquipa, Peru"
2024-07-08T19:33:26.122Z,-15.9583,-74.8947,13.49,5.4,mww,"59 km WSW of Atiquipa, Peru"
2024-07-08T15:06:44.416Z,48.671,-128.9811,10,5.2,mww,"231 km WSW of Tofino, Canada"
2024-07-08T14:49:42.955Z,1.585,127.7619,7.722,4.5,mb,"31 km WSW of Tobelo, Indonesia"
2024-07-08T14:07:45.568Z,-15.8678,-74.7945,31.958,4.8,mb,"46 km W of Atiquipa, Peru"
2024-07-08T14:03:32.102Z,-15.9505,-74.8667,22.523,5.3,mww,"56 km WSW of Atiquipa, Peru"
2024-07-08T13:18:19.560Z,-23.8082,-66.5383,211.054,4.5,mb,"50 km NNW of San Antonio de los Cobres, Argentina"
2024-07-08T10:44:44.967Z,-5.5391,-11.7634,13.29,4.6,mb,Ascension Island region
2024-07-08T09:54:53.671Z,8.4598,-82.676,26.677,5.3,mww,"2 km SSW of Sioguí Abajo, Panama"
2024-07-08T08:19:04.027Z,9.0638,126.7309,41.865,4.8,mb,"50 km ENE of Aras-asan, Philippines"
2024-07-08T03:16:45.723Z,-55.4201,-29.4671,35,4.6,mb,South Sandwich Islands region
2024-07-08T02:59:47.393Z,19.9311,145.3861,10,4.7,mb,"Maug Islands region, Northern Mariana Islands"
2024-07-08T00:38:45.899Z,11.2839,-87.2632,10,4.7,mww,"98 km SW of Masachapa, Nicaragua"
2024-07-07T21:52:33.470Z,-15.9283,-172.4045,10,4.7,mb,"149 km E of Hihifo, Tonga"
2024-07-07T20:15:49.810Z,55.6433,162.0058,74.037,5.5,mb,"71 km SSW of Ust’-Kamchatsk Staryy, Russia"
2024-07-07T20:01:12.295Z,26.8957,138.8289,546,6.2,mww,"Bonin Islands, Japan region"
2024-07-07T15:31:46.701Z,-16.0417,-175.0745,296.737,4.5,mb,"137 km W of Hihifo, Tonga"
2024-07-07T14:41:03.920Z,37.7601,21.2469,21.29,4.6,mwr,"7 km SSW of Savália, Greece"
2024-07-07T14:28:06.780Z,-27.8076,-71.3011,18.44,4.5,mb,"100 km NNW of Vallenar, Chile"
2024-07-07T11:55:34.116Z,55.5772,162.1534,53,5.5,mww,"75 km SSW of Ust’-Kamchatsk Staryy, Russia"
2024-07-07T07:35:24.077Z,-6.8574,109.7394,11.081,4.5,mb,"7 km ENE of Pekalongan, Indonesia"
2024-07-07T07:07:53.760Z,10.801,-62.499,109.084,4.5,mb,"33 km NW of Güiria, Venezuela"
2024-07-07T03:51:54.930Z,-10.9386,165.9009,77.31,4.5,mb,"26 km SSE of Lata, Solomon Islands"
2024-07-07T00:06:45.749Z,-17.47,167.6116,44.381,4.8,mb,"80 km WNW of Port-Vila, Vanuatu"
2024-07-06T23:39:13.692Z,-45.8353,34.9237,10,4.8,mb,Prince Edward Islands region
2024-07-06T22:41:12.407Z,7.8816,127.3068,10,4.5,mb,"86 km ENE of Kinablangan, Philippines"
2024-07-06T22:24:39.503Z,-55.4612,-29.6134,25.081,4.5,mb,South Sandwich Islands region
2024-07-06T21:17:07.705Z,36.228,71.4722,101.425,4.6,mwr,"50 km S of Ashkāsham, Afghanistan"
2024-07-06T17:34:28.033Z,37.7436,21.1923,8.405,4.9,mww,"12 km SW of Savália, Greece"
2024-07-06T17:25:59.084Z,7.6717,127.0054,53.37,5,mb,"50 km ENE of Baganga, Philippines"
2024-07-06T17:01:55.759Z,7.3521,-34.4538,10,4.5,mb,central Mid-Atlantic Ridge
2024-07-06T16:01:05.110Z,12.2671,124.6255,74.344,5,mww,"3 km S of Lope de Vega, Philippines"
2024-07-06T11:02:57.351Z,-5.5385,146.9423,195.941,4.6,mb,"131 km N of Lae, Papua New Guinea"
2024-07-06T10:32:02.067Z,19.2165,121.1333,41.906,4.7,mb,"67 km N of Namuac, Philippines"
2024-07-06T10:29:30.724Z,19.2455,121.2112,15,5.5,mww,"70 km N of Namuac, Philippines"
2024-07-06T10:21:19.268Z,33.4402,140.5032,58.147,4.8,mb,"180 km SSE of Tateyama, Japan"
2024-07-06T08:26:26.939Z,-6.6832,131.7226,10,4.5,mb,"163 km SW of Tual, Indonesia"
2024-07-05T21:51:46.212Z,3.4871,95.0303,23.795,4.6,mb,"141 km WSW of Meulaboh, Indonesia"
2024-07-05T21:44:39.888Z,-60.0574,-26.7949,55.731,4.6,mb,South Sandwich Islands region
2024-07-05T19:03:17.145Z,-27.5358,-13.0595,10,4.6,mb,southern Mid-Atlantic Ridge
2024-07-05T18:53:05.141Z,-28.7957,-69.3745,109.61,4.8,mww,"114 km W of Vinchina, Argentina"
2024-07-05T18:51:53.399Z,-4.345,102.1892,53.17,4.8,mb,"60 km S of Bengkulu, Indonesia"
2024-07-05T18:46:25.661Z,-23.1636,-66.5653,194.686,4.9,mww,"90 km W of El Aguilar, Argentina"
2024-07-05T18:14:03.423Z,44.37,142.3255,232.352,5.1,mww,"10 km WNW of Nayoro, Japan"
2024-07-05T18:06:21.699Z,-16.7629,-73.723,20.098,4.5,mb,"62 km S of Atico, Peru"
2024-07-05T17:21:55.565Z,10.8003,139.6544,10,4.6,mb,"148 km NW of Fais, Micronesia"
2024-07-05T16:34:05.013Z,48.5948,-129.0625,10,5.3,mww,"239 km WSW of Tofino, Canada"
2024-07-05T15:05:02.039Z,15.0543,122.7034,31.277,4.5,mb,"51 km NE of Casuguran, Philippines"
2024-07-05T11:41:05.302Z,-8.1109,119.9248,195.632,4.5,mb,"42 km N of Labuan Bajo, Indonesia"
2024-07-05T11:12:07.082Z,-30.4677,-177.9818,32.958,4.8,mb,"Kermadec Islands, New Zealand"
2024-07-05T10:22:52.512Z,25.1453,125.3477,41.502,4.5,mb,"38 km N of Hirara, Japan"
2024-07-05T08:14:56.123Z,2.3726,96.1497,29.386,4.8,mb,"28 km WSW of Sinabang, Indonesia"
2024-07-05T06:34:43.502Z,-6.3905,142.7353,10,4.6,mb,"64 km SSW of Tari, Papua New Guinea"
2024-07-05T04:50:31.145Z,-35.3768,-179.1983,10,4.6,mb,east of the North Island of New Zealand
2024-07-05T04:01:47.769Z,10.0208,125.9665,60.588,4.6,mb,"7 km W of Santa Monica, Philippines"
2024-07-04T23:04:23.153Z,-12.1815,166.0185,10,4.6,mb,"162 km S of Lata, Solomon Islands"
2024-07-04T22:19:05.323Z,36.0907,74.5884,46.974,4.5,mb,"27 km SSW of Barishal, Pakistan"
2024-07-04T22:04:26.639Z,40.8684,84.1774,10,4.5,mb,"140 km SE of Kuqa, China"
2024-07-04T21:50:27.988Z,-23.2935,171.0272,10,4.9,mb,southeast of the Loyalty Islands
2024-07-04T21:34:11.797Z,-40.9491,80.996,10,4.6,mb,Mid-Indian Ridge
2024-07-04T19:49:18.432Z,-41.1812,80.7856,10,4.5,mb,Mid-Indian Ridge
2024-07-04T18:31:25.054Z,48.7389,-129.0135,10,4.8,mww,"232 km WSW of Tofino, Canada"
2024-07-04T16:15:08.888Z,48.6536,-129.0074,10,5.7,mww,"233 km WSW of Tofino, Canada"
2024-07-04T15:40:57.445Z,-20.0563,-173.8966,10,4.7,mb,"54 km ESE of Pangai, Tonga"
2024-07-04T13:18:03.620Z,48.6741,-129.1852,10,4.7,mwr,"246 km WSW of Tofino, Canada"
2024-07-04T07:30:20.222Z,9.0729,126.6158,63.42,4.5,mb,"39 km ENE of Bacolod, Philippines"
2024-07-04T06:59:47.154Z,-7.4118,128.6775,152.203,4.5,mb,"222 km ENE of Lospalos, Timor Leste"
2024-07-04T03:12:30.294Z,35.0839,140.3095,47.606,5.1,mww,"6 km S of Katsuura, Japan"
2024-07-04T01:29:09.123Z,-25.5293,-175.9807,10,4.7,mb,south of Tonga
2024-07-04T01:25:27.361Z,36.4559,140.6416,67.477,4.5,mb,"6 km E of Funaishikawa, Japan"
2024-07-04T01:16:16.724Z,-25.3739,-176.2112,10,4.6,mb,south of the Fiji Islands
2024-07-04T00:17:29.621Z,19.6475,-109.382,10,5.2,mww,Revilla Gigedo Islands region
2024-07-03T23:28:01.926Z,-25.421,-176.0779,10,5.1,mww,south of the Fiji Islands
2024-07-03T23:20:52.972Z,-34.3912,-178.5225,10,5.2,mww,south of the Kermadec Islands
2024-07-03T23:00:33.177Z,2.5454,127.049,62.056,4.6,mb,"139 km NW of Tobelo, Indonesia"
2024-07-03T20:46:41.706Z,47.4604,153.1087,79.568,4.7,mb,Kuril Islands
2024-07-03T20:25:13.237Z,48.5091,-128.8575,10,4.9,mww,"228 km WSW of Tofino, Canada"
2024-07-03T20:19:35.973Z,48.4656,-129.0821,10,4.5,mb,"245 km WSW of Tofino, Canada"
2024-07-03T20:18:13.474Z,48.4906,-129.3694,10,4.6,mb,"264 km WSW of Tofino, Canada"
2024-07-03T19:31:08.572Z,27.8823,143.0124,10,4.5,mb,"Bonin Islands, Japan region"
2024-07-03T18:20:35.295Z,-22.9612,-68.6403,99.415,5.3,mww,"45 km W of San Pedro de Atacama, Chile"
2024-07-03T15:21:44.490Z,-6.3033,130.3797,151.41,4.6,mb,"273 km WSW of Tual, Indonesia"
2024-07-03T15:13:23.196Z,19.1085,95.8613,10,4.5,mb,"63 km WNW of Taungoo, Myanmar"
2024-07-03T12:49:20.099Z,-6.0174,151.7414,10,4.6,mb,"184 km ESE of Kimbe, Papua New Guinea"
2024-07-03T11:44:27.126Z,26.6717,-111.0789,10,5.3,mww,"77 km NNE of Loreto, Mexico"
2024-07-03T10:06:19.033Z,-34.5367,-179.5659,52.63,4.6,mb,south of the Kermadec Islands
2024-07-03T07:35:33.033Z,-12.019,166.6596,10,4.8,mb,"171 km SSE of Lata, Solomon Islands"
2024-07-03T07:17:28.128Z,-53.9988,-2.4248,10,5.2,mb,southern Mid-Atlantic Ridge
2024-07-03T07:06:13.126Z,-25.5268,-175.8023,10,4.5,mb,south of Tonga
2024-07-03T02:42:59.062Z,36.0926,74.6546,51.353,4.6,mb,"25 km S of Barishal, Pakistan"
2024-07-03T02:20:22.721Z,44.0682,156.5177,10,5,mb,North Pacific Ocean
2024-07-03T00:20:39.446Z,52.0361,-170.8626,41.606,4.6,mwr,"169 km SW of Nikolski, Alaska"
2024-07-02T23:22:59.577Z,-20.9382,-178.7925,619.214,4.5,mb,Fiji region
2024-07-02T22:07:26.165Z,-0.6616,122.6595,10,4.6,mb,"35 km NNW of Luwuk, Indonesia"
2024-07-02T20:31:20.125Z,-28.4967,-177.288,46.368,4.7,mb,Kermadec Islands region
2024-07-02T20:27:15.999Z,-29.875,-178.3934,108.094,4.6,mb,"Kermadec Islands, New Zealand"
2024-07-02T19:34:35.103Z,34.7863,24.8899,10,4.8,mww,"29 km S of Moíres, Greece"
2024-07-02T18:52:12.065Z,34.7528,24.8581,13.059,4.8,mww,"33 km S of Moíres, Greece"
2024-07-02T18:19:19.310Z,-35.4066,-179.427,10,4.7,mb,east of the North Island of New Zealand
2024-07-02T15:32:47.223Z,10.0697,126.1126,63.604,5,mb,"9 km NE of Santa Monica, Philippines"
2024-07-02T15:32:43.011Z,35.5084,142.687,6.603,4.7,mww,"169 km E of Hasaki, Japan"
2024-07-02T12:48:07.477Z,-35.2259,-179.6524,10,4.5,mb,east of the North Island of New Zealand
2024-07-02T12:38:31.128Z,38.0351,20.0417,31.422,4.5,mb,"39 km WSW of Lixoúri, Greece"
2024-07-02T12:33:23.822Z,-30.6689,-178.294,10.007,4.5,mb,"Kermadec Islands, New Zealand"
2024-07-02T10:23:23.868Z,-32.7585,-178.323,10,4.6,mb,south of the Kermadec Islands
2024-07-02T10:05:57.846Z,-5.5633,153.3605,10,4.6,mb,"181 km SE of Kokopo, Papua New Guinea"
2024-07-02T09:17:35.318Z,-35.3217,-179.423,10,4.8,mww,east of the North Island of New Zealand
2024-07-02T08:53:57.440Z,-32.7492,-178.1669,10,4.6,mb,south of the Kermadec Islands
2024-07-02T06:23:52.061Z,26.446,125.187,229.668,4.6,mb,"182 km N of Hirara, Japan"
2024-07-02T06:05:10.650Z,-35.4682,-179.4071,10,4.8,mb,east of the North Island of New Zealand
2024-07-02T05:51:48.179Z,-26.9477,178.5692,610.987,4.5,mb,south of the Fiji Islands
2024-07-02T03:46:11.155Z,-8.7366,-74.9261,131.814,4.5,mb,"24 km W of Honoria, Peru"
2024-07-02T03:30:48.206Z,3.1263,126.7697,55.714,4.5,mb,"207 km NW of Tobelo, Indonesia"
2024-07-02T02:46:03.794Z,-6.3043,130.099,167.004,4.9,mb,Banda Sea
2024-07-01T22:50:45.031Z,28.1138,129.9321,10,4.7,mb,"49 km SE of Tatsugō, Japan"
2024-07-01T22:44:54.079Z,26.9177,140.3011,479.19,5.3,mww,"Bonin Islands, Japan region"
2024-07-01T20:45:50.075Z,-54.2109,-135.7657,10,4.5,mb,Pacific-Antarctic Ridge
2024-07-01T19:58:49.531Z,45.0166,149.9256,57.823,4.5,mb,"162 km E of Kuril’sk, Russia"
2024-07-01T17:11:01.854Z,14.0614,51.9559,10,4.6,mb,"209 km N of Kilmia, Yemen"
2024-07-01T13:20:04.032Z,-7.4138,-13.8045,10,4.7,mb,"87 km NE of Georgetown, Saint Helena"
2024-07-01T11:54:40.762Z,-61.9785,155.127,10,4.6,mb,Balleny Islands region
2024-07-01T10:20:59.359Z,37.8663,73.2278,10,4.5,mb,"73 km WSW of Murghob, Tajikistan"
2024-07-01T10:16:22.555Z,-5.5259,153.5664,29.884,5,mb,"194 km SE of Kokopo, Papua New Guinea"
2024-07-01T09:14:35.607Z,-2.2167,120.954,10,4.5,mb,"78 km ENE of Masamba, Indonesia"
2024-07-01T05:53:51.095Z,10.7869,125.3944,87.121,4.8,mb,"32 km NE of Hingatungan, Philippines"
2024-07-01T05:28:43.952Z,10.76,125.3498,78.039,4.5,mb,"26 km NE of Hingatungan, Philippines"
2024-07-01T05:23:53.695Z,10.5367,125.2716,73.096,4.5,mb,"10 km ESE of Hingatungan, Philippines"
2024-07-01T05:22:23.355Z,10.7784,125.3709,72.888,4.8,mb,"29 km NE of Hingatungan, Philippines"
2024-07-01T05:12:05.901Z,14.9166,147.0697,27.113,5,mb,"145 km ESE of Saipan, Northern Mariana Islands"
2024-07-01T02:38:04.161Z,-62.6261,165.4224,10,5.1,mww,Balleny Islands region
2024-06-30T23:54:27.894Z,-8.4548,121.946,205.056,4.5,mb,"34 km WNW of Maumere, Indonesia"
2024-06-30T23:11:49.721Z,25.491,141.075,152.257,4.6,mb,"Volcano Islands, Japan region"
2024-06-30T23:03:48.073Z,-6.4763,142.7757,10,4.5,mb,"72 km SSW of Tari, Papua New Guinea"
2024-06-30T22:53:41.598Z,12.6501,120.7897,10,4.9,mb,"11 km W of Ligaya, Philippines"
2024-06-30T20:57:36.825Z,34.4881,45.5961,7.64,4.9,mww,"24 km W of Sarpol-e Z̄ahāb, Iran"
2024-06-30T20:47:39.077Z,-8.2077,-74.6314,129.094,4.6,mb,"20 km NNW of Pucallpa, Peru"
2024-06-30T18:23:20.345Z,18.9993,144.9393,592.508,5.2,mww,"Pagan region, Northern Mariana Islands"
2024-06-30T16:06:29.333Z,-9.3734,107.4144,20.277,5.2,mb,"236 km SSW of Singaparna, Indonesia"
2024-06-30T15:28:34.577Z,2.9365,125.7646,9.984,4.5,mb,"179 km NNE of Bitung, Indonesia"
2024-06-30T12:08:43.174Z,-28.85,-70.6246,88.927,4.6,mb,"33 km SSE of Vallenar, Chile"
2024-06-30T08:35:20.099Z,-26.9032,-176.6289,10,4.7,mb,south of the Fiji Islands
2024-06-30T07:48:50.640Z,-5.4759,146.9095,217.946,4.6,mb,"127 km ESE of Madang, Papua New Guinea"
2024-06-30T03:46:55.021Z,6.6903,-73.0526,160.601,4.8,mb,"3 km W of Aratoca, Colombia"
2024-06-30T00:17:08.744Z,-41.6402,84.7868,10,4.6,mb,southeast Indian Ridge
2024-06-29T20:22:34.558Z,-22.2585,-174.4211,10,4.5,mb,"115 km SSE of ‘Ohonua, Tonga"
2024-06-29T17:37:10.796Z,45.3179,152.1489,10,4.5,mb,east of the Kuril Islands
2024-06-29T16:55:12.715Z,-54.0844,7.1878,10,4.6,mb,Bouvet Island region
2024-06-29T16:38:46.516Z,-54.0633,7.2302,10,5.6,mww,Bouvet Island region
2024-06-29T11:10:33.068Z,52.264,-175.1645,101.38,5,mb,"66 km W of Atka, Alaska"
2024-06-29T08:44:23.855Z,-17.8641,-178.6124,563.456,4.6,mb,"220 km E of Levuka, Fiji"
2024-06-29T07:22:47.284Z,-15.9911,-74.5613,21.807,5.4,mww,"30 km SW of Atiquipa, Peru"
2024-06-29T07:05:32.855Z,-16.0485,-74.556,18,6.1,mww,"34 km SW of Atiquipa, Peru"
2024-06-29T06:49:41.906Z,43.3709,147.0237,42.384,5,mb,"53 km SSE of Shikotan, Russia"
2024-06-29T06:39:04.730Z,25.4046,122.3122,244.07,4.8,mww,"57 km NE of Jiufen, Taiwan"
2024-06-29T05:22:35.517Z,55.7126,164.5675,10,4.7,mb,"142 km ESE of Ust’-Kamchatsk Staryy, Russia"
2024-06-29T05:16:55.306Z,-6.5697,144.7321,10,4.8,mb,"66 km SSW of Kundiawa, Papua New Guinea"
2024-06-29T04:52:30.353Z,-15.2642,-178.53,421.554,4.5,mb,"114 km SSW of Leava, Wallis and Futuna"
2024-06-29T04:32:23.104Z,-6.5376,103.4533,21.51,4.9,mb,"234 km WSW of Bandar Lampung, Indonesia"
2024-06-29T04:21:48.691Z,-23.9993,-70.2362,45.761,4.9,mwr,"41 km SSE of Antofagasta, Chile"
2024-06-29T01:02:16.837Z,-11.6745,166.4885,238.517,4.5,mb,"129 km SE of Lata, Solomon Islands"
2024-06-28T22:01:56.399Z,5.9482,-82.6481,10,4.8,mww,"231 km S of Burica, Panama"
2024-06-28T21:21:09.906Z,11.3173,121.9609,12.305,4.8,mww,"8 km WNW of Tibiao, Philippines"
2024-06-28T20:47:54.102Z,-5.4208,151.6393,63.19,4.5,mb,"138 km SSW of Kokopo, Papua New Guinea"
2024-06-28T17:16:45.100Z,10.1256,93.6765,10,5,mb,"198 km SSE of Port Blair, India"
2024-06-28T17:03:35.353Z,-34.4667,-178.6912,10,4.7,mb,south of the Kermadec Islands
2024-06-28T16:29:46.139Z,-3.4353,101.6325,72.568,4.5,mb,"81 km WNW of Bengkulu, Indonesia"
2024-06-28T15:37:55.822Z,10.758,125.4271,97.95,4.5,mb,"32 km NE of Hingatungan, Philippines"
2024-06-28T13:00:39.570Z,-20.649,-175.6315,10,5.7,mww,"67 km NNW of Houma, Tonga"
2024-06-28T08:42:35.326Z,23.3935,122.2366,10,4.8,mb,"91 km SE of Hualien City, Taiwan"
2024-06-28T06:36:07.876Z,-30.0108,-176.3126,10,5,mb,Kermadec Islands region
2024-06-28T05:52:17.857Z,-15.9035,-74.7714,31.05,4.7,mb,"45 km WSW of Atiquipa, Peru"
2024-06-28T05:36:36.902Z,-15.8277,-74.454,24,7.2,mww,"10 km WSW of Atiquipa, Peru"
2024-06-28T03:43:23.250Z,38.7363,48.5051,10,4.8,mb,"8 km ESE of Lerik, Azerbaijan"
2024-06-28T02:30:59.760Z,27.2143,128.8762,37.61,4.8,mb,"29 km SE of Wadomari, Japan"
2024-06-28T01:46:52.548Z,37.5903,141.94,41.89,4.5,mwr,"83 km E of Namie, Japan"
2024-06-27T22:04:46.707Z,-13.4562,-111.2458,10,4.8,mb,central East Pacific Rise
2024-06-27T21:02:13.028Z,-33.3923,-179.1303,35,4.5,mb,south of the Kermadec Islands
2024-06-27T21:01:50.389Z,-0.5929,-19.0219,10,4.9,mb,central Mid-Atlantic Ridge
2024-06-27T19:27:45.621Z,27.2326,128.9261,37.258,4.9,mb,"32 km ESE of Wadomari, Japan"
2024-06-27T19:27:42.051Z,51.8688,-170.4603,10,4.9,mww,"161 km SW of Nikolski, Alaska"
2024-06-27T17:09:24.965Z,-33.4751,-179.1267,38.064,4.5,mb,south of the Kermadec Islands
2024-06-27T16:37:51.299Z,-33.4081,-179.2724,29,5.9,mww,south of the Kermadec Islands
2024-06-27T16:19:08.767Z,34.0045,141.5847,10,4.6,mb,"172 km SE of Katsuura, Japan"
2024-06-27T16:15:50.334Z,-56.3811,-26.141,35,4.5,mb,South Sandwich Islands region
2024-06-27T16:13:18.474Z,24.9471,142.668,10,4.8,mb,"Volcano Islands, Japan region"
2024-06-27T15:02:23.124Z,-19.6149,66.8541,10,5.3,mww,Mauritius - Reunion region
2024-06-27T13:32:23.510Z,-6.306,149.3691,30.954,4.5,mb,"22 km WSW of Kandrian, Papua New Guinea"
2024-06-27T11:42:45.132Z,-21.4868,-68.5914,100.406,4.6,mwr,"45 km SW of Ollagüe, Chile"
2024-06-27T11:31:52.463Z,-17.8268,-178.4992,602.759,4.5,mb,"232 km E of Levuka, Fiji"
2024-06-27T11:12:02.388Z,49.2259,156.2518,44.581,4.5,mb,"161 km S of Severo-Kuril’sk, Russia"
2024-06-27T10:42:04.794Z,-6.3887,149.3223,43.976,5,mb,"32 km SW of Kandrian, Papua New Guinea"
2024-06-27T08:39:41.347Z,-33.1321,-69.9381,116.255,4.5,mb,"68 km ENE of Chicureo Abajo, Chile"
2024-06-27T08:25:15.468Z,-18.0938,168.3187,97.427,4.8,mb,"39 km S of Port-Vila, Vanuatu"
2024-06-27T03:46:36.257Z,-0.3864,123.237,52.135,4.7,mb,"80 km NE of Luwuk, Indonesia"
2024-06-27T02:53:24.331Z,7.4568,-34.5941,10,4.7,mb,central Mid-Atlantic Ridge
2024-06-27T01:53:15.534Z,13.3242,120.5012,68.509,4.6,mb,"10 km SSE of Paluan, Philippines"
2024-06-26T23:30:39.588Z,-5.9579,126.6144,9.78,4.6,mb,"278 km N of Baukau, Timor Leste"
2024-06-26T20:46:11.951Z,-31.023,-71.6894,68.734,4.6,mb,"66 km SW of Ovalle, Chile"
2024-06-26T15:32:02.637Z,-60.7242,-22.7864,10,4.5,mb,South Sandwich Islands region
2024-06-26T14:50:59.509Z,-18.3863,-177.9328,527.186,4.5,mb,"293 km E of Levuka, Fiji"
2024-06-26T13:39:33.305Z,24.3949,93.8041,57.577,4.6,mb,"11 km SSE of Moirāng, India"
2024-06-26T13:18:04.444Z,-26.0698,-71.0011,35.646,4.9,mww,"89 km SW of Taltal, Chile"
2024-06-26T12:57:51.496Z,-13.2293,167.0887,199.001,5.1,mww,"87 km NW of Sola, Vanuatu"
2024-06-26T12:35:11.660Z,-52.1702,15.4494,10,4.5,mb,southwest of Africa
2024-06-26T10:07:28.105Z,36.4396,70.3975,191.076,4.5,mb,"50 km ESE of Farkhār, Afghanistan"
2024-06-26T09:38:10.868Z,-25.8992,-177.1306,82.14,4.8,mb,south of the Fiji Islands
2024-06-26T08:42:42.114Z,51.2007,-178.1626,35,4.7,mwr,"129 km SW of Adak, Alaska"
2024-06-26T08:36:14.541Z,27.0157,100.8211,10,4.7,mb,"19 km SSW of Xinyingpan, China"
2024-06-26T08:31:44.909Z,-14.9953,-172.9975,10,4.5,mb,"136 km NE of Hihifo, Tonga"
2024-06-26T08:19:08.140Z,26.8514,100.8523,10,4.8,mb,"6 km W of Zhanhe, China"
2024-06-26T07:18:07.171Z,5.6364,125.6322,202.604,4.5,mb,"17 km ESE of Kalbay, Philippines"
2024-06-26T07:16:01.727Z,-6.6355,-76.4715,10,4.6,mb,"11 km S of Zapatero, Peru"
2024-06-26T06:06:35.010Z,17.1519,-46.5568,10,4.6,mb,northern Mid-Atlantic Ridge
2024-06-26T03:20:09.913Z,51.0467,179.722,35,4.5,mb,"269 km WSW of Adak, Alaska"
2024-06-26T02:27:08.387Z,23.1927,143.9306,10,4.5,mb,"Volcano Islands, Japan region"
2024-06-26T01:24:13.616Z,8.0633,90.4103,10,5.6,mww,"Nicobar Islands, India region"
2024-06-26T00:56:22.555Z,10.2337,93.8875,10,4.5,mb,"196 km SE of Port Blair, India"
2024-06-25T22:36:24.832Z,-31.9645,-71.803,39.939,4.6,mb,"70 km WSW of Illapel, Chile"
2024-06-25T22:17:33.501Z,-10.6015,164.8257,86.072,4.7,mb,"107 km W of Lata, Solomon Islands"
2024-06-25T21:25:13.564Z,-3.138,130.584,10,4.6,mb,"180 km E of Masohi, Indonesia"
2024-06-25T19:03:26.123Z,6.848,-77.0329,41.197,4.6,mwr,"27 km WSW of Murindó, Colombia"
2024-06-25T13:25:53.959Z,-17.6623,-178.8613,553.209,4.8,mb,"198 km ENE of Levuka, Fiji"
2024-06-25T12:56:56.625Z,19.7909,-109.4713,10,4.9,mww,Revilla Gigedo Islands region
2024-06-25T09:55:29.855Z,-54.3635,-57.0173,10,4.6,mb,Falkland Islands region
2024-06-25T08:54:36.006Z,-64.5902,175.9917,9.427,4.6,mb,Balleny Islands region
2024-06-25T08:30:59.769Z,33.4839,141.3336,34.723,5.4,mww,"206 km SSE of Katsuura, Japan"
2024-06-25T08:20:46.175Z,-54.3163,-56.9563,10,5.1,mww,Falkland Islands region
2024-06-25T06:45:33.597Z,-20.8857,-173.8392,10,5.1,mb,"126 km ENE of ‘Ohonua, Tonga"
2024-06-25T04:31:38.690Z,-63.7848,-165.7773,10,5,mb,Pacific-Antarctic Ridge
2024-06-25T04:27:59.341Z,-1.5654,126.4371,39.61,4.8,mb,"74 km NE of Sanana, Indonesia"
2024-06-24T22:36:44.501Z,39.277,27.5361,11.849,4.7,mww,"11 km NNW of Soma, Turkey"
2024-06-24T21:44:15.965Z,-20.1206,168.6615,10,4.7,mb,"91 km SW of Isangel, Vanuatu"
2024-06-24T21:10:03.594Z,-18.746,-172.7872,10,4.6,mb,"126 km E of Neiafu, Tonga"
2024-06-24T20:38:39.216Z,-23.5129,-66.5634,219.72,4.6,mb,"81 km NNW of San Antonio de los Cobres, Argentina"
2024-06-24T17:39:26.538Z,-57.2271,-23.814,10,4.6,mb,South Sandwich Islands region
2024-06-24T13:36:07.055Z,-21.961,-179.5302,591.039,5.1,mb,Fiji region
2024-06-24T10:41:35.578Z,-15.3482,-174.3714,10,4.6,mb,"91 km NW of Hihifo, Tonga"
2024-06-24T10:11:27.655Z,-29.3649,-179.0601,328.539,4.6,mb,Kermadec Islands region
2024-06-24T09:55:00.563Z,-7.0643,129.9588,87.686,5.4,mww,"Kepulauan Babar, Indonesia"
2024-06-24T08:54:37.077Z,-7.5881,68.2427,10,4.7,mb,Chagos Archipelago region
2024-06-24T08:03:37.383Z,-14.6255,167.2426,149,6.3,mww,"49 km NNE of Port-Olry, Vanuatu"
2024-06-24T05:36:08.386Z,40.9206,84.2487,10,4.6,mb,"141 km SE of Kuqa, China"
2024-06-24T05:04:36.664Z,12.2103,125.4493,35,4.8,mb,"3 km WSW of Alugan, Philippines"
2024-06-24T02:00:08.928Z,32.4694,142.4758,9.747,4.7,mww,"Izu Islands, Japan region"
2024-06-24T01:41:58.088Z,-19.099,169.66,10,4.6,mb,"63 km NE of Isangel, Vanuatu"
2024-06-24T01:41:15.099Z,-19.2229,169.6837,10,4.8,mb,"55 km NE of Isangel, Vanuatu"
2024-06-24T00:25:21.049Z,-31.6262,-177.2159,10,4.9,mb,Kermadec Islands region
2024-06-23T22:58:45.433Z,1.9554,128.4441,72.942,4.7,mb,"54 km ENE of Tobelo, Indonesia"
2024-06-23T20:28:04.985Z,7.5184,-82.342,10,4.6,mwr,"78 km S of Boca Chica, Panama"
2024-06-23T17:16:17.185Z,16.6693,-99.4449,15.036,5.3,mww,"12 km SE of Llano de la Puerta, Mexico"
2024-06-23T14:27:09.391Z,23.7895,121.6388,24.293,5,mww,"21 km S of Hualien City, Taiwan"
2024-06-23T13:54:25.714Z,35.6035,140.0373,70.113,4.5,mb,"5 km SSW of Kemigawa, Japan"
2024-06-23T13:32:37.013Z,8.7823,126.7582,50.136,4.6,mb,"50 km ESE of Aras-asan, Philippines"
2024-06-23T12:40:15.885Z,34.0597,86.4306,10,4.8,mb,western Xizang
2024-06-23T09:08:52.583Z,-17.3413,-176.6228,10,5,mww,Fiji region
2024-06-23T07:45:39.587Z,53.5035,158.754,125.034,5.2,mww,"42 km NE of Yelizovo, Russia"
2024-06-23T04:50:53.444Z,4.7844,127.7135,79.482,4.9,mb,"243 km SE of Pondaguitan, Philippines"
2024-06-23T03:57:58.918Z,10.6921,-62.6868,77,6,mww,"20 km NE of Yaguaraparo, Venezuela"
2024-06-23T03:12:06.264Z,37.0639,141.2412,46.707,4.7,mwr,"31 km E of Iwaki, Japan"
2024-06-22T22:11:35.718Z,6.6853,126.5631,71.358,4.6,mb,"32 km SE of Bobon, Philippines"
2024-06-22T20:46:45.321Z,-15.8742,-74.4656,23.656,5.2,mww,"13 km SW of Atiquipa, Peru"
2024-06-22T18:41:06.056Z,-19.8524,-176.2393,219.785,4.5,mb,"175 km NNW of Houma, Tonga"
2024-06-22T17:38:49.423Z,-16.0163,-174.0528,148.535,4.6,mb,"28 km WSW of Hihifo, Tonga"
2024-06-22T16:38:42.589Z,-21.2885,-67.7601,166.578,4.5,mb,"51 km E of Ollagüe, Chile"
2024-06-22T16:09:23.654Z,5.1831,125.9944,10.544,4.5,mb,"63 km ESE of Sarangani, Philippines"
2024-06-22T15:35:08.461Z,-56.1038,-27.5542,121.399,4.9,mb,South Sandwich Islands region
2024-06-22T15:27:23.660Z,-14.3102,167.2796,208.604,4.5,mb,"56 km SSW of Sola, Vanuatu"
2024-06-22T14:49:33.555Z,13.8927,144.7869,145.605,4.6,mb,"40 km NNW of Yigo Village, Guam"
2024-06-22T10:05:06.728Z,-15.998,-172.5409,10,4.6,mb,"134 km E of Hihifo, Tonga"
2024-06-22T09:56:08.553Z,-2.7893,129.5468,10,4.6,mb,"85 km NE of Masohi, Indonesia"
2024-06-22T09:25:19.699Z,-30.1064,-177.1922,10,4.6,mb,"Kermadec Islands, New Zealand"
2024-06-22T09:24:01.783Z,-2.8347,129.5274,10,4.8,mb,"80 km NE of Masohi, Indonesia"
2024-06-22T09:13:20.477Z,-2.8186,129.5288,10,4.5,mb,"81 km NE of Masohi, Indonesia"
2024-06-22T07:45:57.549Z,-6.9973,-13.181,10,4.9,mb,"170 km NE of Georgetown, Saint Helena"
2024-06-22T07:26:39.500Z,-15.8958,-74.4024,31.797,4.6,mb,"11 km SSW of Atiquipa, Peru"
2024-06-22T05:18:02.695Z,-58.551,149.3182,10,4.5,mb,west of Macquarie Island
2024-06-22T03:12:32.775Z,11.5477,139.0649,10,4.6,mb,"247 km NNE of Colonia, Micronesia"
2024-06-22T01:07:00.064Z,15.342,-94.487,49.008,4.9,mww,"97 km SSW of La Gloria, Mexico"
2024-06-22T00:41:54.636Z,13.937,124.9953,10,5.1,mww,"67 km ENE of Gigmoto, Philippines"
2024-06-22T00:38:03.188Z,14.2734,-91.6358,69.656,4.5,mb,"27 km SSW of San Lorenzo, Guatemala"
2024-06-22T00:34:09.959Z,-17.5345,-172.8417,10,5.2,mww,"172 km NE of Neiafu, Tonga"
2024-06-22T00:33:34.828Z,36.2412,141.5692,28.951,4.6,mb,"87 km NE of Hasaki, Japan"
2024-06-21T23:53:15.771Z,-2.691,128.8609,22.913,4.5,mb,"68 km N of Masohi, Indonesia"
2024-06-21T22:51:55.895Z,-5.1588,152.5132,40.831,4.8,mb,"94 km SSE of Kokopo, Papua New Guinea"
2024-06-21T20:53:09.775Z,0.769,-26.1428,10,5.5,mww,central Mid-Atlantic Ridge
2024-06-21T19:14:25.452Z,-19.3856,175.2107,14.602,5,mww,"278 km WSW of Sigatoka, Fiji"
2024-06-21T19:09:13.416Z,1.4602,127.158,122.399,4.6,mb,"78 km NNW of Ternate, Indonesia"
2024-06-21T19:03:07.615Z,8.4795,126.9757,46.522,4.7,mb,"69 km ENE of Barcelona, Philippines"
2024-06-21T14:17:36.200Z,-15.1604,167.4395,128.935,4.8,mb,"41 km ESE of Port-Olry, Vanuatu"
2024-06-21T12:12:40.385Z,51.0669,-179.1001,35,4.8,mww,"193 km WSW of Adak, Alaska"
2024-06-21T06:38:17.827Z,-7.826,118.2574,195.917,4.5,mb,"81 km NNW of Dompu, Indonesia"
2024-06-21T06:09:22.995Z,34.9282,23.4645,36.758,4.8,mb,"39 km SSW of Palaióchora, Greece"
2024-06-21T05:23:18.616Z,36.4833,141.0521,57.984,4.5,mb,"38 km ESE of Hitachi, Japan"
2024-06-21T00:41:25.355Z,13.9064,144.8249,142.138,4.5,mb,"41 km N of Yigo Village, Guam"
2024-06-21T00:17:25.700Z,-21.2341,68.3492,10,4.8,mb,Mid-Indian Ridge
2024-06-21T00:11:17.451Z,-3.5436,139.8835,77.081,5,mb,"133 km SW of Abepura, Indonesia"
2024-06-20T23:32:51.284Z,-15.1132,-173.5562,10,4.5,mb,"96 km NNE of Hihifo, Tonga"
2024-06-20T20:58:09.526Z,46.2561,152.9482,10,4.5,mb,Kuril Islands
2024-06-20T18:52:39.886Z,-24.0865,-178.7874,364.812,4.8,mb,south of the Fiji Islands
2024-06-20T17:24:01.756Z,51.7218,-176.1748,58.819,4.6,mwr,"35 km ESE of Adak, Alaska"
2024-06-20T15:13:30.875Z,-62.9742,-164.7513,10,4.5,mb,Pacific-Antarctic Ridge
2024-06-20T14:10:40.461Z,-49.2745,120.3578,10,4.7,mb,western Indian-Antarctic Ridge
2024-06-20T13:30:43.583Z,-60.1964,-28.0714,10,4.6,mb,South Sandwich Islands region
2024-06-20T11:48:51.848Z,-14.9008,167.1059,101.891,4.5,mb,"16 km NNE of Port-Olry, Vanuatu"
2024-06-20T11:36:08.905Z,40.1118,77.7976,10,5,mb,"111 km WNW of Tumxuk, China"
2024-06-20T09:28:59.692Z,13.3436,118.6784,10,4.6,mb,"160 km WSW of Cabra, Philippines"
2024-06-20T05:37:57.894Z,40.2399,142.4108,49.404,4.7,mb,"52 km ENE of Noda, Japan"
2024-06-20T03:22:54.159Z,-19.0327,169.4164,250.719,4.8,mb,"58 km NNE of Isangel, Vanuatu"
2024-06-19T22:47:54.998Z,-56.4392,-54.4487,10,4.5,mb,Scotia Sea
2024-06-19T20:28:55.227Z,-9.2833,106.6125,10,4.6,mb,"247 km SSW of Banjar, Indonesia"
2024-06-19T19:27:46.084Z,-3.5909,99.508,10,4.6,mb,"173 km S of Tuapejat, Indonesia"
2024-06-19T16:34:50.594Z,-22.8899,-174.3693,10,4.8,mb,"181 km SSE of ‘Ohonua, Tonga"
2024-06-19T16:14:47.312Z,6.7872,147.8847,10,4.6,mb,"State of Yap, Federated States of Micronesia"
2024-06-19T15:04:45.288Z,-40.1191,78.4892,10,4.9,mb,Mid-Indian Ridge
2024-06-19T13:03:44.335Z,-8.2476,119.5232,178.258,4.5,mb,"37 km N of Komodo, Indonesia"
2024-06-19T10:08:00.224Z,-56.6485,-25.4515,8.925,5.3,mww,South Sandwich Islands region
2024-06-19T04:17:38.705Z,34.893,70.2122,70.226,4.8,mb,"24 km N of Mehtar Lām, Afghanistan"
2024-06-19T00:48:13.943Z,-13.3289,-76.654,53.481,4.5,mb,"40 km SW of San Vicente de Cañete, Peru"
2024-06-18T21:42:34.214Z,-18.908,168.8633,103.665,5,mb,"82 km NNW of Isangel, Vanuatu"
2024-06-18T21:12:44.620Z,-25.3371,-176.4534,42.092,4.5,mb,south of the Fiji Islands
2024-06-18T20:16:54.452Z,-61.388,161.3284,10,4.5,mb,Balleny Islands region
2024-06-18T17:11:01.492Z,-2.1885,-77.2246,144.004,4.6,mb,"98 km ESE of Palora, Ecuador"
2024-06-18T15:47:39.633Z,-16.823,-70.9235,94.56,4.7,mb,"9 km SSW of Quinistaquillas, Peru"
2024-06-18T14:01:05.080Z,-22.6074,-174.0291,10,4.6,mb,"169 km SE of ‘Ohonua, Tonga"
2024-06-18T13:42:54.567Z,35.1736,87.5162,10,4.5,mb,western Xizang
2024-06-18T12:16:18.594Z,-0.8428,67.3402,10,4.5,mb,Carlsberg Ridge
2024-06-18T09:54:49.077Z,35.1924,58.5136,10,4.9,mb,"6 km SE of Kāshmar, Iran"
2024-06-18T09:51:26.444Z,-31.7154,-178.4793,46.563,5.1,mb,Kermadec Islands region
2024-06-18T07:04:44.368Z,-56.3515,-24.5801,10,4.5,mb,South Sandwich Islands region
2024-06-18T06:40:41.318Z,-16.5443,-173.5952,87,5.8,mww,"68 km SSE of Hihifo, Tonga"
2024-06-18T05:22:10.270Z,-7.3045,155.2075,10,4.9,mb,"113 km SSW of Panguna, Papua New Guinea"
2024-06-18T02:22:10.098Z,-3.8928,-76.671,106.228,5.5,mww,"53 km SSW of Alianza Cristiana, Peru"
2024-06-18T01:10:10.098Z,17.5494,-105.0575,10,5,mww,"184 km SW of Cuyutlán, Mexico"
2024-06-17T20:49:59.090Z,-6.3624,146.3118,107.384,5.2,mww,"50 km E of Kainantu, Papua New Guinea"
2024-06-17T14:09:45.151Z,-11.4519,166.2329,57,5.6,mww,"93 km SSE of Lata, Solomon Islands"
2024-06-17T14:05:10.679Z,-19.0015,-172.7677,7,5.6,mww,"133 km ESE of Neiafu, Tonga"
2024-06-17T13:57:05.650Z,-58.6102,-152.4649,10,4.5,mb,Pacific-Antarctic Ridge
2024-06-17T13:10:22.013Z,-39.1557,78.5404,10,4.6,mb,Mid-Indian Ridge
2024-06-17T10:12:22.763Z,-15.1317,-173.0123,38.599,4.7,mb,"123 km NE of Hihifo, Tonga"
2024-06-17T09:26:04.164Z,31.6045,131.7185,44.769,4.5,mb,"33 km E of Nichinan, Japan"
2024-06-17T08:40:32.966Z,-3.1288,148.546,10,5.3,mww,"186 km SE of Lorengau, Papua New Guinea"
2024-06-17T07:02:35.997Z,-4.4929,153.7004,10,4.5,mb,"159 km E of Kokopo, Papua New Guinea"
2024-06-17T06:57:22.777Z,31.593,131.6399,35,4.9,mb,"25 km E of Nichinan, Japan"
2024-06-17T04:47:19.930Z,26.5984,130.1792,10,4.9,mww,"171 km SE of Isen, Japan"
2024-06-17T03:34:48.693Z,2.1242,-97.5438,10,4.5,mb,west of the Galapagos Islands
2024-06-17T02:58:59.417Z,-40.1544,78.5215,10,4.8,mb,Mid-Indian Ridge
2024-06-16T23:58:18.345Z,-21.7556,169.7827,10,4.6,mb,"198 km E of Tadine, New Caledonia"
2024-06-16T21:17:19.317Z,18.8224,145.6038,196.91,4.7,mb,"Pagan region, Northern Mariana Islands"
2024-06-16T17:32:12.805Z,-1.9579,-77.695,13.734,4.5,mb,"41 km SE of Palora, Ecuador"
2024-06-16T17:13:23.308Z,-55.9196,-27.0012,47.065,4.5,mb,South Sandwich Islands region
2024-06-16T16:24:06.627Z,53.8877,166.763,10,4.8,mb,"Komandorskiye Ostrova, Russia region"
2024-06-16T16:19:51.052Z,-18.8433,-172.7085,10,4.6,mb,"136 km E of Neiafu, Tonga"
2024-06-16T14:47:33.155Z,-15.8557,-74.4353,27,6,mww,"10 km SW of Atiquipa, Peru"
2024-06-16T14:08:13.122Z,-21.6764,-179.2058,567.87,4.8,mb,Fiji region
2024-06-16T13:48:21.798Z,-20.2575,-177.6182,485.702,4.7,mb,"261 km WNW of Houma, Tonga"
2024-06-16T13:09:16.636Z,-9.4645,112.8829,59.234,4.8,mb,"139 km S of Dampit, Indonesia"
2024-06-16T12:58:07.518Z,-14.6907,168.1382,10,4.5,mb,"110 km SE of Sola, Vanuatu"
2024-06-16T12:09:42.517Z,-57.7135,-25.5677,77.672,4.6,mb,South Sandwich Islands region
2024-06-16T11:49:04.817Z,4.8219,125.2875,58.813,4.9,mb,"67 km SSW of Sarangani, Philippines"
2024-06-16T10:35:01.200Z,35.7363,140.1614,65.859,4.5,mwr,"5 km SW of Inba, Japan"
2024-06-16T10:16:36.236Z,35.7347,140.1584,67.391,4.5,mb,"6 km SW of Inba, Japan"
2024-06-16T07:27:45.513Z,-11.3588,166.3597,146.795,4.5,mb,"93 km SE of Lata, Solomon Islands"
2024-06-16T01:33:17.131Z,-3.2646,145.9187,10,4.8,mb,"202 km SW of Lorengau, Papua New Guinea"
2024-06-16T00:27:56.629Z,-60.9499,154.3353,7.727,6,mww,west of Macquarie Island
2024-06-15T18:53:04.760Z,-40.4385,78.2503,10,4.6,mb,Mid-Indian Ridge
2024-06-15T18:38:03.676Z,-40.5687,78.1155,10,5.5,mww,Mid-Indian Ridge
2024-06-15T17:50:48.944Z,-55.8444,-28.2852,82.189,5.4,mb,South Sandwich Islands region
2024-06-15T15:31:02.395Z,-4.868,103.0097,66.241,4.7,mb,"96 km SSW of Pagar Alam, Indonesia"
2024-06-15T15:17:55.734Z,-3.0257,130.0302,16.705,4.5,mb,"121 km ENE of Masohi, Indonesia"
2024-06-15T14:59:12.021Z,27.154,143.4878,13.018,4.7,mb,"Bonin Islands, Japan region"
2024-06-15T14:48:47.170Z,7.7633,137.1323,10,4.8,mb,"222 km SSW of Colonia, Micronesia"
2024-06-15T13:08:14.671Z,3.1837,127.2673,45.789,5.6,mww,"180 km NNW of Tobelo, Indonesia"
2024-06-15T11:50:12.113Z,-23.5097,-66.7774,190.924,4.5,mb,"91 km NNW of San Antonio de los Cobres, Argentina"
2024-06-15T08:35:09.800Z,-21.8403,-68.2821,108.943,4.5,mb,"68 km S of Ollagüe, Chile"
2024-06-15T05:35:44.133Z,7.8135,137.1248,10,4.6,mb,"217 km SSW of Colonia, Micronesia"
2024-06-15T05:34:14.457Z,29.6857,69.8703,10,4.5,mb,"40 km SE of Barkhan, Pakistan"
2024-06-14T23:47:44.292Z,-5.954,102.9511,26.641,4.9,mb,"215 km S of Pagar Alam, Indonesia"
2024-06-14T23:24:18.046Z,34.0454,86.3821,10,4.7,mb,western Xizang
2024-06-14T22:35:49.189Z,-18.6482,-172.8145,10,4.5,mb,"123 km E of Neiafu, Tonga"
2024-06-14T20:53:01.386Z,-21.0231,-67.1627,191.763,4.5,mb,"71 km SSW of Uyuni, Bolivia"
2024-06-14T20:09:52.243Z,-18.4914,-172.7206,10,4.6,mb,"134 km E of Neiafu, Tonga"
2024-06-14T15:38:02.316Z,-51.5353,139.4703,10,5,mww,western Indian-Antarctic Ridge
2024-06-14T15:30:53.898Z,-51.4579,139.3475,10,5.2,mww,western Indian-Antarctic Ridge
2024-06-14T15:11:34.168Z,-51.4519,139.4646,10,4.5,mb,western Indian-Antarctic Ridge
2024-06-14T09:51:55.823Z,-31.1899,-13.3185,10,5.9,mww,southern Mid-Atlantic Ridge
2024-06-14T09:50:57.874Z,-31.1918,-13.3419,10,5,mb,southern Mid-Atlantic Ridge
2024-06-14T09:33:58.763Z,-31.1593,-13.307,10,4.8,mb,southern Mid-Atlantic Ridge
2024-06-14T09:29:31.960Z,-31.1665,-13.577,10,5.4,mb,southern Mid-Atlantic Ridge
2024-06-14T09:28:11.194Z,-31.2116,-13.4498,10,5.3,mb,southern Mid-Atlantic Ridge
2024-06-14T08:18:47.228Z,2.1735,128.1289,168.946,4.5,mb,"50 km NNE of Tobelo, Indonesia"
2024-06-14T05:39:43.860Z,-1.8879,100.3445,61.34,4.8,mb,"85 km E of Tuapejat, Indonesia"
2024-06-14T04:26:48.660Z,-30.9404,-13.4721,10,5.9,mww,southern Mid-Atlantic Ridge
2024-06-14T01:05:30.148Z,-10.7485,164.1733,10,4.6,mb,"177 km W of Lata, Solomon Islands"
2024-06-13T23:45:54.482Z,-19.8405,-175.5594,142.52,4.8,mb,"126 km W of Pangai, Tonga"
2024-06-13T22:46:49.821Z,-8.7048,-76.0219,10,5,mb,"55 km ESE of Uchiza, Peru"
2024-06-13T21:45:27.830Z,8.919,126.4202,61.539,4.8,mb,"12 km ENE of Aras-asan, Philippines"
2024-06-13T21:38:02.427Z,18.7091,146.634,35,4.8,mb,"Pagan region, Northern Mariana Islands"
2024-06-13T19:44:01.649Z,5.5951,125.9799,111.276,4.5,mb,"51 km SE of Caburan, Philippines"
2024-06-13T17:12:53.838Z,-22.7636,-176.6699,124.612,5.1,mww,"226 km SW of Houma, Tonga"
2024-06-13T15:35:15.569Z,-7.5433,127.705,155.338,4.8,mb,"133 km NE of Lospalos, Timor Leste"
2024-06-13T14:04:57.863Z,52.7504,-175.6235,235.321,4.6,mb,"114 km WNW of Atka, Alaska"
2024-06-13T13:49:11.399Z,57.7909,-155.6235,88.2,4.6,mww,"73 km WNW of Karluk, Alaska"
2024-06-13T12:03:50.744Z,-18.6367,-173.53,10,4.5,mb,"47 km E of Neiafu, Tonga"
2024-06-13T11:38:09.080Z,28.3842,53.0169,10,4.6,mb,"67 km SE of Fīrūzābād, Iran"
2024-06-13T11:17:29.119Z,12.5669,144.207,10,4.6,mb,"92 km SSW of Merizo Village, Guam"
2024-06-13T10:23:05.511Z,12.644,144.2593,17.351,5.1,mww,"81 km SSW of Merizo Village, Guam"
2024-06-13T08:39:29.567Z,-25.5835,-116.0129,10,4.5,mb,southern East Pacific Rise
2024-06-13T07:40:37.510Z,49.491,153.4444,192.846,4.5,mb,"232 km SW of Severo-Kuril’sk, Russia"
2024-06-13T05:30:07.633Z,55.5601,162.6666,49.606,4.9,mww,"75 km S of Ust’-Kamchatsk Staryy, Russia"
2024-06-13T04:40:40.451Z,-22.8445,-177.0696,168.11,4.5,mb,"260 km SW of Houma, Tonga"
2024-06-13T04:19:20.464Z,-24.2648,179.9984,511.147,4.5,mb,south of the Fiji Islands
2024-06-13T04:13:26.250Z,-18.936,-172.7715,10,5,mb,"131 km ESE of Neiafu, Tonga"
2024-06-13T02:29:50.433Z,-5.7518,145.9931,74.123,4.5,mb,"61 km NNE of Kainantu, Papua New Guinea"
2024-06-12T19:19:10.899Z,35.9745,27.9542,61.368,4.7,mww,"14 km SSW of Lárdos, Greece"
2024-06-12T18:28:38.280Z,-15.0951,66.8267,10,4.6,mb,Mid-Indian Ridge
2024-06-12T18:22:53.663Z,-15.0411,66.9753,10,4.6,mb,Mid-Indian Ridge
2024-06-12T18:10:59.009Z,-2.9337,130.2509,10,4.7,mb,"148 km ENE of Masohi, Indonesia"
2024-06-12T17:58:11.451Z,-15.2538,66.9668,10,4.5,mb,Mid-Indian Ridge
2024-06-12T17:01:20.867Z,4.3762,126.4544,39,5.8,mww,"158 km SE of Sarangani, Philippines"
2024-06-12T15:33:24.082Z,-6.6831,155.1209,367.523,4.5,mb,"57 km SW of Panguna, Papua New Guinea"
2024-06-12T14:07:52.435Z,8.8144,126.2809,68.978,4.7,mb,"1 km WNW of Marihatag, Philippines"
2024-06-12T11:03:03.033Z,-13.5835,-111.9692,10,4.6,mb,central East Pacific Rise
2024-06-12T09:52:04.585Z,18.236,145.2537,453.5,4.7,mb,"Pagan region, Northern Mariana Islands"
2024-06-12T08:31:33.251Z,-18.9126,169.4001,258.498,4.5,mb,"70 km N of Isangel, Vanuatu"
2024-06-12T05:35:31.098Z,42.0421,142.5186,68.507,4.7,mb,"25 km WSW of Urakawa, Japan"
2024-06-12T03:48:16.286Z,33.701,97.3993,10,4.9,mb,"285 km N of Qamdo, China"
2024-06-12T02:55:06.200Z,14.8286,-90.4539,14.709,4.9,mww,"5 km N of San Pedro Ayampuc, Guatemala"
2024-06-12T02:29:03.819Z,8.496,-103.325,10,4.6,mb,northern East Pacific Rise
2024-06-12T02:25:55.624Z,8.3358,-103.3322,10,5.7,mww,northern East Pacific Rise
2024-06-12T01:15:19.226Z,15.4015,-95.5334,10,4.5,mb,"64 km SSE of El Coyul, Mexico"
2024-06-11T22:09:31.680Z,-7.3596,103.4801,10,4.5,mb,"281 km WSW of Labuan, Indonesia"
2024-06-11T18:59:45.841Z,18.1612,120.0021,20.997,4.5,mb,"52 km W of Callaguip, Philippines"
2024-06-11T17:34:09.596Z,-24.1286,-66.8045,187.327,4.7,mb,"50 km WNW of San Antonio de los Cobres, Argentina"
2024-06-11T15:51:10.357Z,-15.1066,-173.9511,61.38,4.5,mb,"95 km N of Hihifo, Tonga"
2024-06-11T15:28:21.246Z,-18.6122,-172.8687,10,5.2,mww,"117 km E of Neiafu, Tonga"
2024-06-11T11:38:17.405Z,-5.284,151.2803,121.73,5.2,mww,"130 km ENE of Kimbe, Papua New Guinea"
2024-06-11T11:09:31.661Z,-5.2539,151.1864,124.061,5.1,mww,"120 km ENE of Kimbe, Papua New Guinea"
2024-06-11T08:07:20.796Z,0.8589,97.7622,40.995,4.6,mb,"31 km N of Teluk Dalam, Indonesia"
2024-06-11T07:52:39.985Z,-15.422,-174.7393,249.326,4.5,mb,"117 km WNW of Hihifo, Tonga"
2024-06-11T06:58:36.087Z,9.4523,119.739,9.9,5.2,mww,"97 km SE of Caramay, Philippines"
2024-06-11T04:53:08.161Z,-21.9359,-179.105,583.388,4.8,mb,Fiji region
2024-06-11T04:51:46.750Z,-21.9787,-179.1696,586.973,4.7,mb,Fiji region
2024-06-11T03:59:48.898Z,-20.0754,168.6661,10,4.6,mb,"87 km SW of Isangel, Vanuatu"
2024-06-11T02:56:32.775Z,-20.1774,168.518,10,5.2,mww,"106 km SW of Isangel, Vanuatu"
2024-06-11T02:51:11.346Z,-20.1268,168.6915,10,5.1,mww,"89 km SW of Isangel, Vanuatu"
2024-06-11T00:51:53.564Z,-18.798,-177.6358,581.364,4.7,mb,Fiji region
2024-06-10T23:46:09.085Z,4.8187,95.855,105.522,4.7,mb,"63 km S of Sigli, Indonesia"
2024-06-10T23:39:24.494Z,-56.0114,-27.6057,114.165,4.6,mb,South Sandwich Islands region
2024-06-10T22:34:43.900Z,-9.0299,-108.8113,10,5,mb,central East Pacific Rise
2024-06-10T22:27:27.609Z,44.3692,148.9899,41.878,4.6,mb,"129 km SE of Kuril’sk, Russia"
2024-06-10T22:09:18.533Z,29.5216,140.2418,180.675,4.8,mww,"Izu Islands, Japan region"
2024-06-10T21:58:43.614Z,-20.0981,168.8268,10,4.5,mb,"77 km SW of Isangel, Vanuatu"
2024-06-10T17:35:25.135Z,40.9018,84.2539,10,4.6,mb,"143 km SE of Kuqa, China"
2024-06-10T16:02:30.831Z,1.2488,121.8009,40.216,4.5,mb,"160 km WNW of Gorontalo, Indonesia"
2024-06-10T10:10:36.968Z,7.3748,92.0633,10,4.7,mb,"Nicobar Islands, India region"
2024-06-10T06:02:05.404Z,0.26,124.8977,78.925,4.6,mb,"55 km ESE of Modisi, Indonesia"
2024-06-10T04:42:14.809Z,-54.1304,-133.8362,10,4.7,mb,Pacific-Antarctic Ridge
2024-06-10T03:56:16.157Z,23.6498,122.8825,36.813,4.5,mwr,"91 km S of Yonakuni, Japan"
2024-06-10T03:49:41.546Z,-12.7631,166.741,138.008,5.2,mww,"151 km NW of Sola, Vanuatu"
2024-06-10T03:47:29.041Z,-60.6463,-26.9881,10,4.7,mb,South Sandwich Islands region
2024-06-10T03:44:14.733Z,-18.7431,65.1681,10,5,mb,"211 km ENE of Port Mathurin, Mauritius"
2024-06-10T03:14:51.726Z,37.9122,68.1858,10,4.5,mb,"36 km ESE of Sho‘rchi, Uzbekistan"
2024-06-10T02:47:57.816Z,-3.3321,126.8794,10.225,4.6,mb,"150 km WNW of Ambon, Indonesia"
2024-06-10T01:29:29.672Z,-5.9321,131.1775,68.999,4.5,mb,"177 km W of Tual, Indonesia"
2024-06-10T00:40:44.160Z,-18.5548,65.3493,10,4.5,mb,"238 km ENE of Port Mathurin, Mauritius"
2024-06-09T23:39:07.790Z,-3.0248,127.7925,43.21,4.5,mb,"85 km NNW of Ambon, Indonesia"
2024-06-09T20:46:04.656Z,-6.3351,146.5069,99.975,4.7,mb,"69 km NW of Lae, Papua New Guinea"
2024-06-09T20:35:13.723Z,-55.6212,-26.7597,10,4.5,mb,South Sandwich Islands region
2024-06-09T16:28:38.228Z,-5.4569,154.0688,125,5.7,mww,"183 km WNW of Panguna, Papua New Guinea"
2024-06-09T12:03:28.250Z,-8.916,-108.557,10,4.8,mb,central East Pacific Rise
2024-06-09T11:27:42.446Z,-53.9214,-134.1183,10,5,mb,Pacific-Antarctic Ridge
2024-06-09T11:15:59.913Z,-2.9812,139.1659,32.815,4.6,mb,"168 km WSW of Abepura, Indonesia"
2024-06-09T10:34:26.783Z,-53.9638,-134.1789,10,4.9,mb,Pacific-Antarctic Ridge
2024-06-09T10:19:46.785Z,-53.7906,-134.0407,10,4.7,mb,Pacific-Antarctic Ridge
2024-06-09T10:17:55.835Z,-53.8417,-134.0696,10,5.1,mb,Pacific-Antarctic Ridge
2024-06-09T09:55:49.381Z,-53.8559,-133.9509,10,6.2,mww,Pacific-Antarctic Ridge
2024-06-09T09:53:18.907Z,-54.1471,-134.5076,10,4.6,mb,Pacific-Antarctic Ridge
2024-06-09T09:48:03.746Z,-54.4006,-133.0913,10,5.7,mwb,Pacific-Antarctic Ridge
2024-06-09T09:45:35.358Z,-54.1827,-133.8164,10,5,mb,Pacific-Antarctic Ridge
2024-06-09T05:41:36.564Z,76.659,7.517,10,4.5,mb,"263 km SW of Longyearbyen, Svalbard and Jan Mayen"
2024-06-09T01:04:45.532Z,4.8573,126.0864,96.521,4.7,mb,"91 km SE of Sarangani, Philippines"
2024-06-08T23:43:26.544Z,-29.2821,-177.0604,60.586,4.5,mb,"Kermadec Islands, New Zealand"
2024-06-08T20:19:41.215Z,-10.4727,-13.3092,10,4.7,mb,Ascension Island region
2024-06-08T20:00:06.585Z,-20.5663,-178.1429,542.739,4.6,mb,Fiji region
2024-06-08T16:52:06.898Z,-18.4202,-173.856,34.134,4.8,mb,"28 km NNE of Neiafu, Tonga"
2024-06-08T13:07:19.775Z,6.6732,123.7476,10.703,4.8,mb,"31 km W of Taguisa, Philippines"
2024-06-08T11:03:02.515Z,1.4247,127.1965,151.14,4.5,mb,"73 km NNW of Ternate, Indonesia"
2024-06-08T09:22:47.932Z,-19.5138,-69.4223,100.505,4.8,mwr,"22 km S of Camiña, Chile"
2024-06-08T04:03:05.828Z,-6.3514,154.8367,65.015,4.5,mb,"71 km W of Panguna, Papua New Guinea"
2024-06-08T03:12:23.442Z,14.6219,147.4632,10,4.6,mb,"195 km ESE of Saipan, Northern Mariana Islands"
2024-06-08T02:22:15.578Z,-32.4121,-70.861,80.513,4.6,mb,"35 km E of La Ligua, Chile"
2024-06-08T00:28:14.017Z,11.0186,138.7996,10,4.5,mb,"182 km NNE of Colonia, Micronesia"
2024-06-07T23:24:05.439Z,-31.7719,-178.5653,35,4.8,mb,Kermadec Islands region
2024-06-07T23:05:19.931Z,-49.3906,30.3379,10,4.9,mb,south of Africa
2024-06-07T19:24:47.260Z,-17.9122,-175.025,202.142,5.1,mww,"137 km NW of Neiafu, Tonga"
2024-06-07T17:03:31.054Z,-54.0569,-2.4625,10,5.4,mb,southern Mid-Atlantic Ridge
2024-06-07T16:57:14.486Z,-54.0047,-2.5375,10,5.2,mww,southern Mid-Atlantic Ridge
2024-06-07T16:31:04.714Z,-2.994,139.2269,39.22,5.3,mww,"162 km WSW of Abepura, Indonesia"
2024-06-07T16:12:40.069Z,-55.4244,-29.1752,10,4.5,mb,South Sandwich Islands region
2024-06-07T13:49:22.995Z,7.7136,-82.3251,9.366,4.6,mwr,"57 km SSW of Boca Chica, Panama"
2024-06-07T13:37:17.520Z,22.0233,143.0365,9.946,4.6,mb,"Volcano Islands, Japan region"
2024-06-07T13:33:10.621Z,-15.0247,-173.8552,40.434,4.6,mb,"103 km N of Hihifo, Tonga"
2024-06-07T12:59:23.978Z,-11.5266,-13.6766,10,4.7,mb,Ascension Island region
2024-06-07T12:35:24.201Z,38.5848,142.2029,61.583,4.5,mb,"67 km ENE of Onagawa Chō, Japan"
2024-06-07T07:57:52.009Z,-28.1675,-177.4923,76.949,4.5,mb,Kermadec Islands region
2024-06-07T07:55:57.321Z,4.3193,-75.9119,11.719,4.5,mb,"6 km NNE of Sevilla, Colombia"
2024-06-07T06:54:27.565Z,-6.6778,147.4079,57.902,4.6,mb,"45 km E of Lae, Papua New Guinea"
2024-06-07T05:55:26.119Z,-6.3652,149.7818,60.244,4.9,mb,"31 km SE of Kandrian, Papua New Guinea"
2024-06-07T05:47:36.317Z,-18.2676,-70.6437,61.823,4.5,mb,"43 km WNW of Arica, Chile"
2024-06-07T04:45:24.227Z,-55.3649,-29.1823,19.504,4.5,mb,South Sandwich Islands region
2024-06-07T04:32:49.077Z,-55.1752,-28.8667,18.308,5,mb,South Sandwich Islands region
2024-06-07T04:25:15.923Z,-11.5282,-13.9139,10,4.5,mb,Ascension Island region
2024-06-07T02:21:09.295Z,-43.1774,-75.675,10,4.9,mb,"166 km WSW of Chonchi, Chile"
2024-06-07T00:46:49.787Z,-3.3966,128.298,91.39,4.5,mb,"35 km NNE of Ambon, Indonesia"
2024-06-06T23:37:16.660Z,-55.1111,-28.9274,35,4.9,mb,South Sandwich Islands region
2024-06-06T22:58:44.778Z,-55.2762,-29.1789,35,5.7,mww,South Sandwich Islands region
2024-06-06T22:53:04.190Z,-55.1574,-29.1201,35,5.4,mww,South Sandwich Islands region
2024-06-06T22:00:57.411Z,-3.0163,141.9207,41.968,4.8,mb,"49 km WNW of Aitape, Papua New Guinea"
2024-06-06T18:57:38.825Z,-7.1935,121.0887,529.051,4.8,mb,"171 km NNE of Ruteng, Indonesia"
2024-06-06T17:37:49.194Z,-22.3332,-70.1164,52.805,4.8,mwr,"28 km SSE of Tocopilla, Chile"
2024-06-06T15:51:33.702Z,-20.5072,-69.0644,89.859,4.5,mwr,"64 km ESE of La Tirana, Chile"
2024-06-06T15:11:26.981Z,4.8079,126.1105,78.534,4.5,mb,"97 km SE of Sarangani, Philippines"
2024-06-06T13:33:51.999Z,-2.9853,138.2779,37.384,4.6,mb,"265 km W of Abepura, Indonesia"
2024-06-06T13:15:37.463Z,-9.0052,116.8448,10.967,5,mb,"28 km S of Taliwang, Indonesia"
2024-06-06T12:30:56.305Z,-38.3905,48.4335,10,4.7,mb,Southwest Indian Ridge
2024-06-06T11:07:53.351Z,50.1126,147.684,619.618,5.9,mww,Sea of Okhotsk
2024-06-06T09:25:20.687Z,-60.5104,-26.4388,40.643,4.5,mb,South Sandwich Islands region
2024-06-06T07:20:23.083Z,-9.5826,-109.8753,10,4.6,mb,central East Pacific Rise
2024-06-06T05:58:32.040Z,59.7454,-29.9169,10,4.5,mb,Reykjanes Ridge
2024-06-06T04:58:45.262Z,-29.6841,-177.247,35,4.5,mb,"Kermadec Islands, New Zealand"
2024-06-06T02:40:05.045Z,26.8748,140.4035,478.447,4.6,mb,"Bonin Islands, Japan region"
2024-06-06T02:12:05.742Z,28.0069,130.152,21.804,4.9,mww,"73 km SE of Tatsugō, Japan"
2024-06-06T02:10:08.275Z,19.6396,145.2812,10,4.6,mb,"Maug Islands region, Northern Mariana Islands"
2024-06-06T01:00:20.043Z,-4.9757,154.1539,420.328,4.6,mb,"209 km NW of Arawa, Papua New Guinea"
2024-06-06T00:03:25.979Z,35.549,140.6854,43.001,4.7,mwr,"18 km S of Asahi, Japan"
2024-06-05T22:05:04.061Z,-18.2522,-174.6527,91.872,4.5,mb,"83 km WNW of Neiafu, Tonga"
2024-06-05T21:40:50.119Z,-17.3342,167.7667,10,4.5,mb,"73 km NW of Port-Vila, Vanuatu"
2024-06-05T21:33:40.227Z,-17.2295,167.8564,10,4.5,mb,"74 km NW of Port-Vila, Vanuatu"
2024-06-05T21:31:57.835Z,-17.3683,167.8118,10,4.6,mb,"67 km NW of Port-Vila, Vanuatu"
2024-06-05T20:35:38.647Z,-17.4561,-178.8381,529.696,4.6,mb,"207 km ENE of Levuka, Fiji"
2024-06-05T18:19:40.383Z,-23.6668,-179.7548,540.802,4.6,mb,south of the Fiji Islands
2024-06-05T15:30:39.378Z,-15.981,167.8847,187.939,4.8,mb,"51 km ENE of Lakatoro, Vanuatu"
2024-06-05T14:19:43.829Z,-38.2342,175.9814,190.135,4.9,mb,"10 km E of Tokoroa, New Zealand"
2024-06-05T11:58:40.930Z,32.4225,-115.1796667,15.58,4.57,mw,"8 km N of Delta, B.C., MX"
2024-06-05T11:16:14.005Z,0.4195,98.5655,65.051,5.1,mww,"86 km ESE of Teluk Dalam, Indonesia"
2024-06-05T10:39:15.098Z,-59.669,-29.5886,10.741,5.5,mww,South Sandwich Islands region
2024-06-05T08:42:24.371Z,-13.711,14.249,10,5.1,mb,"87 km W of Caconda, Angola"
2024-06-05T07:55:01.321Z,27.6916,-111.6015,10,4.5,mwr,"62 km WSW of San Carlos, Mexico"
2024-06-05T06:30:18.894Z,-7.9087,117.9494,206.392,4.8,mb,"75 km NE of Pototano, Indonesia"
2024-06-05T06:22:34.025Z,-31.1231,-177.6597,28.354,4.5,mb,Kermadec Islands region
2024-06-05T06:19:41.587Z,-3.5702,100.7411,10,5,mb,"171 km W of Bengkulu, Indonesia"
2024-06-05T06:00:46.903Z,-38.9963,-71.8122,119.801,4.6,mb,"34 km NNE of Pucón, Chile"
2024-06-05T04:52:23.644Z,-34.9264,-108.2305,10,4.6,mb,southern East Pacific Rise
2024-06-05T03:31:25.902Z,8.8767,-71.219,17.142,4.6,mb,"11 km SSE of Tucaní, Venezuela"
2024-06-05T02:24:22.538Z,-7.6693,147.9126,35,4.5,mb,"123 km S of Finschhafen, Papua New Guinea"
2024-06-05T02:20:27.145Z,-3.6756,100.6221,19,5.5,mww,"183 km W of Bengkulu, Indonesia"
2024-06-05T02:16:01.006Z,-4.1233,143.0423,77.628,5.2,mb,"26 km ENE of Ambunti, Papua New Guinea"
2024-06-04T23:19:00.244Z,-21.8396,-179.2033,568.273,4.7,mb,Fiji region
2024-06-04T22:34:58.616Z,11.0806,138.6431,10,4.6,mb,"182 km NNE of Colonia, Micronesia"
2024-06-04T21:09:28.581Z,-21.6021,-173.8157,10,4.5,mb,"121 km ESE of ‘Ohonua, Tonga"
2024-06-04T20:31:19.600Z,-12.7402,-14.7085,10,4.6,mb,southern Mid-Atlantic Ridge
2024-06-04T18:32:59.847Z,-37.329,-94.6408,10,5.5,mww,West Chile Rise
2024-06-04T17:26:45.977Z,-21.7479,170.5151,78.444,4.9,mww,"273 km E of Tadine, New Caledonia"
2024-06-04T17:05:22.326Z,-3.5998,127.3315,10,4.6,mb,"95 km W of Ambon, Indonesia"
2024-06-04T15:58:35.511Z,-23.0669,-114.1466,10,4.6,mb,Easter Island region
2024-06-04T15:31:29.777Z,-22.9775,-114.1686,10,4.8,mb,Easter Island region
2024-06-04T14:59:19.616Z,-22.9323,-114.0795,10,5.4,mww,Easter Island region
2024-06-04T10:00:03.919Z,-17.9343,-178.5016,603.306,5.5,mww,"231 km E of Levuka, Fiji"
2024-06-04T09:36:47.434Z,-19.1188,-69.1129,127.705,4.7,mb,"39 km ENE of Camiña, Chile"
2024-06-04T09:10:48.292Z,0.7248,126.1364,11.344,4.5,mb,"137 km SE of Bitung, Indonesia"
2024-06-04T07:30:18.695Z,-16.3535,-172.2706,10,4.5,mb,"169 km ESE of Hihifo, Tonga"
2024-06-04T02:34:58.555Z,13.6712,144.8436,138.896,4.5,mb,"15 km NNW of Yigo Village, Guam"
2024-06-03T22:42:15.344Z,-14.9654,-175.2292,10.468,4.8,mb,"188 km NW of Hihifo, Tonga"
2024-06-03T22:39:24.562Z,-16.4874,-174.8082,256.109,4.5,mb,"123 km WSW of Hihifo, Tonga"
2024-06-03T22:03:41.211Z,42.4985,43.5092,6.261,4.9,mww,"10 km SSE of Oni, Georgia"
2024-06-03T21:16:09.781Z,-4.1309,123.376,10.14,4.8,mb,"97 km E of Kendari, Indonesia"
2024-06-03T18:54:06.025Z,34.1234,86.4438,14.097,4.6,mb,western Xizang
2024-06-03T18:52:15.673Z,-18.1046,-173.0474,10,5.1,mww,"115 km ENE of Neiafu, Tonga"
2024-06-03T13:42:20.157Z,-15.4609,-173.2982,10,4.6,mb,"76 km NE of Hihifo, Tonga"
2024-06-03T13:35:39.045Z,24.2673,66.4468,10,4.5,mb,"87 km SW of Karachi, Pakistan"
2024-06-03T13:21:04.048Z,17.4183,94.6671,21.731,4.5,mb,"71 km N of Pathein, Myanmar"
2024-06-03T12:12:37.027Z,8.9337,126.6285,57.406,4.6,mb,"35 km E of Aras-asan, Philippines"
2024-06-03T10:10:12.112Z,13.4437,120.0897,10,4.5,mb,"35 km SSW of Looc, Philippines"
2024-06-03T08:34:42.896Z,-37.634,179.7448,10,4.9,mb,"127 km E of Hicks Bay, New Zealand"
2024-06-03T07:41:48.084Z,-30.2738,-177.8612,38.834,5,mb,"Kermadec Islands, New Zealand"
2024-06-03T07:35:28.161Z,-22.6263,171.7129,35,5.1,mb,southeast of the Loyalty Islands
2024-06-03T07:21:43.522Z,2.9926,-31.356,10,4.5,mb,central Mid-Atlantic Ridge
2024-06-03T06:41:51.470Z,29.6352,-42.82,10,5.9,mww,northern Mid-Atlantic Ridge
2024-06-03T05:46:31.292Z,8.8054,122.1035,10,4.9,mb,"89 km SW of Basay, Philippines"
2024-06-03T02:55:07.780Z,-20.3359,178.024,11.59,4.9,mb,"247 km S of Suva, Fiji"
2024-06-02T23:01:45.151Z,11.0125,-44.1042,10,4.5,mb,northern Mid-Atlantic Ridge
2024-06-02T21:43:40.775Z,-2.9237,138.8345,48.904,5,mb,"203 km W of Abepura, Indonesia"
2024-06-02T21:40:20.148Z,37.4913,137.337,10,4.9,mb,"48 km NE of Anamizu, Japan"
2024-06-02T21:31:39.387Z,37.4476,137.2681,9,5.7,mww,"40 km NE of Anamizu, Japan"
2024-06-02T18:40:31.328Z,-9.3077,156.4715,10,5.2,mww,"139 km SSW of Gizo, Solomon Islands"
2024-06-02T17:22:39.783Z,-29.3022,-176.6672,10,4.9,mb,Kermadec Islands region
2024-06-02T16:34:45.581Z,18.6318,146.521,66.466,4.6,mb,"Pagan region, Northern Mariana Islands"
2024-06-02T14:02:42.383Z,65.8126,-135.0102,16.516,4.9,mww,"286 km NE of Dawson City, Canada"
2024-06-02T13:58:01.394Z,-0.2229,122.4956,10,4.6,mb,"86 km NNW of Luwuk, Indonesia"
2024-06-02T13:37:50.306Z,23.8567,123.3896,36.061,4.5,mb,"78 km SSE of Yonakuni, Japan"
2024-06-02T09:35:40.263Z,-29.9015,-176.6918,10,4.5,mb,Kermadec Islands region
2024-06-02T09:22:03.680Z,2.0429,127.8149,233.222,4.8,mb,"40 km NNW of Tobelo, Indonesia"
2024-06-02T08:56:35.700Z,18.6662,146.366,65.285,4.5,mb,"Pagan region, Northern Mariana Islands"
2024-06-02T08:44:59.515Z,22.8369,94.5714,106.754,4.8,mb,"90 km S of Mawlaik, Myanmar"
2024-06-02T07:59:59.910Z,36.6756,55.2613,48.78,4.5,mb,"38 km NE of Shahrud, Iran"
2024-06-02T06:47:28.837Z,0.914,125.2979,78.11,4.7,mb,"60 km SE of Tondano, Indonesia"
2024-06-02T03:41:06.514Z,-29.2299,-176.8992,10,5.1,mww,Kermadec Islands region
2024-06-02T01:28:36.309Z,23.7697,121.676,10,4.5,mb,"24 km SSE of Hualien City, Taiwan"
2024-06-02T01:27:23.706Z,23.7136,121.6602,10,5,mb,"29 km S of Hualien City, Taiwan"
2024-06-01T23:57:11.992Z,-4.5789,102.0216,40.394,4.6,mb,"90 km SSW of Bengkulu, Indonesia"
2024-06-01T21:59:41.679Z,14.5093,51.9157,10,4.5,mb,"190 km S of Al Ghayz̧ah, Yemen"
2024-06-01T21:52:39.065Z,-6.361,147.2984,66.881,4.8,mb,"52 km NE of Lae, Papua New Guinea"
2024-06-01T20:03:32.280Z,-22.9896,179.2066,561.361,4.5,mb,south of the Fiji Islands
2024-06-01T18:58:58.526Z,-29.671,-176.9528,10,4.7,mb,Kermadec Islands region
2024-06-01T17:58:09.797Z,-53.0731,159.2952,14.124,4.6,mb,Macquarie Island region
2024-06-01T15:48:00.457Z,-31.1253,-178.6848,9.132,4.5,mb,Kermadec Islands region
2024-06-01T14:13:15.535Z,2.4354,128.1828,135.767,4.8,mww,"80 km NNE of Tobelo, Indonesia"
2024-06-01T11:01:43.411Z,-1.6626,134.5006,36.038,5,mb,"40 km ESE of Ransiki, Indonesia"
2024-06-01T10:53:06.591Z,-21.3526,-68.6663,97.964,5.1,mww,"45 km WSW of Ollagüe, Chile"
2024-06-01T09:40:35.041Z,-10.742,165.2418,36.662,4.6,mb,"60 km W of Lata, Solomon Islands"
2024-06-01T09:29:15.324Z,-16.3189,-179.4816,10,4.9,mb,"123 km E of Labasa, Fiji"
2024-06-01T08:54:38.643Z,-29.2126,-176.9792,35,4.7,mb,Kermadec Islands region
2024-06-01T07:12:40.700Z,-8.8368,124.0343,110.224,4.8,mb,"55 km NW of Pante Makasar, Timor Leste"
2024-06-01T05:49:50.968Z,-2.0472,128.3331,10,4.6,mb,"155 km NNW of Masohi, Indonesia"
2024-06-01T05:20:33.181Z,-7.3135,-13.2013,10,4.9,mb,"149 km ENE of Georgetown, Saint Helena"
2024-06-01T04:17:06.969Z,8.9136,126.2895,65.653,4.7,mb,"1 km S of Bacolod, Philippines"
2024-06-01T04:06:56.697Z,14.5438,-94.0602,26.212,4.5,mb,"139 km SW of La Esperanza (El Zapotal), Mexico"
2024-06-01T03:27:06.970Z,-31.4997,-68.7704,105.33,4.5,mb,"6 km NNW of Villa Basilio Nievas, Argentina"
2024-06-01T02:46:02.600Z,23.0987,-45.0176,10,4.7,mb,northern Mid-Atlantic Ridge
2024-06-01T02:37:31.517Z,28.9087,131.0686,10,5.2,mb,"152 km ENE of Tatsugō, Japan"
2024-06-01T00:56:43.725Z,34.2739,86.2597,10,4.5,mb,western Xizang
2024-06-01T00:54:20.957Z,-27.7711,65.3015,10,4.6,mb,Indian Ocean Triple Junction
2024-06-01T00:46:38.484Z,34.1381,86.3128,20.71,5.9,mww,western Xizang
2024-06-01T00:37:52.507Z,-0.0246,123.3358,138.23,4.5,mb,"69 km SSE of Gorontalo, Indonesia"
2024-06-01T00:32:39.430Z,24.3927,122.0524,26.992,4.5,mwr,"50 km SE of Yilan, Taiwan"
2024-06-01T00:29:30.918Z,44.8751,147.3848,133.67,4.5,mb,"55 km SW of Kuril’sk, Russia"
2024-06-01T00:21:41.623Z,20.4871,145.3517,116.454,4.8,mb,"Maug Islands region, Northern Mariana Islands"
2024-05-31T23:35:11.352Z,-29.2616,-176.8031,10,4.7,mb,Kermadec Islands region
2024-05-31T23:11:37.232Z,-29.1112,-177.0322,30.496,5.2,mb,"Kermadec Islands, New Zealand"
2024-05-31T21:11:46.936Z,-29.3681,-176.706,10,4.7,mb,Kermadec Islands region
2024-05-31T21:06:56.784Z,-29.2094,-176.903,10,5.1,mb,Kermadec Islands region
2024-05-31T19:54:08.099Z,-29.2225,-177.0107,41.248,4.6,mb,"Kermadec Islands, New Zealand"
2024-05-31T19:14:59.461Z,-28.8213,-177.1714,43.504,4.6,mb,Kermadec Islands region
2024-05-31T19:02:03.195Z,33.2332,132.3066,44.201,4.7,mb,"23 km W of Uwajima, Japan"
2024-05-31T18:16:42.365Z,17.7429,145.629,9.998,4.6,mb,"280 km N of Saipan, Northern Mariana Islands"
2024-05-31T17:10:59.107Z,24.0165,121.5423,25.304,5.2,mww,"7 km NW of Hualien City, Taiwan"
2024-05-31T17:06:25.819Z,-28.6949,-177.0513,19.862,4.5,mb,Kermadec Islands region
2024-05-31T16:00:24.177Z,-29.3864,-176.8423,10,4.7,mb,Kermadec Islands region
2024-05-31T15:54:40.923Z,-28.9579,-176.8653,16,6.2,mww,Kermadec Islands region
2024-05-31T15:46:09.810Z,-43.3059,41.7226,10,6.2,mww,Prince Edward Islands region
2024-05-31T15:44:11.792Z,-23.318,171.5452,10,5,mb,southeast of the Loyalty Islands
2024-05-31T12:22:35.321Z,-23.5551,170.1119,10,4.6,mb,"285 km ESE of Vao, New Caledonia"
2024-05-31T08:47:20.323Z,-6.7612,155.8327,138.794,4.9,mb,"62 km SE of Panguna, Papua New Guinea"
2024-05-31T08:35:01.812Z,-59.5508,-26.274,35.823,5.6,mww,South Sandwich Islands region
2024-05-31T07:46:35.365Z,-24.2423,-66.9783,180.997,4.5,mb,"67 km W of San Antonio de los Cobres, Argentina"
2024-05-31T03:31:27.299Z,22.8723,142.9309,131.433,4.7,mb,"Volcano Islands, Japan region"
2024-05-31T03:13:30.665Z,-15.4432,-173.0546,10,4.6,mb,"97 km NE of Hihifo, Tonga"
2024-05-31T01:23:22.564Z,23.2402,143.7276,34.556,4.5,mb,"Volcano Islands, Japan region"
2024-05-30T23:13:18.080Z,-18.0408,-69.1563,147.543,4.6,mb,"78 km WSW of Curahuara de Carangas, Bolivia"
2024-05-30T22:54:37.665Z,5.6407,126.0584,105.577,4.8,mww,"55 km ESE of Caburan, Philippines"
2024-05-30T19:46:44.008Z,32.5898,130.5966,11.265,4.5,mwr,"7 km WSW of Uki, Japan"
2024-05-30T17:08:17.919Z,-2.7221,122.0453,10,5,mb,"148 km NNW of Kendari, Indonesia"
2024-05-30T15:05:49.267Z,5.2032,126.1199,10,4.6,mb,"76 km ESE of Sarangani, Philippines"
2024-05-30T09:35:54.586Z,-3.8294,101.4887,46.458,4.8,mb,"86 km W of Bengkulu, Indonesia"
2024-05-30T09:20:34.901Z,22.1503,143.8882,119.191,4.6,mb,"Volcano Islands, Japan region"
2024-05-30T08:21:35.794Z,-15.418,-172.4112,10,4.9,mb,"159 km ENE of Hihifo, Tonga"
2024-05-30T01:11:38.942Z,24.1663,121.6683,31.898,4.8,mww,"21 km NNE of Hualien City, Taiwan"
2024-05-29T23:54:44.796Z,23.9455,121.7968,26.427,4.6,mwr,"19 km E of Hualien City, Taiwan"
2024-05-29T23:46:41.908Z,8.7819,127.4633,10,4.6,mb,"127 km E of Aras-asan, Philippines"
2024-05-29T23:40:04.865Z,-13.5645,166.4836,35,5,mb,"120 km WNW of Sola, Vanuatu"
2024-05-29T22:13:26.893Z,-22.9049,69.5374,10,4.6,mb,Mid-Indian Ridge
2024-05-29T17:37:25.413Z,8.1539,137.4762,10,4.9,mb,"166 km SSW of Colonia, Micronesia"
2024-05-29T17:32:43.825Z,33.1079,141.9007,18.574,4.5,mb,"269 km SSE of Katsuura, Japan"
2024-05-29T17:14:58.129Z,32.3127,137.564,392.698,5.5,mww,"210 km SE of Kushimoto, Japan"
2024-05-29T16:54:01.262Z,2.7227,95.6187,10,4.6,mb,"88 km WNW of Sinabang, Indonesia"
2024-05-29T13:13:27.000Z,23.527,94.6623,97.552,5.4,mww,"29 km ESE of Mawlaik, Myanmar"
2024-05-29T11:56:32.333Z,-21.7953,-68.6763,125.131,4.5,mb,"76 km SW of Ollagüe, Chile"
2024-05-29T09:59:37.883Z,-3.6445,-103.036,10,4.5,mb,central East Pacific Rise
2024-05-29T05:08:24.583Z,-37.2732,-94.1602,10,4.5,mb,West Chile Rise
2024-05-29T02:12:08.658Z,-7.2459,129.0251,156.747,4.5,mb,"264 km ENE of Lospalos, Timor Leste"
2024-05-29T01:56:21.063Z,-19.4706,-176.6885,282.309,4.6,mb,"237 km NW of Houma, Tonga"
2024-05-29T01:43:36.342Z,47.441,155.9995,10,4.5,mb,east of the Kuril Islands
2024-05-29T01:04:39.010Z,-7.0192,129.9608,124.386,4.7,mb,"Kepulauan Babar, Indonesia"
2024-05-28T23:45:09.522Z,-20.3947,-176.292,261.252,4.5,mb,"134 km NW of Houma, Tonga"
2024-05-28T22:02:37.989Z,-15.1301,-173.5833,10,5,mb,"94 km NNE of Hihifo, Tonga"
2024-05-28T21:46:17.675Z,-5.2209,151.9431,60.26,4.5,mb,"103 km SSW of Kokopo, Papua New Guinea"
2024-05-28T17:18:28.350Z,10.7765,-42.7582,10,4.7,mb,northern Mid-Atlantic Ridge
2024-05-28T16:01:28.113Z,10.983,125.438,108.443,4.6,mb,"15 km SSE of Balangiga, Philippines"
2024-05-28T15:19:12.192Z,-25.5483,179.7695,493.577,4.9,mb,south of the Fiji Islands
2024-05-28T13:54:07.332Z,-5.2963,145.6532,89.829,4.8,mb,"16 km WSW of Madang, Papua New Guinea"
2024-05-28T13:53:48.608Z,-23.026,-177.221,168.257,4.9,mb,"285 km SW of Houma, Tonga"
2024-05-28T13:14:36.659Z,5.4185,126.4129,10.542,4.6,mb,"101 km ESE of Caburan, Philippines"
2024-05-28T12:08:11.026Z,-8.2027,119.674,192.524,4.5,mb,"40 km NW of Labuan Bajo, Indonesia"
2024-05-28T11:52:40.252Z,2.8091,95.6066,21,5.7,mww,"93 km WNW of Sinabang, Indonesia"
2024-05-28T05:50:55.225Z,-22.0007,-179.45,585.95,4.5,mb,south of the Fiji Islands
2024-05-28T05:42:10.917Z,13.7005,120.5574,81.207,4.6,mb,"16 km SSW of Calatagan, Philippines"
2024-05-28T03:02:01.954Z,-42.6251,86.6192,10,4.5,mb,southeast Indian Ridge
2024-05-28T01:58:53.167Z,8.9347,126.2732,65.872,4.5,mb,"1 km W of Bacolod, Philippines"
2024-05-28T01:31:35.135Z,0.6152,125.9548,41.858,4.5,mb,"129 km SE of Bitung, Indonesia"
2024-05-28T01:23:48.207Z,-3.387,153.0036,241.824,4.7,mb,"129 km NE of Rabaul, Papua New Guinea"
2024-05-28T00:44:53.312Z,24.089,142.7477,35,4.5,mb,"Volcano Islands, Japan region"
2024-05-27T20:39:23.460Z,-10.0713,111.3396,10,4.5,mb,"224 km S of Trenggalek, Indonesia"
2024-05-27T19:55:21.330Z,-31.2804,-178.5754,53.476,4.5,mb,Kermadec Islands region
2024-05-27T19:53:57.681Z,-10.2431,111.4012,10,5,mww,"241 km SSW of Boyolangu, Indonesia"
2024-05-27T15:26:45.212Z,6.3587,70.4316,10,4.6,mb,"293 km W of Kulhudhuffushi, Maldives"
2024-05-27T15:18:49.268Z,-22.5201,171.2607,10,4.7,mb,southeast of the Loyalty Islands
2024-05-27T10:39:17.621Z,28.2065,100.6462,10,4.5,mb,"41 km N of Yongning, China"
2024-05-27T10:37:11.374Z,28.1289,100.5735,10,4.8,mb,"34 km NNW of Yongning, China"
2024-05-27T09:48:17.793Z,2.3003,128.6869,32.542,4.6,mb,"98 km NE of Tobelo, Indonesia"
2024-05-27T09:34:15.227Z,-13.4647,-112.253,10,4.5,mb,central East Pacific Rise
2024-05-27T08:25:36.603Z,28.1464,100.523,10,4.7,mb,"37 km NNW of Yongning, China"
2024-05-27T08:22:46.349Z,-13.4724,-111.9667,10,4.5,mb,central East Pacific Rise
2024-05-27T07:31:54.807Z,-15.7573,-173.9617,76.956,4.5,mb,"28 km NW of Hihifo, Tonga"
2024-05-27T05:28:32.827Z,0.9649,126.2895,55.361,4.5,mb,"123 km W of Ternate, Indonesia"
2024-05-27T05:12:32.717Z,6.6912,-73.0834,159.324,4.6,mb,"4 km SSE of Jordán, Colombia"
2024-05-27T04:25:55.429Z,-44.7433,36.7083,10,4.5,mb,Prince Edward Islands region
2024-05-27T03:07:11.247Z,28.232,100.6748,10,5.1,mww,"44 km N of Yongning, China"
2024-05-27T01:51:16.226Z,-7.0611,155.5707,52.998,5.2,mb,"82 km S of Panguna, Papua New Guinea"
2024-05-27T00:47:30.659Z,52.3248,157.6272,125.315,5.2,mww,"82 km SSW of Paratunka, Russia"
2024-05-27T00:12:36.519Z,54.6812,-156.7344,25.1,4.6,mb,"205 km SE of Perryville, Alaska"
2024-05-26T21:47:47.612Z,-21.1889,-173.7078,10,5,mb,"130 km E of ‘Ohonua, Tonga"
2024-05-26T20:47:12.057Z,-19.3431,-174.841,137,6.6,mww,"70 km NW of Fangale’ounga, Tonga"
2024-05-26T17:31:03.370Z,-2.7955,129.3514,10,4.5,mb,"70 km NE of Masohi, Indonesia"
2024-05-26T17:10:11.854Z,-3.3531,145.4635,10,4.5,mb,"173 km ENE of Angoram, Papua New Guinea"
2024-05-26T15:15:12.095Z,36.7746,27.0205,152.09,4.5,mb,"6 km ENE of Kéfalos, Greece"
2024-05-26T14:24:09.824Z,-24.1843,-69.2548,99.994,5.1,mwr,"130 km ESE of Antofagasta, Chile"
2024-05-26T13:42:22.621Z,-3.6562,141.3107,46.122,4.7,mb,"107 km S of Vanimo, Papua New Guinea"
2024-05-26T06:17:05.451Z,-54.7506,-130.4893,10,5.3,mww,Pacific-Antarctic Ridge
2024-05-26T04:37:10.845Z,8.4976,-82.9655,10,4.6,mb,"14 km WSW of Canoas, Costa Rica"
2024-05-26T04:13:40.619Z,-15.5954,-75.6114,10,4.5,mb,"54 km WSW of San Juan, Peru"
2024-05-26T03:59:18.675Z,6.137,125.8919,147.769,4.7,mb,"21 km E of Lapuan, Philippines"
2024-05-25T22:23:15.997Z,-17.1173,167.8706,22,6.3,mww,"83 km NW of Port-Vila, Vanuatu"
2024-05-25T20:11:37.138Z,8.4841,-82.9421,8.724,4.8,mww,"12 km WNW of Progreso, Panama"
2024-05-25T18:59:01.614Z,-7.0924,117.1591,607.927,4.8,mb,"150 km NNW of Pototano, Indonesia"
2024-05-25T15:55:35.442Z,36.1015,140.0475,66.298,4.8,mww,"7 km ESE of Ishige, Japan"
2024-05-25T15:06:59.686Z,33.3973,141.1516,40.079,4.7,mb,"208 km SSE of Katsuura, Japan"
2024-05-25T12:36:43.604Z,12.8248,123.4698,26.415,4.7,mb,"16 km SW of Dangcalan, Philippines"
2024-05-25T12:02:47.476Z,-37.9524,-74.0244,11.335,4.7,mwr,"50 km SW of Lebu, Chile"
2024-05-25T11:52:45.726Z,-4.8063,133.8863,10,4.5,mb,"155 km NE of Tual, Indonesia"
2024-05-25T08:24:37.209Z,-15.7127,-172.9963,10,4.5,mb,"89 km ENE of Hihifo, Tonga"
2024-05-25T08:08:58.450Z,56.1888,163.5596,29.395,5.1,mb,"67 km E of Ust’-Kamchatsk Staryy, Russia"
2024-05-25T07:52:08.083Z,-27.624,-67.7416,136.943,4.5,mb,"13 km WNW of Fiambalá, Argentina"
2024-05-25T07:37:17.629Z,1.1293,126.3869,11.972,5,mb,"117 km WNW of Ternate, Indonesia"
2024-05-25T05:55:51.773Z,0.798,131.7068,10,4.8,mb,"175 km NE of Waisai, Indonesia"
2024-05-25T04:33:10.910Z,-5.6934,154.3912,107.447,4.9,mww,"139 km WNW of Panguna, Papua New Guinea"
2024-05-25T02:49:43.242Z,30.1346,-42.6874,10,5.1,mww,northern Mid-Atlantic Ridge
2024-05-25T02:20:08.454Z,2.3711,126.7089,49.516,4.8,mb,"161 km WNW of Tobelo, Indonesia"
2024-05-25T00:10:13.365Z,3.7167,94.8911,23.38,4.9,mb,"145 km WSW of Meulaboh, Indonesia"
2024-05-24T23:31:30.328Z,19.2696,145.6571,152.647,4.5,mb,"Maug Islands region, Northern Mariana Islands"
2024-05-24T22:51:20.757Z,-1.2499,134.9942,30.066,4.7,mb,"95 km ENE of Ransiki, Indonesia"
2024-05-24T21:02:28.488Z,26.407,129.9169,10,4.5,mb,"165 km SE of Wadomari, Japan"
2024-05-24T17:17:25.979Z,-55.7802,-26.1793,10,4.6,mb,South Sandwich Islands region
2024-05-24T17:07:12.173Z,24.1915,121.7115,35.281,4.6,mwr,"26 km NNE of Hualien City, Taiwan"
2024-05-24T15:51:29.453Z,-1.7121,151.7671,10,5,mb,"144 km NE of Kavieng, Papua New Guinea"
2024-05-24T14:54:26.958Z,-5.7362,27.1482,10,4.6,mb,"42 km SSE of Kongolo, Democratic Republic of the Congo"
2024-05-24T13:58:50.613Z,56.6516,117.3103,15.443,4.8,mww,"63 km WSW of Novaya Chara, Russia"
2024-05-24T09:58:47.872Z,-9.8225,-74.5187,10,4.9,mb,"54 km ESE of Yuyapichis, Peru"
2024-05-24T07:16:43.619Z,53.5778,-163.4485,13.862,4.5,mwr,"142 km S of False Pass, Alaska"
2024-05-24T06:19:26.680Z,23.2152,143.8244,36.948,4.9,mb,"Volcano Islands, Japan region"
2024-05-24T05:25:51.834Z,-24.3836,-176.7516,108.591,4.6,mb,south of the Fiji Islands
2024-05-24T05:13:49.751Z,6.2666,-82.5111,10,5.1,mww,"199 km SSE of Burica, Panama"
2024-05-24T04:02:44.834Z,-6.0763,150.5682,35,4.5,mb,"75 km SE of Kimbe, Papua New Guinea"
2024-05-24T01:11:24.070Z,-48.1394,99.0371,10,4.6,mb,southeast Indian Ridge
2024-05-24T00:50:43.283Z,14.8896,147.1773,10,4.5,mb,"157 km ESE of Saipan, Northern Mariana Islands"
2024-05-23T23:25:13.007Z,-3.8331,101.7888,63.19,4.5,mb,"53 km W of Bengkulu, Indonesia"
2024-05-23T22:07:57.052Z,-65.2093,179.3282,10,4.5,mb,Balleny Islands region
2024-05-23T17:09:18.648Z,-24.2791,-67.1234,170.451,4.5,mb,"81 km W of San Antonio de los Cobres, Argentina"
2024-05-23T17:07:30.637Z,27.192,53.6491,8.617,5.1,mb,"71 km SW of Gerāsh, Iran"
2024-05-23T16:34:45.934Z,-11.3852,66.4381,10,4.7,mb,Mid-Indian Ridge
2024-05-23T15:47:20.012Z,-31.2977,-177.555,10,4.6,mb,Kermadec Islands region
2024-05-23T14:43:30.478Z,-31.3313,-178.9907,102.226,4.6,mb,Kermadec Islands region
2024-05-23T14:30:12.278Z,41.7961,82.4921,10,4.8,mb,"37 km WNW of Kuqa, China"
2024-05-23T11:37:55.517Z,-4.8826,133.3798,10,4.5,mb,"107 km NE of Tual, Indonesia"
2024-05-23T11:27:02.721Z,-37.1121,47.7015,10,5.6,mww,Southwest Indian Ridge
2024-05-23T10:59:58.326Z,43.1538,145.4923,50.244,4.6,mb,"20 km SSW of Nemuro, Japan"
2024-05-23T10:49:59.715Z,5.4521,61.6896,10,5.5,mww,Carlsberg Ridge
2024-05-23T08:15:16.821Z,13.153,-87.6981,203.567,4.6,mb,"16 km SSW of Amapala, Honduras"
2024-05-23T06:55:12.923Z,-37.8152,-94.0008,10,4.7,mb,West Chile Rise
2024-05-23T04:46:48.491Z,-56.6846,-27.316,170.028,4.6,mb,South Sandwich Islands region
2024-05-23T04:19:00.764Z,-6.2348,147.7405,90.235,5,mb,"37 km NNW of Finschhafen, Papua New Guinea"
2024-05-22T23:11:44.928Z,27.0435,143.714,10,4.8,mb,"Bonin Islands, Japan region"
2024-05-22T21:00:32.928Z,-1.7736,151.7497,10,4.7,mb,"138 km NE of Kavieng, Papua New Guinea"
2024-05-22T16:38:53.390Z,-15.3468,-70.2576,223.888,4.6,mb,"5 km SW of Calapuja, Peru"
2024-05-22T15:44:58.156Z,-17.2765,-172.0009,10,5.1,mb,"241 km SE of Hihifo, Tonga"
2024-05-22T13:19:38.931Z,36.4057,71.0783,226.131,4.6,mb,"51 km SW of Ashkāsham, Afghanistan"
2024-05-22T12:46:11.155Z,-33.0163,-179.9327,111.245,4.5,mb,south of the Kermadec Islands
2024-05-22T12:42:03.962Z,18.8165,145.4275,215.041,4.6,mb,"Pagan region, Northern Mariana Islands"
2024-05-22T09:42:08.002Z,-19.8618,-177.9009,559.314,4.5,mb,Fiji region
2024-05-22T09:28:35.301Z,-6.3321,147.2199,69.148,4.5,mb,"49 km NNE of Lae, Papua New Guinea"
2024-05-22T08:47:15.227Z,10.2251,125.8314,55.244,4.5,mb,"31 km ESE of Tubajon, Philippines"
2024-05-22T08:44:13.991Z,2.5004,-79.0534,10,4.7,mb,"66 km W of Mosquera, Colombia"
2024-05-22T08:00:40.725Z,23.7696,121.7699,10,5.2,mww,"28 km SE of Hualien City, Taiwan"
2024-05-22T05:49:12.684Z,0.1267,123.6754,127.916,5,mww,"81 km ESE of Gorontalo, Indonesia"
2024-05-22T05:34:19.975Z,2.5123,-79.0178,10,5,mww,"63 km W of Mosquera, Colombia"
2024-05-22T05:27:03.019Z,2.5846,95.8545,10,4.6,mb,"59 km W of Sinabang, Indonesia"
2024-05-22T04:55:38.967Z,-59.4571,-25.894,35,4.6,mb,South Sandwich Islands region
2024-05-22T04:51:26.691Z,4.1934,-79.0209,10,4.5,mb,"183 km W of Santa Genoveva de Docordó, Colombia"
2024-05-22T04:23:10.100Z,3.7722,63.6618,10,4.6,mb,Carlsberg Ridge
2024-05-22T00:18:26.690Z,20.1069,121.4116,36.192,4.6,mb,"69 km WSW of Basco, Philippines"
2024-05-21T21:44:34.631Z,-55.8363,-27.375,69.506,4.8,mb,South Sandwich Islands region
2024-05-21T21:38:26.146Z,-21.5171,-173.2809,10,4.6,mb,"174 km E of ‘Ohonua, Tonga"
2024-05-21T21:24:46.002Z,-31.6301,-178.1283,10,4.6,mb,Kermadec Islands region
2024-05-21T19:41:14.566Z,-24.0972,-177.2188,9.678,4.5,mb,south of the Fiji Islands
2024-05-21T15:42:12.970Z,-31.6498,-177.9192,10,4.6,mb,Kermadec Islands region
2024-05-21T12:58:20.486Z,-22.3925,170.3995,10,4.9,mb,"276 km ESE of Tadine, New Caledonia"
2024-05-21T11:09:53.344Z,-54.9581,-129.7333,10,5.3,mb,Pacific-Antarctic Ridge
2024-05-21T09:50:43.066Z,-12.0892,167.2764,248.263,5.4,mww,"199 km N of Sola, Vanuatu"
2024-05-21T09:16:47.674Z,24.632,122.7141,102.321,4.6,mb,"34 km WNW of Yonakuni, Japan"
2024-05-21T08:31:56.954Z,-2.2033,138.2031,22.062,5.3,mww,"261 km ESE of Biak, Indonesia"
2024-05-21T08:21:10.007Z,-21.9443,-68.479,106.413,5,mww,"72 km NE of Calama, Chile"
2024-05-21T04:37:21.153Z,23.261,143.8117,34.358,4.7,mb,"Volcano Islands, Japan region"
2024-05-21T04:28:31.161Z,18.9087,121.0998,35,4.7,mb,"33 km N of Claveria, Philippines"
2024-05-21T03:35:59.152Z,-6.3098,147.3092,57,5.7,mww,"57 km NE of Lae, Papua New Guinea"
2024-05-21T02:43:10.935Z,-3.7141,-79.6819,84.173,5.1,mww,"3 km S of Piñas, Ecuador"
2024-05-21T02:30:42.857Z,58.6726,-145.611,12.727,4.5,mb,"206 km SE of Chenega, Alaska"
2024-05-21T00:53:59.757Z,-4.9066,103.0257,64.18,4.9,mb,"100 km SSW of Pagar Alam, Indonesia"
2024-05-21T00:39:39.428Z,26.1908,141.52,59.788,5.4,mww,"Bonin Islands, Japan region"
2024-05-20T23:53:50.675Z,-14.9188,-70.2464,227.361,5.1,mww,"5 km WSW of Azángaro, Peru"
2024-05-20T22:58:47.346Z,23.395,143.7174,28.474,4.6,mb,"Volcano Islands, Japan region"
2024-05-20T21:42:00.365Z,-21.4249,-179.3034,610.133,4.7,mb,Fiji region
2024-05-20T21:27:00.745Z,33.4911,81.7564,10,4.7,mb,western Xizang
2024-05-20T20:34:41.367Z,36.4966,70.3846,196.386,4.5,mb,"47 km E of Farkhār, Afghanistan"
2024-05-20T20:31:53.672Z,23.2625,143.6561,35.164,4.5,mb,"Volcano Islands, Japan region"
2024-05-20T19:42:15.945Z,-8.9412,112.6283,88.44,5,mww,"81 km S of Dampit, Indonesia"
2024-05-20T19:31:06.682Z,-29.2273,-177.199,35,4.9,mb,"Kermadec Islands, New Zealand"
2024-05-20T17:23:41.557Z,-14.5901,-73.7358,83.355,4.5,mb,"30 km NE of Tambo, Peru"
2024-05-20T16:34:21.043Z,4.583,126.8745,71.239,4.5,mb,"180 km ESE of Sarangani, Philippines"
2024-05-20T16:31:07.554Z,-23.1409,172.2116,10,4.6,mb,southeast of the Loyalty Islands
2024-05-20T13:42:24.141Z,-7.7527,106.4882,44.223,4.8,mb,"84 km S of Pelabuhanratu, Indonesia"
2024-05-20T12:57:34.616Z,-50.0868,119.8974,10,4.8,mb,western Indian-Antarctic Ridge
2024-05-20T12:47:46.787Z,-55.8758,-26.5774,71.22,4.6,mb,South Sandwich Islands region
2024-05-20T07:17:17.588Z,15.5891,-95.4094,8.326,4.9,mww,"52 km SSE of Santiago Astata, Mexico"
2024-05-20T06:48:12.999Z,17.7268,-101.1025,28.621,4.6,mb,"27 km NE of Petatlán, Mexico"
2024-05-20T05:10:23.334Z,40.1736,76.9561,29.068,5.1,mww,"113 km NE of Kashgar, China"
2024-05-19T22:53:03.215Z,-57.7049,-25.2221,36.265,5,mb,South Sandwich Islands region
2024-05-19T21:50:01.503Z,48.1357,153.0712,147.948,4.9,mb,Kuril Islands
2024-05-19T21:17:12.130Z,9.443,126.0766,64.604,4.6,mb,"16 km ENE of Carrascal, Philippines"
2024-05-19T19:59:10.854Z,52.1969,-170.8704,45.558,4.5,mb,"159 km WSW of Nikolski, Alaska"
2024-05-19T18:31:00.300Z,10.711,-65.6449,10,4.6,mww,"55 km ENE of Higuerote, Venezuela"
2024-05-19T18:30:04.343Z,-6.371,147.2559,64.474,5.3,mww,"48 km NE of Lae, Papua New Guinea"
2024-05-19T16:57:28.683Z,2.3173,128.5835,38.666,4.7,mb,"91 km NE of Tobelo, Indonesia"
2024-05-19T15:33:24.713Z,30.4627,-41.8865,10,4.8,mb,northern Mid-Atlantic Ridge
2024-05-19T11:21:16.140Z,52.2022,-170.8786,36.247,5,mwr,"159 km WSW of Nikolski, Alaska"
2024-05-19T11:12:40.094Z,-20.0767,169.3566,120.094,4.8,mb,"59 km S of Isangel, Vanuatu"
2024-05-19T09:39:41.881Z,17.58,-104.5705,10,5.2,mww,"148 km SW of La Placita de Morelos, Mexico"
2024-05-19T09:35:24.660Z,52.0681,-170.9122,28,6,mww,"169 km SW of Nikolski, Alaska"
2024-05-19T06:20:02.717Z,-31.1348,-178.7679,92.197,4.5,mb,Kermadec Islands region
2024-05-19T06:17:28.672Z,-15.0367,168.1975,10.194,4.8,mb,"120 km E of Port-Olry, Vanuatu"
2024-05-19T05:08:35.238Z,-10.2074,161.102,90.363,4.5,mb,"93 km WNW of Kirakira, Solomon Islands"
2024-05-19T05:01:37.363Z,-31.4128,-178.9068,10,4.8,mb,Kermadec Islands region
2024-05-19T02:31:21.777Z,85.2392,12.0151,10,5.5,mww,north of Svalbard
2024-05-18T23:57:41.081Z,-55.8986,-123.3012,10,5.9,mww,southern East Pacific Rise
2024-05-18T22:40:38.815Z,14.3959,-92.9075,29.359,4.8,mww,"63 km SW of Puerto Madero, Mexico"
2024-05-18T21:55:25.255Z,-6.0889,130.6375,132.17,4.5,mb,"239 km WSW of Tual, Indonesia"
2024-05-18T19:38:47.929Z,36.355,76.9233,10.415,4.6,mb,"157 km S of Damusi, China"
2024-05-18T17:21:27.371Z,-31.3468,-179.032,10,4.5,mb,Kermadec Islands region
2024-05-18T16:59:34.898Z,-64.6635,177.7606,10,4.5,mb,Balleny Islands region
2024-05-18T16:56:52.748Z,-37.2201,-95.1294,10,4.5,mb,southeast of Easter Island
2024-05-18T15:37:59.015Z,-61.7157,167.0447,10,4.6,mb,Balleny Islands region
2024-05-18T14:04:43.532Z,-3.8452,152.1304,4,5.7,mww,"39 km N of Rabaul, Papua New Guinea"
2024-05-18T09:41:52.702Z,-23.4713,-179.7782,546.598,4.5,mb,south of the Fiji Islands
2024-05-18T06:26:09.996Z,3.838,122.9135,524.072,5.5,mww,"267 km SSE of Tabiauan, Philippines"
2024-05-18T05:54:35.947Z,-5.268,142.3025,128.676,4.5,mb,"95 km NW of Tari, Papua New Guinea"
2024-05-18T04:18:31.086Z,-35.1323,-15.6706,10,4.8,mb,Tristan da Cunha region
2024-05-18T03:06:55.445Z,-14.5083,94.82,10,5.2,mb,South Indian Ocean
2024-05-18T02:03:05.536Z,-23.2017,171.2103,10,4.5,mb,southeast of the Loyalty Islands
2024-05-18T01:41:50.785Z,-59.8411,-26.2402,47.108,5,mb,South Sandwich Islands region
2024-05-18T01:37:20.764Z,46.4463,-27.3563,10,4.5,mb,northern Mid-Atlantic Ridge
2024-05-18T00:55:45.225Z,35.8212,140.9919,20.12,4.5,mb,"17 km NE of Hasaki, Japan"
2024-05-17T23:57:24.827Z,-17.8971,169.3604,10,4.5,mb,"112 km E of Port-Vila, Vanuatu"
2024-05-17T21:46:48.718Z,-10.9243,162.2621,10,4.7,mb,"64 km SE of Kirakira, Solomon Islands"
2024-05-17T21:45:33.541Z,6.21,126.6856,118.059,4.5,mb,"58 km ESE of Pondaguitan, Philippines"
2024-05-17T20:58:26.824Z,-29.1155,-178.5347,191,5.8,mww,"Kermadec Islands, New Zealand"
2024-05-17T18:36:25.203Z,-15.174,168.2267,9.89,4.6,mb,"120 km ENE of Luganville, Vanuatu"
2024-05-17T17:47:36.610Z,-59.507,-25.7205,38.135,4.5,mb,South Sandwich Islands region
2024-05-17T14:13:01.398Z,-21.3927,-66.636,251.227,4.6,mb,"66 km SW of Atocha, Bolivia"
2024-05-17T13:56:12.492Z,14.4358,-92.8226,55.382,4.6,mb,"53 km SW of Puerto Madero, Mexico"
2024-05-17T07:00:36.611Z,-32.2653,-13.931,10,4.8,mb,southern Mid-Atlantic Ridge
2024-05-17T05:39:58.182Z,-32.5319,-71.8236,10,4.7,mb,"56 km W of La Ligua, Chile"
2024-05-17T03:42:00.166Z,32.5495,140.5424,70.249,4.5,mb,"277 km SSE of Tateyama, Japan"
2024-05-16T15:22:22.713Z,51.1537,-179.0904,35,4.5,mwr,"188 km WSW of Adak, Alaska"
2024-05-16T13:35:57.585Z,-36.1944,-99.2178,10,4.7,mb,southeast of Easter Island
2024-05-16T10:10:53.299Z,77.1617,8.6293,10,4.5,mb,"204 km SW of Longyearbyen, Svalbard and Jan Mayen"
2024-05-16T07:49:50.460Z,-3.8864,151.4682,10.622,4.5,mb,"84 km WNW of Rabaul, Papua New Guinea"
2024-05-16T07:29:20.203Z,-20.6355,-178.6315,577.572,5,mb,Fiji region
2024-05-16T06:31:36.942Z,-3.8178,151.52,10,5.4,mww,"82 km WNW of Rabaul, Papua New Guinea"
2024-05-16T05:13:54.223Z,-14.3351,-76.14,35,5.2,mww,"49 km WSW of Santiago, Peru"
2024-05-16T03:48:01.274Z,-7.1123,148.4382,10,5.2,mww,"89 km SE of Finschhafen, Papua New Guinea"
2024-05-16T02:39:11.449Z,-14.526,-76.2206,24.989,4.8,mb,"66 km SW of Santiago, Peru"
2024-05-16T01:31:45.893Z,23.2938,143.7077,34.671,4.5,mb,"Volcano Islands, Japan region"
2024-05-16T00:55:02.314Z,-59.6437,-25.7753,29.828,4.6,mb,South Sandwich Islands region
2024-05-15T22:14:19.887Z,-26.3976,-11.3766,10,5.3,mb,southern Mid-Atlantic Ridge
2024-05-15T20:38:37.785Z,-36.7925,78.5648,10,5.2,mww,Mid-Indian Ridge
2024-05-15T20:19:30.355Z,-58.0188,-25.5947,69.444,4.6,mb,South Sandwich Islands region
2024-05-15T19:03:31.779Z,38.9173,70.8947,10,4.5,mb,"46 km ESE of Rasht, Tajikistan"
2024-05-15T17:39:42.621Z,-22.6395,-176.4927,72.556,4.5,mb,"203 km SW of Houma, Tonga"
2024-05-15T14:56:14.302Z,-57.205,-66.9783,10,4.5,mb,"279 km SSE of Ushuaia, Argentina"
2024-05-15T12:42:45.697Z,34.5907,26.3409,45.963,4.5,mb,"67 km S of Palekastro, Greece"
2024-05-15T10:06:49.073Z,17.4609,122.5693,10,4.5,mb,"45 km NNE of Dicabisagan, Philippines"
2024-05-15T09:49:01.876Z,14.4974,147.0027,10,4.7,mb,"155 km ESE of Saipan, Northern Mariana Islands"
2024-05-15T09:42:55.032Z,-5.7174,106.7857,258.545,4.9,mb,"45 km NNE of Teluknaga, Indonesia"
2024-05-15T07:33:25.922Z,-27.8662,-13.4592,10,4.7,mb,southern Mid-Atlantic Ridge
2024-05-15T06:45:59.912Z,-18.2071,-174.3255,109.032,5,mww,"61 km NW of Neiafu, Tonga"
2024-05-15T01:41:04.229Z,-28.1438,-177.2764,71.129,5.1,mb,Kermadec Islands region
2024-05-15T01:18:23.634Z,-15.3984,-172.5033,10,4.5,mb,"151 km ENE of Hihifo, Tonga"
2024-05-15T00:30:11.410Z,19.2698,-67.4235,7,5.6,ml,"92 km NNW of San Antonio, Puerto Rico"
2024-05-14T20:03:48.429Z,-16.3759,178.0824,10,4.6,mb,"135 km NNE of Ba, Fiji"
2024-05-14T17:15:48.751Z,-5.6475,150.1558,121.182,5.6,mww,"10 km S of Kimbe, Papua New Guinea"
2024-05-14T16:42:54.251Z,-54.8177,-129.4015,10,5.1,mb,Pacific-Antarctic Ridge
2024-05-14T15:43:51.877Z,-54.8458,-129.5199,10,5.1,mb,Pacific-Antarctic Ridge
2024-05-14T15:32:05.132Z,-54.7132,-129.6789,10,4.6,mb,Pacific-Antarctic Ridge
2024-05-14T15:24:41.932Z,-54.7033,-129.9124,10,4.6,mb,Pacific-Antarctic Ridge
2024-05-14T15:09:28.296Z,-54.7488,-129.3987,10,5.3,mb,Pacific-Antarctic Ridge
2024-05-14T15:07:59.923Z,-54.8785,-129.1774,10,5.6,mww,Pacific-Antarctic Ridge
2024-05-14T13:58:59.820Z,-15.7289,167.7039,143.117,4.8,mww,"49 km NE of Norsup, Vanuatu"
2024-05-14T13:52:54.145Z,-16.0311,-172.4059,10,4.6,mb,"149 km E of Hihifo, Tonga"
2024-05-14T13:49:46.975Z,52.9244,-170.226,83.688,4.6,mww,"91 km W of Nikolski, Alaska"
2024-05-14T13:41:30.649Z,-2.6412,122.0899,10,4.6,mb,"155 km NNW of Kendari, Indonesia"
2024-05-14T11:55:38.104Z,-4.2769,143.1407,90.705,4.5,mb,"36 km E of Ambunti, Papua New Guinea"
2024-05-14T09:54:17.372Z,-6.2222,147.8513,66.797,4.5,mb,"37 km N of Finschhafen, Papua New Guinea"
2024-05-14T09:38:14.328Z,-30.3569,-177.7963,38.627,4.6,mb,"Kermadec Islands, New Zealand"
2024-05-14T08:11:10.486Z,-8.2223,115.9724,22.776,5.3,mww,"15 km NNW of Gili Trawangan, Indonesia"
2024-05-14T03:18:37.428Z,-28.6811,-71.6906,25.762,4.9,mww,"91 km W of Vallenar, Chile"
2024-05-14T03:00:35.837Z,-4.6609,-77.6581,10,4.5,mb,"110 km W of Barranca, Peru"
2024-05-14T02:09:11.679Z,23.1694,143.829,10,4.7,mb,"Volcano Islands, Japan region"
2024-05-13T22:11:33.438Z,-46.9485,33.3381,10,4.6,mb,Prince Edward Islands region
2024-05-13T21:06:17.137Z,-15.6889,168.7958,9.966,4.5,mb,"154 km ENE of Lakatoro, Vanuatu"
2024-05-13T19:03:08.365Z,23.3153,143.8503,10,4.9,mb,"Volcano Islands, Japan region"
2024-05-13T18:26:10.528Z,7.5865,126.1583,15.302,4.6,mb,"3 km ESE of Bantacan, Philippines"
2024-05-13T17:24:04.144Z,-21.1679,-179.5013,624.089,4.6,mb,Fiji region
2024-05-13T17:05:52.301Z,-27.8799,-176.6139,35,4.8,mb,Kermadec Islands region
2024-05-13T14:13:13.109Z,-10.1196,-74.6709,11.139,4.8,mb,"63 km SSE of Yuyapichis, Peru"
2024-05-13T14:08:34.505Z,-7.6085,123.6003,272.778,4.9,mww,"189 km NE of Maumere, Indonesia"
2024-05-13T12:32:35.961Z,-5.7461,148.6439,173.22,5.2,mww,"112 km WNW of Kandrian, Papua New Guinea"
2024-05-13T10:28:35.871Z,6.7651,127.0523,10,4.5,mb,"73 km ESE of San Ignacio, Philippines"
2024-05-13T09:18:49.451Z,-35.3881,-73.2882,10,5.2,mww,"79 km W of Constitución, Chile"
2024-05-13T06:42:29.481Z,-5.801,112.5206,10,4.8,mb,"120 km N of Paciran, Indonesia"
2024-05-13T03:03:39.071Z,-37.225,52.3954,10,4.8,mb,South Indian Ocean
2024-05-13T02:46:59.932Z,-3.9577,-103.7629,10,5.3,mww,central East Pacific Rise
2024-05-13T01:28:45.846Z,1.2794,-30.5763,10,4.8,mb,central Mid-Atlantic Ridge
2024-05-13T00:28:13.427Z,0.9271,123.8264,274.091,5.3,mww,"85 km NW of Modisi, Indonesia"
2024-05-13T00:24:49.483Z,-11.6074,165.2327,10,5.1,mww,"115 km SSW of Lata, Solomon Islands"
2024-05-12T21:36:09.854Z,5.2858,36.7419,10,4.9,mb,"41 km SSE of Jinka, Ethiopia"
2024-05-12T19:04:00.050Z,32.4115,-115.247,11.21,4.58,mw,"8 km NW of Delta, B.C., MX"
2024-05-12T18:43:22.490Z,-31.4942,-178.4799,40,5.8,mww,Kermadec Islands region
2024-05-12T18:22:42.200Z,32.4246667,-115.2405,8.49,4.86,mw,"9 km NNW of Delta, B.C., MX"
2024-05-12T11:54:36.152Z,-21.528,-179.1389,608.963,4.7,mb,Fiji region
2024-05-12T11:39:12.718Z,14.4264,-92.4617,61.91,6.4,mww,"28 km WSW of Brisas Barra de Suchiate, Mexico"
2024-05-12T11:02:26.478Z,56.1345,160.8277,144.194,4.8,mb,"20 km S of Klyuchi, Russia"
2024-05-12T10:19:08.246Z,11.8345,-73.492,10,4.9,mb,"65 km NNW of Dibulla, Colombia"
2024-05-12T09:58:17.186Z,17.6047,145.8154,209.841,4.5,mb,"264 km N of Saipan, Northern Mariana Islands"
2024-05-12T09:55:27.774Z,18.6732,-106.2263,10,4.5,mb,"154 km WSW of Emiliano Zapata, Mexico"
2024-05-12T06:31:50.341Z,-28.3573,-179.7431,419.226,4.8,mb,Kermadec Islands region
2024-05-12T04:20:55.933Z,13.0482,51.1958,10,4.5,mb,"128 km NNE of Caluula, Somalia"
2024-05-12T04:01:01.368Z,-33.4303,179.7844,126.608,4.6,mb,south of the Kermadec Islands
2024-05-12T03:26:20.091Z,-30.039,-177.9539,50.745,5.4,mb,"Kermadec Islands, New Zealand"
2024-05-12T01:01:01.671Z,11.8046,-73.5013,10,4.6,mb,"62 km NNW of Dibulla, Colombia"
2024-05-12T00:10:49.017Z,11.8698,-86.291,157.253,4.7,mb,"5 km WNW of Diriamba, Nicaragua"
2024-05-12T00:09:22.568Z,-18.8082,168.8302,127.036,4.5,mb,"94 km NNW of Isangel, Vanuatu"
2024-05-11T22:56:30.598Z,-27.1084,-175.8781,10,4.5,mb,Kermadec Islands region
2024-05-11T18:27:04.310Z,-15.107,168.0905,10,5.1,mww,"109 km ENE of Luganville, Vanuatu"
2024-05-11T13:21:52.546Z,38.864,48.7298,65.131,4.9,mb,"7 km SSE of Boradigah, Azerbaijan"
2024-05-11T11:49:57.801Z,-19.2765,-176.176,10,4.9,mb,"200 km WNW of Pangai, Tonga"
2024-05-11T10:58:54.276Z,51.9146,-175.8621,54.348,4.9,mb,"53 km E of Adak, Alaska"
2024-05-11T10:26:36.534Z,27.2699,53.5842,10,4.8,mb,"70 km SW of Gerāsh, Iran"
2024-05-11T05:16:02.695Z,23.8488,121.6454,14.668,4.6,mwr,"14 km SSE of Hualien City, Taiwan"
2024-05-11T03:37:34.199Z,52.6532,158.92,81.146,4.5,mb,"46 km SE of Vilyuchinsk, Russia"
2024-05-11T03:30:27.079Z,-34.7058,-108.2212,10,4.5,mb,southern East Pacific Rise
2024-05-11T03:02:16.444Z,1.1007,126.8344,80.751,4.9,mb,"70 km WNW of Ternate, Indonesia"
2024-05-11T02:10:56.467Z,-55.6575,-27.0541,35,4.6,mb,South Sandwich Islands region
2024-05-11T01:53:05.660Z,59.8256,-152.8559,98.7,4.8,mww,"57 km W of Anchor Point, Alaska"
2024-05-11T00:47:16.033Z,41.6969,144.3234,11.196,5,mb,"107 km SE of Hiroo, Japan"
2024-05-11T00:26:41.008Z,-10.9143,164.1582,10,4.5,mb,"180 km W of Lata, Solomon Islands"
2024-05-10T23:36:55.954Z,11.5939,145.3601,10,4.5,mb,"197 km SSE of Inarajan Village, Guam"
2024-05-10T22:25:37.607Z,-55.1038,-31.0764,10,4.5,mb,South Georgia Island region
2024-05-10T22:12:08.330Z,-32.7263,-178.6072,31.792,4.5,mb,south of the Kermadec Islands
2024-05-10T20:46:32.382Z,-5.2774,153.5793,47.668,4.6,mb,"178 km SE of Kokopo, Papua New Guinea"
2024-05-10T19:34:39.589Z,-8.963,113.0701,73.282,4.8,mb,"81 km SSW of Kencong, Indonesia"
2024-05-10T19:29:30.517Z,15.8282,147.1308,32.242,4.5,mb,"162 km ENE of Saipan, Northern Mariana Islands"
2024-05-10T18:53:39.894Z,-4.8521,144.6016,84.744,4.6,mb,"105 km SE of Angoram, Papua New Guinea"
2024-05-10T17:45:50.104Z,-7.1153,129.4163,117.888,4.5,mb,"Kepulauan Babar, Indonesia"
2024-05-10T15:27:37.132Z,-23.0204,-66.3305,222.815,4.5,mb,"70 km WNW of El Aguilar, Argentina"
2024-05-10T15:20:47.225Z,-3.5015,101.5725,57.076,4.9,mb,"83 km WNW of Bengkulu, Indonesia"
2024-05-10T14:19:12.269Z,-20.4672,-173.7254,10,4.8,mb,"97 km SE of Pangai, Tonga"
2024-05-10T13:19:47.022Z,-9.9638,107.8311,10,4.8,mb,"279 km SSW of Cilacap, Indonesia"
2024-05-10T12:34:49.797Z,-8.8455,-75.6017,121.125,4.5,mb,"42 km W of San Alejandro, Peru"
2024-05-10T11:48:41.811Z,-5.1446,151.8374,42,5.6,mww,"100 km SSW of Kokopo, Papua New Guinea"
2024-05-10T10:42:46.409Z,-6.8176,155.0658,10,4.8,mb,"72 km SW of Panguna, Papua New Guinea"
2024-05-10T10:40:49.280Z,37.6151,137.6558,10,4.5,mb,"66 km NNW of Itoigawa, Japan"
2024-05-10T08:08:54.440Z,8.7467,126.152,88.163,4.5,mb,"7 km WNW of Salvacion, Philippines"
2024-05-10T07:49:28.759Z,24.2253,121.9344,5.628,4.8,mb,"43 km NE of Hualien City, Taiwan"
2024-05-10T07:45:18.196Z,24.1885,121.9049,11.296,5.8,mww,"38 km NE of Hualien City, Taiwan"
2024-05-10T06:54:09.999Z,1.6467,-30.5333,10,4.8,mb,central Mid-Atlantic Ridge
2024-05-10T01:52:24.137Z,37.2823,74.6493,35,4.5,mb,"106 km N of Barishal, Pakistan"
2024-05-10T01:45:42.279Z,-22.2137,-179.5203,584.9,4.5,mb,south of the Fiji Islands
2024-05-10T01:37:22.512Z,23.8075,121.6737,8.863,4.6,mwr,"20 km SSE of Hualien City, Taiwan"
2024-05-10T01:35:38.361Z,23.6582,121.6748,10,4.7,mwr,"36 km SSE of Hualien City, Taiwan"
2024-05-10T01:21:48.682Z,-15.0577,168.2291,10,4.9,mb,"124 km E of Port-Olry, Vanuatu"
2024-05-10T00:50:02.318Z,-14.9765,168.0491,10.384,4.9,mb,"105 km E of Port-Olry, Vanuatu"
2024-05-10T00:35:23.350Z,-2.1721,151.9087,10,4.8,mb,"131 km ENE of Kavieng, Papua New Guinea"
2024-05-09T23:07:33.436Z,-57.5098,-24.5189,10,4.6,mb,South Sandwich Islands region
2024-05-09T22:55:58.918Z,-52.9151,10.2549,10,4.7,mb,southwest of Africa
2024-05-09T22:33:30.459Z,-19.6009,-66.7011,255.98,4.5,mb,"77 km S of Challapata, Bolivia"
2024-05-09T18:43:20.033Z,-31.4696,-179.356,127.993,4.5,mb,Kermadec Islands region
2024-05-09T13:40:45.048Z,-17.7442,-69.666,142.589,4.5,mb,"31 km E of Palca, Peru"
2024-05-09T12:18:50.954Z,-23.1848,-175.5086,36.478,4.5,mb,"211 km SSW of ‘Ohonua, Tonga"
2024-05-09T06:03:33.348Z,-15.3226,67.2489,10,4.5,mb,Mid-Indian Ridge
2024-05-09T03:12:26.443Z,-24.7728,179.825,513.484,4.5,mb,south of the Fiji Islands
2024-05-09T03:08:47.801Z,-15.1826,168.0865,10,5,mb,"106 km ENE of Luganville, Vanuatu"
2024-05-09T01:38:24.667Z,-13.9821,-171.4711,10,4.7,mb,"8 km SE of Samamea, Samoa"
2024-05-09T00:08:57.961Z,-30.4322,-176.6049,10,4.7,mb,Kermadec Islands region
2024-05-08T20:54:31.806Z,-10.3854,118.268,22.427,4.5,mb,"150 km SW of Tambolaka, Indonesia"
2024-05-08T19:34:44.142Z,33.0408,131.4384,104.653,4.5,mb,"8 km NNE of Takedamachi, Japan"
2024-05-08T17:53:44.955Z,12.0071,-87.0872,51.613,4.7,mb,"52 km SSW of León, Nicaragua"
2024-05-08T15:25:26.266Z,-23.3802,170.4507,10,4.6,mb,southeast of the Loyalty Islands
2024-05-08T14:43:57.404Z,16.774,-61.6306,24.408,4.6,mwr,"32 km SSE of Falmouth, Antigua and Barbuda"
2024-05-08T14:37:49.808Z,-6.3576,103.2283,25.963,4.7,mb,"247 km WSW of Bandar Lampung, Indonesia"
2024-05-08T13:37:41.798Z,-15.2018,168.15,10,4.9,mww,"111 km ENE of Luganville, Vanuatu"
2024-05-08T12:45:04.982Z,-15.1987,168.0986,10,4.7,mb,"106 km ENE of Luganville, Vanuatu"
2024-05-08T11:51:39.375Z,-15.1049,168.1397,10,5.2,mww,"114 km ENE of Luganville, Vanuatu"
2024-05-08T11:06:20.114Z,-15.2961,168.1203,10,5.4,mb,"105 km ENE of Luganville, Vanuatu"
2024-05-08T11:04:53.235Z,-15.0851,168.1039,10,4.8,mb,"110 km E of Port-Olry, Vanuatu"
2024-05-08T10:00:58.595Z,-21.3768,-68.3443,106.573,5.2,mww,"19 km SSW of Ollagüe, Chile"
2024-05-08T09:53:15.684Z,-15.1188,168.0931,10,4.8,mb,"109 km ENE of Luganville, Vanuatu"
2024-05-08T09:14:41.850Z,-15.0907,168.166,10,4.5,mb,"117 km E of Port-Olry, Vanuatu"
2024-05-08T09:03:35.090Z,-15.0602,168.214,10,4.6,mb,"122 km E of Port-Olry, Vanuatu"
2024-05-08T08:40:44.191Z,23.6431,121.6451,15.673,4.9,mb,"37 km S of Hualien City, Taiwan"
2024-05-08T08:29:26.271Z,-15.0553,168.1585,10.243,4.9,mb,"116 km E of Port-Olry, Vanuatu"
2024-05-08T08:28:51.803Z,-14.851,168.3011,10,4.8,mb,"133 km E of Port-Olry, Vanuatu"
2024-05-08T08:25:42.144Z,-15.38,167.7958,10,4.9,mb,"69 km ENE of Luganville, Vanuatu"
2024-05-08T08:17:15.894Z,-15.1324,168.0214,19.175,6.1,mww,"101 km ENE of Luganville, Vanuatu"
2024-05-08T07:11:01.753Z,-27.158,-176.345,11.75,4.5,mb,Kermadec Islands region
2024-05-08T00:09:42.709Z,-20.4256,-175.9124,204.899,4.5,mb,"104 km NW of Houma, Tonga"
2024-05-07T23:28:24.730Z,-41.3806,-86.576,10,5,mww,West Chile Rise
2024-05-07T22:30:31.907Z,-41.3235,-84.5932,10,4.9,mww,West Chile Rise
2024-05-07T22:09:56.125Z,-9.1457,115.8631,103.998,4.7,mb,"51 km SSW of Lembar, Indonesia"
2024-05-07T21:44:15.563Z,-24.2119,-67.1366,182.146,4.6,mb,"83 km W of San Antonio de los Cobres, Argentina"
2024-05-07T20:19:31.298Z,27.0657,140.3168,451.421,4.5,mb,"Bonin Islands, Japan region"
2024-05-07T19:56:28.166Z,19.3282,120.3924,10,4.7,mb,"94 km NNW of Pagudpud, Philippines"
2024-05-07T14:34:58.484Z,-59.4499,-17.9081,10,5.6,mww,east of the South Sandwich Islands
2024-05-07T13:12:56.228Z,5.729,124.6392,50.41,5,mww,"25 km SSW of Maan, Philippines"
2024-05-07T11:58:14.879Z,18.4356,-100.7801,59.725,4.5,mb,"11 km NNE of Santa Teresa, Mexico"
2024-05-07T08:10:09.538Z,-21.7187,169.8126,10,4.7,mb,"200 km E of Tadine, New Caledonia"
2024-05-07T08:03:03.382Z,11.3088,125.7334,68.686,5,mb,"12 km E of Hernani, Philippines"
2024-05-07T07:55:57.549Z,-57.5818,-26.0531,83.706,5.1,mb,South Sandwich Islands region
2024-05-07T03:35:02.171Z,-8.4503,111.1264,95.412,4.6,mb,"62 km S of Jatiroto, Indonesia"
2024-05-07T03:05:53.836Z,-29.8732,-177.6412,35,4.5,mb,"Kermadec Islands, New Zealand"
2024-05-07T01:11:15.049Z,-6.2045,146.1498,63.484,4.5,mb,"32 km ENE of Kainantu, Papua New Guinea"
2024-05-07T00:42:26.645Z,-55.2726,-29.262,10,4.9,mb,South Sandwich Islands region
2024-05-06T23:33:42.013Z,-1.0587,120.5697,10,4.5,mb,"42 km NNW of Poso, Indonesia"
2024-05-06T20:04:16.016Z,-7.404,128.5122,152.504,4.8,mb,"207 km NE of Lospalos, Timor Leste"
2024-05-06T20:03:39.043Z,-0.4089,-4.7752,10,4.7,mb,South Atlantic Ocean
2024-05-06T18:55:43.012Z,-13.0268,166.7259,86.737,4.9,mb,"129 km NW of Sola, Vanuatu"
2024-05-06T16:03:33.297Z,-37.0866,-95.4207,10,4.6,mb,southeast of Easter Island
2024-05-06T15:32:31.412Z,0.4825,-77.5688,8.031,4.8,mww,"31 km ESE of San Gabriel, Ecuador"
2024-05-06T15:17:03.966Z,0.4474,-77.5722,4.838,4.9,mww,"32 km ESE of San Gabriel, Ecuador"
2024-05-06T15:03:51.999Z,-17.1678,-65.0802,10,4.8,mb,"20 km SSE of Chimoré, Bolivia"
2024-05-06T15:01:53.386Z,8.0283,-75.3563,54.489,4.5,mwr,"8 km NE of Montelíbano, Colombia"
2024-05-06T11:11:57.375Z,68.0292,-177.6346,9.293,5.3,mww,"201 km NNE of Egvekinot, Russia"
2024-05-06T10:38:29.556Z,-52.6116,21.28,10,4.9,mb,south of Africa
2024-05-06T09:52:45.587Z,23.7307,121.5574,28.949,5.2,mww,"27 km S of Hualien City, Taiwan"
2024-05-06T09:45:30.649Z,23.7213,121.5958,23.605,5.6,mww,"28 km S of Hualien City, Taiwan"
2024-05-06T09:31:41.846Z,-30.5893,-178.1658,10.316,4.5,mb,"Kermadec Islands, New Zealand"
2024-05-06T08:55:44.595Z,65.0053,-2.4996,10,4.5,mb,Norwegian Sea
2024-05-06T08:43:05.237Z,-22.2817,171.4797,111.36,4.5,mb,southeast of the Loyalty Islands
2024-05-06T07:37:41.356Z,-59.1777,-60.528,10,4.6,mb,Drake Passage
2024-05-06T06:30:30.333Z,-20.839,-68.8906,106.109,5,mb,"78 km WNW of Ollagüe, Chile"
2024-05-06T06:26:25.581Z,30.0676,131.0629,36.02,4.8,mb,"53 km SE of Koseda, Japan"
2024-05-06T05:10:52.873Z,-3.2428,131.0326,10,4.5,mb,"145 km WSW of Fakfak, Indonesia"
2024-05-06T02:18:30.206Z,19.234,120.4657,19.68,4.6,mb,"81 km NNW of Pagudpud, Philippines"
2024-05-06T01:03:52.751Z,-3.4156,131.0652,10,4.6,mb,"147 km WSW of Fakfak, Indonesia"
2024-05-06T00:58:40.717Z,-6.181,-106.6618,10,5,mww,central East Pacific Rise
2024-05-06T00:39:38.201Z,23.3208,143.7022,33.264,4.5,mb,"Volcano Islands, Japan region"
2024-05-05T21:59:33.340Z,-22.1475,-63.6644,521.355,4.5,mb,"14 km S of Yacuiba, Bolivia"
2024-05-05T21:20:43.328Z,-6.3338,-106.0863,10,4.5,mb,central East Pacific Rise
2024-05-05T20:37:11.921Z,-3.3053,130.9364,10,5.5,mww,"157 km WSW of Fakfak, Indonesia"
2024-05-05T20:16:09.507Z,-5.9691,-106.965,10,4.5,mb,central East Pacific Rise
2024-05-05T19:34:47.904Z,-37.0966,-94.9911,10,4.8,mb,West Chile Rise
2024-05-05T19:33:39.569Z,-37.1794,-95.556,10,4.9,mb,southeast of Easter Island
2024-05-05T19:29:37.357Z,-37.1241,-95.1887,10,4.5,mb,southeast of Easter Island
2024-05-05T19:27:38.528Z,-37.098,-94.6767,10,4.8,mb,West Chile Rise
2024-05-05T19:08:49.235Z,15.0287,119.9468,35.876,4.8,mb,"13 km WSW of Poblacion, San Felipe, Philippines"
2024-05-05T18:33:11.021Z,-3.3167,130.9618,16,6.1,mww,"154 km WSW of Fakfak, Indonesia"
2024-05-05T18:19:34.456Z,-5.3546,152.2112,61.059,4.9,mb,"112 km S of Kokopo, Papua New Guinea"
2024-05-05T17:42:51.511Z,-15.5801,-174.8584,287.648,4.6,mb,"121 km WNW of Hihifo, Tonga"
2024-05-05T17:30:08.843Z,-21.5822,170.278,111.546,4.5,mb,"248 km E of Tadine, New Caledonia"
2024-05-05T17:12:55.540Z,-6.0021,-106.8918,10,5.4,mww,central East Pacific Rise
2024-05-05T16:15:44.054Z,18.9975,-80.7069,10,4.5,mb,"54 km SE of East End, Cayman Islands"
2024-05-05T15:40:24.294Z,-5.8783,146.7752,123.323,5.1,mww,"96 km NNW of Lae, Papua New Guinea"
2024-05-05T14:34:18.913Z,-58.4609,-25.6943,87.087,5.2,mww,South Sandwich Islands region
2024-05-05T10:39:52.590Z,-3.1731,130.7625,10,4.9,mb,"172 km W of Fakfak, Indonesia"
2024-05-05T09:32:39.160Z,-11.9997,-77.8589,35.155,4.6,mb,"80 km SW of Chancay, Peru"
2024-05-05T09:27:12.224Z,-5.8222,-75.268,9.6,4.6,mb,"77 km NE of Navarro, Peru"
2024-05-05T08:58:10.081Z,-5.7715,147.4516,130.507,5.3,mww,"97 km NNW of Finschhafen, Papua New Guinea"
2024-05-05T08:57:53.984Z,-5.7969,147.3691,131.148,4.8,mb,"99 km NNW of Finschhafen, Papua New Guinea"
2024-05-05T08:27:46.474Z,52.9219,-163.8153,10,5.2,mww,"187 km SE of Akutan, Alaska"
2024-05-05T07:13:40.018Z,-19.3137,-175.9129,10,5.7,mww,"172 km WNW of Pangai, Tonga"
2024-05-05T06:54:49.632Z,32.3056,140.5662,60.846,4.5,mb,"Izu Islands, Japan region"
2024-05-05T06:49:00.605Z,-2.1168,100.5858,65.742,4.9,mb,"89 km W of Sungai Penuh, Indonesia"
2024-05-05T06:15:37.730Z,-29.411,-178.6893,209.376,5.2,mww,"Kermadec Islands, New Zealand"
2024-05-05T05:44:24.286Z,10.9361,141.3275,45.449,5.5,mww,"156 km NE of Fais, Micronesia"
2024-05-05T04:38:17.613Z,-13.4343,-71.604,10,5,mb,"11 km SE of Colquepata, Peru"
2024-05-05T02:37:47.129Z,-28.3187,-174.6042,10,4.6,mb,Kermadec Islands region
2024-05-05T02:12:13.160Z,6.4617,126.6389,124.989,4.5,mb,"52 km ENE of Pondaguitan, Philippines"
2024-05-05T02:10:31.810Z,-60.2581,-24.8554,10,4.5,mb,South Sandwich Islands region
2024-05-04T21:17:59.894Z,-19.2482,-175.8831,10,4.5,mb,"172 km WNW of Pangai, Tonga"
2024-05-04T20:14:45.993Z,-31.198,-178.218,25.663,4.8,mb,Kermadec Islands region
2024-05-04T19:48:42.591Z,1.6198,-84.7415,10,4.6,mb,off the coast of Ecuador
2024-05-04T19:47:07.141Z,1.5907,-84.7923,10,4.7,mb,off the coast of Ecuador
2024-05-04T18:42:43.206Z,-6.8736,147.8234,54.557,4.5,mb,"35 km S of Finschhafen, Papua New Guinea"
2024-05-04T18:05:40.031Z,-10.4992,34.1498,10,4.5,mb,"12 km NNE of Livingstonia, Malawi"
2024-05-04T17:43:09.541Z,-4.8136,151.5095,169.289,4.5,mb,"99 km WSW of Kokopo, Papua New Guinea"
2024-05-04T10:14:48.239Z,0.2887,123.789,204.324,4.5,mb,"74 km WSW of Modisi, Indonesia"
2024-05-04T08:29:07.671Z,-15.6574,-70.4002,207.009,4.6,mb,"7 km SW of Cabanilla, Peru"
2024-05-04T06:38:17.506Z,-3.691,131.3583,10,4.7,mb,"134 km SW of Fakfak, Indonesia"
2024-05-04T05:52:35.611Z,-1.1369,-14.245,10,5.4,mww,north of Ascension Island
2024-05-04T05:09:53.979Z,-30.0756,-177.9269,62.411,4.7,mb,"Kermadec Islands, New Zealand"
2024-05-04T04:32:15.145Z,-20.3156,-173.7224,10,4.9,mb,"86 km SE of Pangai, Tonga"
2024-05-04T04:30:02.286Z,-16.7728,-173.6747,35,4.6,mb,"91 km S of Hihifo, Tonga"
2024-05-04T04:02:52.601Z,-9.3686,118.9147,88.056,4.8,mb,"36 km W of Tambolaka, Indonesia"
2024-05-04T04:00:32.314Z,-4.5459,-76.5756,114.242,4.9,mb,"33 km NNE of Barranca, Peru"
2024-05-04T03:17:41.382Z,-14.611,167.2938,158.584,5.2,mww,"53 km NNE of Port-Olry, Vanuatu"
2024-05-04T02:53:42.114Z,23.1987,143.7666,33.357,4.6,mb,"Volcano Islands, Japan region"
2024-05-04T02:41:46.691Z,-6.7262,145.0464,10.911,4.5,mb,"78 km S of Kundiawa, Papua New Guinea"
2024-05-04T02:38:42.488Z,23.2085,143.8328,31.35,4.7,mb,"Volcano Islands, Japan region"
2024-05-03T22:47:38.829Z,-5.6237,154.2572,150.623,5.1,mww,"156 km WNW of Panguna, Papua New Guinea"
2024-05-03T20:56:50.381Z,-20.1002,-177.4644,523.389,4.5,mb,"254 km WNW of Houma, Tonga"
2024-05-03T18:29:49.006Z,-55.5077,-26.4365,10,4.5,mb,South Sandwich Islands region
2024-05-03T17:49:05.731Z,-55.5278,-26.8044,10,5.1,mww,South Sandwich Islands region
2024-05-03T15:39:59.870Z,19.1622,121.0429,17.925,4.5,mb,"61 km N of Claveria, Philippines"
2024-05-03T12:04:36.516Z,9.6863,-72.7936,12.168,4.6,mb,"49 km SSW of Machiques, Venezuela"
2024-05-03T11:20:29.784Z,-55.8752,-27.7291,122.674,5.1,mb,South Sandwich Islands region
2024-05-03T10:16:23.573Z,10.8644,125.3349,10.208,5.7,mww,"27 km SSW of Balangiga, Philippines"
2024-05-03T07:59:28.213Z,-45.3835,166.8976,59.126,4.5,mwr,"64 km W of Te Anau, New Zealand"
2024-05-03T07:40:19.788Z,44.1031,149.1332,29.421,4.5,mb,"159 km SE of Kuril’sk, Russia"
2024-05-03T05:54:58.804Z,-17.6604,-69.6507,144.3,4.5,mb,"35 km ENE of Palca, Peru"
2024-05-03T04:38:02.660Z,9.0328,122.4978,10,4.6,mb,"44 km SSW of Basay, Philippines"
2024-05-03T03:03:29.140Z,48.7806,-128.7293,10,5,mww,"210 km WSW of Tofino, Canada"
2024-05-03T01:24:16.323Z,-55.2724,-26.7205,10,4.5,mb,South Sandwich Islands region
2024-05-02T23:37:02.232Z,-33.0859,-179.1077,10,5.1,mb,south of the Kermadec Islands
2024-05-02T23:21:27.065Z,-55.7061,-27.4442,24.154,4.5,mb,South Sandwich Islands region
2024-05-02T21:52:22.061Z,-18.7429,-177.4635,628.645,4.5,mb,Fiji region
2024-05-02T21:06:23.267Z,-15.1116,-172.0637,10,4.9,mb,"127 km S of Lotofagā, Samoa"
2024-05-02T19:28:50.046Z,13.629,121.0622,111.058,4.5,mb,"0 km WSW of Ilihan, Philippines"
2024-05-02T19:23:37.432Z,-55.35,-26.699,10,4.5,mb,South Sandwich Islands region
2024-05-02T14:53:17.469Z,-21.5501,170.8013,140.626,4.5,mb,"273 km SE of Isangel, Vanuatu"
2024-05-02T11:59:04.103Z,-2.9404,126.8092,10,4.9,mb,"134 km SE of Sanana, Indonesia"
2024-05-02T11:05:27.575Z,52.0143,-169.3414,10,4.7,mb,"107 km SSW of Nikolski, Alaska"
2024-05-02T08:27:09.459Z,-4.8683,29.4774,10,4.8,mb,"16 km W of Kigoma, Tanzania"
2024-05-02T08:02:27.145Z,-55.5137,-26.9201,10,5.2,mb,South Sandwich Islands region
2024-05-02T07:10:51.400Z,52.0509,-169.3645,18.33,5.4,mww,"104 km SSW of Nikolski, Alaska"
2024-05-02T07:10:23.478Z,52.0647,-169.287,15.882,4.5,mb,"101 km SSW of Nikolski, Alaska"
2024-05-02T07:07:22.810Z,-15.9698,167.7997,163.233,4.8,mb,"43 km ENE of Lakatoro, Vanuatu"
2024-05-02T07:07:01.574Z,-4.0309,142.9542,62.756,4.9,mb,"25 km NE of Ambunti, Papua New Guinea"
2024-05-02T07:06:25.519Z,51.9797,-169.3393,12.901,5.3,mww,"111 km SSW of Nikolski, Alaska"
2024-05-02T07:01:47.605Z,51.9779,-169.2887,10,5.1,mb,"110 km SSW of Nikolski, Alaska"
2024-05-02T06:58:00.553Z,52.1554,-169.4615,13.892,5.5,mww,"96 km SSW of Nikolski, Alaska"
2024-05-02T06:36:34.184Z,-55.8566,-27.0254,27.298,5.2,mww,South Sandwich Islands region
2024-05-02T05:53:52.974Z,-55.6383,-27.089,34.778,5,mb,South Sandwich Islands region
2024-05-02T04:23:44.388Z,28.2027,57.5423,10,4.6,mb,"126 km NNE of Mīnāb, Iran"
2024-05-02T03:40:35.189Z,1.3302,128.0641,109.165,4.6,mb,"44 km S of Tobelo, Indonesia"
2024-05-02T02:16:10.215Z,-13.5527,-72.4815,10,5.1,mb,"28 km WNW of Chinchaypujio, Peru"
2024-05-02T02:07:27.035Z,22.4411,121.5233,9.233,4.8,mww,"93 km ENE of Hengchun, Taiwan"
2024-05-02T02:05:49.396Z,-61.9985,-55.8303,10,4.6,mb,South Shetland Islands
2024-05-02T01:49:25.477Z,-62.0999,-56.3613,10,4.7,mb,South Shetland Islands
2024-05-02T00:08:32.912Z,-10.8574,162.2576,95.015,4.6,mb,"57 km SE of Kirakira, Solomon Islands"
2024-05-01T23:49:20.800Z,-5.805,151.0146,42.343,4.9,mb,"101 km ESE of Kimbe, Papua New Guinea"
2024-05-01T23:45:25.544Z,-5.8025,151.0714,29,5.8,mww,"107 km ESE of Kimbe, Papua New Guinea"
2024-05-01T21:53:13.173Z,-18.7605,169.2401,232.885,4.8,mb,"86 km N of Isangel, Vanuatu"
2024-05-01T21:21:20.571Z,13.9208,57.055,10,4.6,mb,Owen Fracture Zone region
2024-05-01T18:45:47.020Z,-7.1223,129.1285,172.334,4.5,mb,"281 km ENE of Lospalos, Timor Leste"
2024-05-01T16:40:47.918Z,-5.692,153.6506,10,4.5,mb,"213 km SE of Kokopo, Papua New Guinea"
2024-05-01T15:48:18.840Z,-52.1293,139.4357,10,4.5,mb,west of Macquarie Island
2024-05-01T15:35:33.293Z,29.0999,142.6126,10,4.5,mb,"Izu Islands, Japan region"
2024-05-01T14:11:15.735Z,15.6613,-97.4329,10,4.5,mb,"38 km S of Río Grande, Mexico"
2024-05-01T08:46:20.105Z,-20.9146,-68.9445,98.778,4.5,mb,"79 km WNW of Ollagüe, Chile"
2024-05-01T07:55:31.004Z,-62.1217,-56.4911,10,4.8,mb,South Shetland Islands
2024-05-01T07:39:14.934Z,-9.507,148.8251,10,4.9,mb,"104 km SE of Popondetta, Papua New Guinea"
2024-05-01T07:12:54.271Z,-62.2182,-56.2735,10,5,mb,South Shetland Islands
2024-05-01T05:06:52.986Z,-22.9985,-66.2854,238.44,4.5,mb,"66 km WNW of El Aguilar, Argentina"
2024-05-01T04:50:15.916Z,-23.4857,-179.3288,546.363,4.6,mb,south of the Fiji Islands
2024-05-01T02:23:35.740Z,-7.1005,129.3481,135.674,4.6,mb,"Kepulauan Babar, Indonesia"
2024-05-01T01:24:50.530Z,-21.4461,-68.9993,101.655,5,mww,"81 km WSW of Ollagüe, Chile"
2024-04-30T20:24:59.847Z,-23.7729,-176.6814,10,4.6,mb,south of the Fiji Islands
2024-04-30T17:51:10.531Z,13.7994,-58.4107,9.635,5.1,mww,"136 km NE of Crane, Barbados"
2024-04-30T15:44:52.095Z,4.9949,-76.0626,126.48,4.6,mb,"6 km W of La Celia, Colombia"
2024-04-30T14:33:50.386Z,-22.2248,174.3894,10,4.5,mb,southeast of the Loyalty Islands
2024-04-30T14:30:39.343Z,-55.7099,-27.0196,11,5.5,mww,South Sandwich Islands region
2024-04-30T14:04:55.857Z,-33.4082,179.9174,171.572,4.5,mb,south of the Kermadec Islands
2024-04-30T13:58:06.406Z,23.7022,121.525,16.961,4.7,mb,"31 km SSW of Hualien City, Taiwan"
2024-04-30T13:52:40.877Z,2.2997,126.767,20.048,5.3,mww,"151 km WNW of Tobelo, Indonesia"
2024-04-30T11:24:58.141Z,-24.9666,179.841,511.078,5.4,mww,south of the Fiji Islands
2024-04-30T10:09:23.381Z,-13.7434,-71.7037,91.084,4.8,mb,"10 km SW of Urcos, Peru"
2024-04-30T09:32:38.149Z,-23.9362,-177.2603,9.64,4.6,mb,south of the Fiji Islands
2024-04-30T07:28:05.260Z,-20.1918,-173.4472,10,5.1,mb,"103 km ESE of Pangai, Tonga"
2024-04-30T07:23:25.712Z,-40.2661,174.1976,104.357,4.6,mb,"61 km SSW of Patea, New Zealand"
2024-04-30T05:48:38.450Z,-58.5913,-25.1003,27.013,4.7,mb,South Sandwich Islands region
2024-04-30T02:42:12.556Z,-13.6491,66.4152,10,4.5,mb,Mid-Indian Ridge
2024-04-30T02:09:43.245Z,-25.0078,-65.4968,10,4.6,mww,"7 km N of El Carril, Argentina"
2024-04-30T00:14:22.881Z,-24.66,-177.3515,169.724,4.5,mb,south of the Fiji Islands
2024-04-29T23:42:14.279Z,16.2436,-93.383,131.492,5.1,mww,"5 km WNW of Francisco Villa, Mexico"
2024-04-29T23:25:30.786Z,-34.8064,-111.5682,10,4.8,mb,southern East Pacific Rise
2024-04-29T22:06:38.985Z,-5.0296,152.9088,50.912,4.6,mb,"103 km SE of Kokopo, Papua New Guinea"
2024-04-29T21:39:56.553Z,-24.0111,-177.1794,11.464,4.7,mb,south of the Fiji Islands
2024-04-29T20:22:04.993Z,51.2893,159.6762,10,4.8,mb,"202 km SSE of Vilyuchinsk, Russia"
2024-04-29T20:21:52.853Z,-15.8546,-176.5324,387.395,4.7,mb,"240 km SE of Alo, Wallis and Futuna"
2024-04-29T19:08:28.046Z,17.3772,94.2304,10,4.8,mb,"85 km NW of Pathein, Myanmar"
2024-04-29T15:59:22.825Z,8.6702,126.6202,41.917,4.9,mb,"38 km ESE of Marihatag, Philippines"
2024-04-29T14:38:26.527Z,-10.2581,161.3838,86.985,4.8,mb,"62 km WNW of Kirakira, Solomon Islands"
2024-04-29T14:11:19.731Z,8.9312,126.1518,73.279,4.5,mb,"8 km SSW of Gamut, Philippines"
2024-04-29T13:33:38.920Z,-14.1367,170.6052,10,5.2,mww,Vanuatu region
2024-04-29T13:29:47.764Z,1.694,97.0405,31.015,4.6,mb,"78 km NW of Gunungsitoli, Indonesia"
2024-04-29T09:00:03.317Z,7.6981,-82.3909,10,4.5,mb,"60 km SSW of Boca Chica, Panama"
2024-04-29T05:56:40.169Z,-21.73,-173.8691,10,4.7,mb,"120 km ESE of ‘Ohonua, Tonga"
2024-04-29T03:39:39.488Z,-37.1477,78.1355,10,4.5,mb,Mid-Indian Ridge
2024-04-29T02:43:00.568Z,46.4747,153.6287,14.517,4.6,mb,Kuril Islands
2024-04-28T22:41:39.761Z,-3.4035,126.9545,10.002,4.5,mb,"140 km WNW of Ambon, Indonesia"
2024-04-28T22:08:46.916Z,-56.7649,-141.1604,10,4.7,mb,Pacific-Antarctic Ridge
2024-04-28T20:45:38.172Z,25.5222,96.6471,10,4.6,mb,"76 km WNW of Myitkyina, Myanmar"
2024-04-28T20:20:17.225Z,-21.9237,-68.6805,109.384,4.5,mwr,"64 km NNE of Calama, Chile"
2024-04-28T19:31:28.989Z,-20.5963,-68.7891,114.049,4.8,mb,"89 km NW of Ollagüe, Chile"
2024-04-28T16:16:05.992Z,37.3282,141.2939,26.912,4.6,mb,"24 km E of Tomioka, Japan"
2024-04-28T12:55:53.000Z,-21.8399,-176.6362,172.014,5.2,mww,"156 km WSW of Houma, Tonga"
2024-04-28T12:23:31.190Z,19.0875,-64.8566,10,4.9,ml,"82 km N of Charlotte Amalie, U.S. Virgin Islands"
2024-04-28T10:23:47.942Z,13.0262,145.6375,10,4.7,mb,"98 km SE of Yigo Village, Guam"
2024-04-28T07:38:28.436Z,38.457,-30.3251,10,4.6,mb,"126 km SE of Lajes das Flores, Portugal"
2024-04-28T07:23:37.763Z,-2.8746,143.3724,10,4.5,mb,"80 km NNW of Wewak, Papua New Guinea"
2024-04-28T06:25:06.298Z,13.041,145.4614,35.23,4.6,mb,"81 km ESE of Inarajan Village, Guam"
2024-04-28T03:43:50.108Z,38.2325,122.9347,10,4.6,mb,"90 km SSE of Zhangzi, China"
2024-04-28T03:37:30.173Z,-18.2051,176.4146,10,4.6,mb,"115 km WSW of Nadi, Fiji"
2024-04-28T02:49:41.226Z,-37.3494,78.1326,10,4.6,mb,Mid-Indian Ridge
2024-04-28T00:37:18.319Z,15.753,39.7214,10,5,mb,"30 km ENE of Massawa, Eritrea"
2024-04-28T00:25:58.325Z,40.2022,139.0631,10,4.6,mb,"82 km W of Noshiro, Japan"
2024-04-27T22:05:26.698Z,8.6422,126.6681,35.337,4.6,mb,"44 km ESE of Marihatag, Philippines"
2024-04-27T20:59:34.939Z,8.6468,126.5394,49.453,4.9,mb,"31 km ESE of Marihatag, Philippines"
2024-04-27T20:44:40.245Z,15.8037,39.6219,10,4.7,mb,"26 km NE of Massawa, Eritrea"
2024-04-27T20:43:31.189Z,35.1815,137.3209,291.032,4.7,mb,"19 km NE of Toyota, Japan"
2024-04-27T19:04:08.456Z,25.0156,125.7604,35,4.5,mb,"51 km ENE of Miyakojima, Japan"
2024-04-27T17:58:08.296Z,8.4684,126.7783,45.231,4.7,mb,"50 km ENE of Hinatuan, Philippines"
2024-04-27T17:23:09.300Z,-14.9705,-171.8184,10,4.9,mb,"105 km S of Matavai, Samoa"
2024-04-27T16:44:40.232Z,25.459,127.6387,21.121,4.6,mb,"74 km S of Itoman, Japan"
2024-04-27T16:29:50.643Z,-8.005,107.2798,59.701,6.1,mww,"91 km S of Banjar, Indonesia"
2024-04-27T14:36:33.089Z,-19.6726,-175.8921,227.196,4.9,mb,"161 km W of Pangai, Tonga"
2024-04-27T11:34:18.293Z,8.5391,126.4283,66.531,4.7,mb,"20 km E of Gamut, Philippines"
2024-04-27T10:46:32.010Z,-6.3715,130.1414,166.953,4.9,mb,Banda Sea
2024-04-27T08:35:34.207Z,27.8209,139.6186,496,6.5,mww,"Bonin Islands, Japan region"
2024-04-27T08:27:14.673Z,-7.0303,105.3894,35,4.7,mb,"87 km SW of Labuan, Indonesia"
2024-04-27T08:20:59.615Z,-37.1361,78.1098,10,4.7,mb,Mid-Indian Ridge
2024-04-27T08:13:21.284Z,-37.6216,78.0893,10,4.7,mb,Mid-Indian Ridge
2024-04-27T08:04:24.902Z,-37.1466,78.1288,10,5.1,mww,Mid-Indian Ridge
2024-04-27T05:07:08.359Z,0.5368,122.3026,111.821,4.6,mb,"84 km W of Gorontalo, Indonesia"
2024-04-27T04:42:59.185Z,51.401,179.7736,55.814,4.9,mb,"254 km WSW of Adak, Alaska"
2024-04-27T03:57:26.679Z,-37.0987,78.0996,10,4.8,mb,Mid-Indian Ridge
2024-04-27T01:44:21.447Z,-36.9042,78.2152,10,5.3,mb,Mid-Indian Ridge
2024-04-27T01:43:45.495Z,-37.332,78.1007,10,5.3,mb,Mid-Indian Ridge
2024-04-27T01:41:22.586Z,-37.1027,77.8413,10,4.6,mb,Mid-Indian Ridge
2024-04-27T01:35:09.589Z,-37.5486,78.0414,10,4.8,mb,Mid-Indian Ridge
2024-04-27T01:29:33.533Z,-37.0029,78.3237,10,4.5,mb,Mid-Indian Ridge
2024-04-27T00:42:35.137Z,-37.6532,78.3328,10,4.6,mb,Mid-Indian Ridge
2024-04-27T00:06:33.644Z,-37.2406,78.3033,10,4.5,mb,Mid-Indian Ridge
2024-04-26T23:23:13.281Z,-37.174,78.0321,10,5.3,mww,Mid-Indian Ridge
2024-04-26T22:55:00.637Z,-37.3768,78.5006,10,4.6,mb,Mid-Indian Ridge
2024-04-26T22:23:36.979Z,-37.0467,78.1694,10,5.8,mww,Mid-Indian Ridge
2024-04-26T22:20:31.266Z,-37.1847,78.3763,10,4.5,mb,Mid-Indian Ridge
2024-04-26T22:19:27.459Z,-37.3788,79.3962,10,4.5,mb,Mid-Indian Ridge
2024-04-26T22:17:27.124Z,-37.14,78.471,10,4.6,mb,Mid-Indian Ridge
2024-04-26T22:11:38.075Z,-37.1111,78.4239,10,4.5,mb,Mid-Indian Ridge
2024-04-26T22:07:10.244Z,-37.3892,78.4041,10,4.5,mb,Mid-Indian Ridge
2024-04-26T22:02:32.120Z,-37.0966,78.1678,10,4.6,mb,Mid-Indian Ridge
2024-04-26T22:02:13.035Z,-37.5592,78.4232,10,4.7,mb,Mid-Indian Ridge
2024-04-26T21:53:02.863Z,-37.3733,78.4383,10,4.6,mb,Mid-Indian Ridge
2024-04-26T21:49:52.168Z,-37.184,78.3752,10,4.6,mb,Mid-Indian Ridge
2024-04-26T21:44:45.018Z,-37.2268,78.3448,10,4.7,mb,Mid-Indian Ridge
2024-04-26T21:41:20.945Z,-37.1502,78.2341,10,4.6,mb,Mid-Indian Ridge
2024-04-26T21:32:11.381Z,-37.1789,78.3927,10,4.5,mb,Mid-Indian Ridge
2024-04-26T21:29:52.784Z,-38.1543,77.6391,10,4.5,mb,Mid-Indian Ridge
2024-04-26T21:27:54.272Z,-37.0731,78.5359,10,4.6,mb,Mid-Indian Ridge
2024-04-26T21:25:51.584Z,-37.1826,78.3156,10,4.5,mb,Mid-Indian Ridge
2024-04-26T21:23:10.388Z,-37.0643,78.6936,10,4.6,mb,Mid-Indian Ridge
2024-04-26T21:19:45.094Z,-36.6655,78.3944,10,4.6,mb,Mid-Indian Ridge
2024-04-26T21:18:02.352Z,-37.0411,78.4799,10,4.8,mb,Mid-Indian Ridge
2024-04-26T21:15:40.104Z,-37.4753,78.5521,10,4.7,mb,Mid-Indian Ridge
2024-04-26T21:11:16.640Z,-38.4589,77.6824,10,4.6,mb,Mid-Indian Ridge
2024-04-26T21:09:46.298Z,-37.3682,78.2207,10,4.8,mb,Mid-Indian Ridge
2024-04-26T21:07:28.601Z,-37.2473,77.6723,10,4.5,mb,Mid-Indian Ridge
2024-04-26T21:06:10.885Z,-37.3663,78.4431,10,4.8,mb,Mid-Indian Ridge
2024-04-26T21:03:51.772Z,-37.1266,78.3918,10,4.9,mb,Mid-Indian Ridge
2024-04-26T21:00:00.977Z,-37.062,78.2938,10,4.6,mb,Mid-Indian Ridge
2024-04-26T20:54:35.049Z,-37.5334,78.3255,15.222,4.6,mb,Mid-Indian Ridge
2024-04-26T20:23:45.703Z,-37.0482,78.1806,10,4.8,mb,Mid-Indian Ridge
2024-04-26T20:09:18.656Z,-37.0261,78.2913,10,4.5,mb,Mid-Indian Ridge
2024-04-26T20:08:15.447Z,24.0607,122.0059,24.687,4.5,mwr,"41 km ENE of Hualien City, Taiwan"
2024-04-26T18:49:29.534Z,24.2394,121.6724,40.475,5.2,mww,"29 km NNE of Hualien City, Taiwan"
2024-04-26T18:33:47.445Z,-28.565,-177.5593,8.766,4.5,mb,Kermadec Islands region
2024-04-26T18:21:23.639Z,24.1531,121.6724,37.767,5.7,mww,"20 km NNE of Hualien City, Taiwan"
2024-04-26T17:54:54.423Z,-15.1317,-177.5809,8.792,4.5,mb,"107 km SSE of Alo, Wallis and Futuna"
2024-04-26T17:27:18.610Z,-22.926,-66.6121,197.959,4.5,mb,"96 km WSW of Abra Pampa, Argentina"
2024-04-26T17:16:41.104Z,-15.1864,-177.5787,9.926,4.7,mb,"112 km SSE of Alo, Wallis and Futuna"
2024-04-26T17:13:52.733Z,-21.6952,169.2773,10,4.5,mb,"145 km E of Tadine, New Caledonia"
2024-04-26T16:53:22.533Z,-15.0318,-177.2177,10,4.5,mb,"124 km SE of Alo, Wallis and Futuna"
2024-04-26T16:51:32.041Z,-15.0208,-177.3834,10,4.6,mb,"110 km SE of Alo, Wallis and Futuna"
2024-04-26T16:42:07.891Z,-15.051,-177.3468,10,4.6,mb,"116 km SE of Alo, Wallis and Futuna"
2024-04-26T16:25:41.085Z,-10.0577,160.4903,35,5.1,mb,"91 km SE of Honiara, Solomon Islands"
2024-04-26T15:21:34.781Z,1.4676,122.2348,37.604,4.7,mb,"138 km NW of Gorontalo, Indonesia"
2024-04-26T14:47:45.265Z,-2.0433,127.8296,10,4.5,mb,"161 km SSE of Labuha, Indonesia"
2024-04-26T13:43:16.503Z,-10.4664,115.0966,10,5,mb,"184 km S of Nusa Dua, Indonesia"
2024-04-26T12:28:12.818Z,23.7816,121.5626,10,4.6,mwr,"22 km S of Hualien City, Taiwan"
2024-04-26T11:50:17.845Z,-14.91,-171.702,10,4.6,mb,"97 km S of Matavai, Samoa"
2024-04-26T11:12:23.229Z,-24.4646,179.9157,520.16,4.5,mb,south of the Fiji Islands
2024-04-26T08:37:54.174Z,12.0041,-89.2165,10,4.7,mww,"158 km SSW of Puerto El Triunfo, El Salvador"
2024-04-26T07:44:27.790Z,43.7009,-28.7529,10,4.5,mb,northern Mid-Atlantic Ridge
2024-04-26T02:56:31.420Z,-55.2848,-29.0154,24.782,5,mb,South Sandwich Islands region
2024-04-26T01:50:58.311Z,-17.3534,167.7196,10,4.7,mb,"75 km NW of Port-Vila, Vanuatu"
2024-04-25T21:45:25.471Z,28.4026,142.701,10,4.6,mb,"Bonin Islands, Japan region"
2024-04-25T18:05:22.961Z,-16.0873,-175.0182,284.383,4.6,mb,"131 km W of Hihifo, Tonga"
2024-04-25T16:47:21.214Z,-26.8588,67.261,10,4.5,mb,Indian Ocean Triple Junction
2024-04-25T11:50:24.139Z,-58.6133,-25.1243,30.798,4.8,mb,South Sandwich Islands region
2024-04-25T11:03:02.549Z,-9.264,107.8787,15.342,4.6,mb,"210 km SW of Cilacap, Indonesia"
2024-04-25T09:09:03.076Z,14.5517,146.8815,10,5.1,mb,"141 km ESE of Saipan, Northern Mariana Islands"
2024-04-25T08:54:50.866Z,-3.4578,128.3996,44.964,4.6,mb,"35 km NE of Ambon, Indonesia"
2024-04-25T07:33:13.982Z,6.2538,95.5985,216.975,4.6,mb,"50 km NE of Sabang, Indonesia"
2024-04-25T05:58:13.145Z,-6.7663,154.7069,10.156,4.8,mb,"99 km WSW of Panguna, Papua New Guinea"
2024-04-25T05:07:36.867Z,-31.3001,-179.3193,179.306,5.4,mww,Kermadec Islands region
2024-04-25T04:26:34.551Z,-2.8826,100.0292,23.585,4.8,mb,"106 km SSE of Tuapejat, Indonesia"
2024-04-25T04:20:15.583Z,7.7252,127.1182,10,5,mww,"62 km E of Kinablangan, Philippines"
2024-04-25T00:19:12.973Z,23.6536,121.6402,10.888,4.6,mb,"35 km S of Hualien City, Taiwan"
2024-04-24T21:26:06.050Z,51.2401,179.9298,35.92,4.6,mb,"248 km WSW of Adak, Alaska"
2024-04-24T18:12:16.908Z,24.0007,122.2704,27.095,5.3,mb,"67 km E of Hualien City, Taiwan"
2024-04-24T18:11:56.126Z,23.9696,122.2944,35.376,5.1,mww,"70 km E of Hualien City, Taiwan"
2024-04-24T17:01:01.199Z,0.1939,122.5476,165.994,4.8,mww,"68 km WSW of Gorontalo, Indonesia"
2024-04-24T16:59:57.074Z,23.9321,122.3632,25.284,4.6,mwr,"77 km E of Hualien City, Taiwan"
2024-04-24T15:24:45.450Z,-11.6805,166.4848,136.162,4.8,mb,"129 km SE of Lata, Solomon Islands"
2024-04-24T11:40:07.440Z,36.4232,140.5874,54.976,5.1,mww,"5 km SSE of Funaishikawa, Japan"
2024-04-24T09:33:10.201Z,-33.7875,-70.2008,109.48,4.7,mb,"39 km ESE of Puente Alto, Chile"
2024-04-24T07:30:53.251Z,23.7499,121.5972,15.421,4.9,mb,"25 km S of Hualien City, Taiwan"
2024-04-24T07:22:10.132Z,28.7426,142.5733,10,5.3,mww,"Bonin Islands, Japan region"
2024-04-24T07:15:58.760Z,12.9551,-88.6885,71.813,4.5,mb,"39 km SSW of Puerto El Triunfo, El Salvador"
2024-04-24T05:53:32.652Z,-18.8438,-175.6555,231.76,5.4,mww,"172 km NW of Fangale’ounga, Tonga"
2024-04-24T05:27:58.273Z,-29.9475,-177.9032,50.038,5.2,mb,"Kermadec Islands, New Zealand"
2024-04-24T05:25:35.912Z,-23.0698,-114.9806,10,4.5,mb,Easter Island region
2024-04-24T05:18:47.498Z,52.6994,-34.9124,10,4.8,mww,Reykjanes Ridge
2024-04-24T05:01:20.398Z,24.2207,121.9379,10,4.6,mwr,"43 km NE of Hualien City, Taiwan"
2024-04-24T02:55:55.933Z,-30.0833,-176.2883,10,4.9,mb,Kermadec Islands region
2024-04-24T02:04:15.428Z,7.7683,127.1559,10,4.7,mb,"67 km E of Kinablangan, Philippines"
2024-04-24T01:23:53.688Z,-22.7802,171.6734,8,5.4,mww,southeast of the Loyalty Islands
2024-04-24T01:20:42.573Z,7.5347,-82.372,10,5.4,mww,"77 km SSW of Boca Chica, Panama"
2024-04-23T22:44:37.707Z,-15.82,-173.6523,69.949,4.5,mb,"21 km NE of Hihifo, Tonga"
2024-04-23T22:42:24.489Z,-17.57,-178.9147,541.889,4.8,mb,"195 km ENE of Levuka, Fiji"
2024-04-23T18:08:33.296Z,13.6775,145.1643,106.193,4.5,mb,"33 km ENE of Yigo Village, Guam"
2024-04-23T16:02:21.045Z,24.0379,121.6973,7.397,4.5,mwr,"11 km NE of Hualien City, Taiwan"
2024-04-23T15:43:19.587Z,38.2073,-30.9984,10,4.7,mb,"130 km S of Lajes das Flores, Portugal"
2024-04-23T15:40:05.052Z,38.1706,-30.8499,17.609,5.2,mww,"136 km SSE of Lajes das Flores, Portugal"
2024-04-23T13:05:39.445Z,50.1036,-28.9506,10,5,mww,northern Mid-Atlantic Ridge
2024-04-23T12:58:25.955Z,20.0634,121.4311,10,4.6,mb,"70 km SW of Basco, Philippines"
2024-04-23T12:55:11.681Z,20.1109,121.3468,22.369,5.3,mww,"75 km WSW of Basco, Philippines"
2024-04-23T12:26:36.735Z,41.2115,78.5948,10,4.5,mb,"132 km WNW of Aykol, China"
2024-04-23T12:00:10.673Z,-12.756,166.3927,56.231,5,mb,"176 km NW of Sola, Vanuatu"
2024-04-23T09:41:10.047Z,25.2441,124.7832,97.122,4.5,mb,"64 km N of Tarama, Japan"
2024-04-23T07:59:13.265Z,-6.0821,147.2213,89.417,5,mww,"75 km NNE of Lae, Papua New Guinea"
2024-04-23T07:34:48.306Z,11.2312,124.7044,10,4.5,mb,"5 km WSW of Tunga, Philippines"
2024-04-23T05:56:32.751Z,-6.1009,127.5448,401.25,4.5,mb,"274 km NNE of Lospalos, Timor Leste"
2024-04-23T05:20:20.373Z,14.7407,55.9018,10,4.5,mb,Owen Fracture Zone region
2024-04-23T05:08:05.965Z,23.7311,121.6128,10,4.7,mb,"27 km S of Hualien City, Taiwan"
2024-04-23T04:17:40.593Z,-39.2777,-91.2104,10,4.5,mb,West Chile Rise
2024-04-23T02:27:05.529Z,23.863,121.5598,13.519,4.5,mb,"13 km SSW of Hualien City, Taiwan"
2024-04-23T02:23:52.859Z,23.8775,121.5453,28.888,4.8,mb,"12 km SSW of Hualien City, Taiwan"
2024-04-23T02:20:59.665Z,23.8243,121.6339,10,5.1,mww,"17 km S of Hualien City, Taiwan"
2024-04-23T01:50:04.552Z,-4.9693,152.5243,54.038,4.6,mb,"74 km SSE of Kokopo, Papua New Guinea"
2024-04-23T01:45:45.763Z,23.7806,121.5963,10,4.9,mww,"21 km S of Hualien City, Taiwan"
2024-04-23T01:45:45.152Z,-22.3964,170.9316,35,4.8,mb,southeast of the Loyalty Islands
2024-04-23T01:22:43.489Z,23.844,121.5734,10,4.7,mb,"15 km SSW of Hualien City, Taiwan"
2024-04-23T00:16:29.198Z,23.8561,121.5915,20.575,4.7,mb,"13 km S of Hualien City, Taiwan"
2024-04-23T00:15:33.560Z,23.8531,121.6688,15.046,4.8,mb,"15 km SSE of Hualien City, Taiwan"
2024-04-23T00:11:02.519Z,23.8813,121.6078,16.257,5,mb,"10 km S of Hualien City, Taiwan"
2024-04-23T00:10:09.828Z,23.8754,121.5571,15.411,4.7,mb,"12 km SSW of Hualien City, Taiwan"
2024-04-23T00:04:05.246Z,23.7794,121.6664,12,5.8,mww,"22 km SSE of Hualien City, Taiwan"
2024-04-23T00:03:49.405Z,23.6965,121.6313,19.858,4.5,mb,"31 km S of Hualien City, Taiwan"
2024-04-22T23:21:13.049Z,8.3119,126.5268,83.526,4.5,mb,"19 km NNE of Barcelona, Philippines"
2024-04-22T23:02:43.633Z,23.7163,121.557,9.425,4.5,mwr,"29 km S of Hualien City, Taiwan"
2024-04-22T22:11:40.236Z,-7.6091,127.57,156.468,4.5,mb,"118 km NNE of Lospalos, Timor Leste"
2024-04-22T21:57:40.843Z,-39.1298,176.4256,35,4.5,mb,"49 km NW of Bay View, New Zealand"
2024-04-22T21:34:46.112Z,23.6898,121.5872,7.408,4.7,mb,"31 km S of Hualien City, Taiwan"
2024-04-22T21:31:38.398Z,23.777,121.6532,8.991,5.4,mww,"22 km SSE of Hualien City, Taiwan"
2024-04-22T21:26:22.109Z,23.7068,121.5604,10,4.6,mb,"30 km S of Hualien City, Taiwan"
2024-04-22T21:24:31.124Z,23.6968,121.6096,8.497,5.1,mwr,"31 km S of Hualien City, Taiwan"
2024-04-22T21:19:35.721Z,23.7371,121.6109,9.426,5.3,mww,"26 km S of Hualien City, Taiwan"
2024-04-22T21:14:46.776Z,23.7256,121.5604,14.522,4.8,mwr,"28 km S of Hualien City, Taiwan"
2024-04-22T21:11:00.803Z,23.7405,121.5902,11.637,4.9,mwr,"26 km S of Hualien City, Taiwan"
2024-04-22T21:04:21.907Z,23.6611,121.592,5.83,5.4,mww,"35 km S of Hualien City, Taiwan"
2024-04-22T21:01:58.503Z,23.7112,121.5739,10.795,4.5,mb,"29 km S of Hualien City, Taiwan"
2024-04-22T20:52:56.381Z,23.774,121.5625,16.114,4.9,mb,"22 km S of Hualien City, Taiwan"
2024-04-22T20:49:57.856Z,23.6539,121.6164,17,5.5,mww,"35 km S of Hualien City, Taiwan"
2024-04-22T20:03:06.819Z,23.7626,121.6869,8.839,5.2,mb,"25 km SSE of Hualien City, Taiwan"
2024-04-22T19:34:05.888Z,23.8144,121.5538,15.828,4.9,mb,"18 km SSW of Hualien City, Taiwan"
2024-04-22T19:32:01.688Z,23.7833,121.6348,8.548,4.5,mb,"21 km S of Hualien City, Taiwan"
2024-04-22T19:28:33.099Z,23.7498,121.509,16.307,4.9,mb,"26 km SSW of Hualien City, Taiwan"
2024-04-22T19:25:58.153Z,23.8644,121.6955,11.257,4.6,mb,"15 km SE of Hualien City, Taiwan"
2024-04-22T19:19:53.318Z,23.7865,121.6574,8.683,5,mb,"21 km SSE of Hualien City, Taiwan"
2024-04-22T19:13:40.398Z,23.8352,121.5874,11.772,4.6,mb,"15 km S of Hualien City, Taiwan"
2024-04-22T18:43:38.873Z,-20.8209,-178.3496,558.722,4.6,mb,Fiji region
2024-04-22T18:32:48.439Z,23.8586,121.5662,10,6.1,mww,"13 km SSW of Hualien City, Taiwan"
2024-04-22T18:31:49.658Z,23.81,121.5981,13.015,4.5,mb,"18 km S of Hualien City, Taiwan"
2024-04-22T18:31:07.939Z,23.7283,121.6169,10,4.8,mb,"27 km S of Hualien City, Taiwan"
2024-04-22T18:26:52.852Z,23.7141,121.6599,9,6.1,mww,"29 km S of Hualien City, Taiwan"
2024-04-22T17:21:22.541Z,-58.7238,-25.3084,28.657,4.9,mb,South Sandwich Islands region
2024-04-22T16:30:45.798Z,0.9268,98.8196,84.287,4.5,mb,"70 km SW of Padangsidempuan, Indonesia"
2024-04-22T16:06:30.739Z,23.7223,121.5746,8.641,4.5,mb,"28 km S of Hualien City, Taiwan"
2024-04-22T16:01:57.684Z,23.7037,121.6499,6.864,4.6,mb,"30 km S of Hualien City, Taiwan"
2024-04-22T14:20:09.372Z,23.716,121.618,8.222,5,mb,"28 km S of Hualien City, Taiwan"
2024-04-22T14:11:22.980Z,23.7259,121.5781,8,5.8,mww,"27 km S of Hualien City, Taiwan"
2024-04-22T13:42:57.748Z,23.7818,121.6115,14.471,4.5,mwr,"21 km S of Hualien City, Taiwan"
2024-04-22T13:13:40.535Z,23.6479,121.554,10,5.1,mww,"36 km S of Hualien City, Taiwan"
2024-04-22T13:08:48.001Z,41.9886,82.6901,10,4.6,mb,"36 km NNW of Kuqa, China"
2024-04-22T13:02:23.366Z,23.7424,121.5137,20.568,4.6,mb,"27 km SSW of Hualien City, Taiwan"
2024-04-22T13:00:42.776Z,23.6873,121.5815,7.028,4.5,mwr,"32 km S of Hualien City, Taiwan"
2024-04-22T12:22:49.933Z,11.0226,138.6943,10,5.4,mww,"178 km NNE of Colonia, Micronesia"
2024-04-22T11:45:35.666Z,23.6672,121.573,10,5.1,mb,"34 km S of Hualien City, Taiwan"
2024-04-22T11:44:00.447Z,23.7275,121.5713,21.887,5,mb,"27 km S of Hualien City, Taiwan"
2024-04-22T11:42:04.542Z,10.9709,138.7533,10,4.6,mb,"175 km NNE of Colonia, Micronesia"
2024-04-22T11:40:13.386Z,10.9533,138.7035,10,5.2,mww,"171 km NNE of Colonia, Micronesia"
2024-04-22T11:34:37.074Z,23.6047,121.6214,10,5.2,mb,"41 km S of Hualien City, Taiwan"
2024-04-22T11:34:28.666Z,23.6965,121.6096,10,4.7,mb,"31 km S of Hualien City, Taiwan"
2024-04-22T11:27:50.022Z,23.7058,121.7675,10,4.5,mb,"34 km SSE of Hualien City, Taiwan"
2024-04-22T11:25:56.268Z,23.6617,121.5571,10,5,mb,"35 km S of Hualien City, Taiwan"
2024-04-22T11:25:14.156Z,23.5936,121.5741,10,4.8,mb,"42 km S of Hualien City, Taiwan"
2024-04-22T11:22:06.826Z,23.7178,121.6017,8.139,4.8,mb,"28 km S of Hualien City, Taiwan"
2024-04-22T11:18:47.723Z,0.7313,123.8229,265.51,4.7,mb,"74 km WNW of Modisi, Indonesia"
2024-04-22T11:13:11.313Z,23.7355,121.6162,10,5.1,mb,"26 km S of Hualien City, Taiwan"
2024-04-22T11:11:33.022Z,-8.8902,111.2844,35,5.3,mb,"101 km SSW of Trenggalek, Indonesia"
2024-04-22T11:10:48.733Z,-8.9573,111.2888,54.28,5.1,mb,"107 km SSW of Trenggalek, Indonesia"
2024-04-22T11:10:13.508Z,23.7036,121.5896,10,4.8,mb,"30 km S of Hualien City, Taiwan"
2024-04-22T10:55:24.204Z,23.7466,121.5724,10,4.6,mb,"25 km S of Hualien City, Taiwan"
2024-04-22T10:50:30.590Z,23.7053,121.6282,10,5.6,mww,"30 km S of Hualien City, Taiwan"
2024-04-22T10:49:06.722Z,23.7229,121.6381,10,5,mb,"28 km S of Hualien City, Taiwan"
2024-04-22T10:46:21.461Z,23.6225,121.6563,10,5.3,mwr,"39 km S of Hualien City, Taiwan"
2024-04-22T10:46:10.703Z,23.7276,121.58,10,4.7,mb,"27 km S of Hualien City, Taiwan"
2024-04-22T10:34:21.722Z,-15.5724,-174.6227,152.88,4.5,mb,"98 km WNW of Hihifo, Tonga"
2024-04-22T10:32:50.566Z,4.1059,123.1329,10,4.6,mb,"253 km SSE of Tabiauan, Philippines"
2024-04-22T09:52:55.346Z,23.711,121.6326,17.783,4.8,mwr,"29 km S of Hualien City, Taiwan"
2024-04-22T09:17:09.152Z,23.7054,121.6677,10,4.9,mb,"30 km SSE of Hualien City, Taiwan"
2024-04-22T09:16:01.385Z,23.8125,121.4665,27.828,5.2,mb,"23 km SW of Hualien City, Taiwan"
2024-04-22T09:12:10.590Z,23.808,121.5579,10,5.1,mb,"19 km SSW of Hualien City, Taiwan"
2024-04-22T09:08:39.851Z,23.6939,121.5925,16.265,5.2,mww,"31 km S of Hualien City, Taiwan"
2024-04-22T08:46:31.563Z,-23.695,-179.7066,520.242,4.5,mb,south of the Fiji Islands
2024-04-22T06:52:19.657Z,23.5185,-45.2942,10,4.7,mb,northern Mid-Atlantic Ridge
2024-04-22T06:06:06.276Z,-2.0882,100.5671,70.955,4.7,mb,"91 km W of Sungai Penuh, Indonesia"
2024-04-22T05:34:12.829Z,-6.4631,130.7692,94.189,4.6,mb,"238 km WSW of Tual, Indonesia"
2024-04-22T04:19:47.439Z,-15.8604,-174.6492,121.125,4.6,mb,"91 km W of Hihifo, Tonga"
2024-04-22T03:03:11.561Z,1.2138,126.9155,10,4.8,mb,"70 km NW of Ternate, Indonesia"
2024-04-22T00:48:01.134Z,-8.0916,109.1453,89.255,4.6,mb,"43 km SSE of Cilacap, Indonesia"
2024-04-21T23:22:32.776Z,-3.4452,-81.9309,10,4.6,mb,"120 km NW of El Alto, Peru"
2024-04-21T19:05:14.633Z,18.2634,-105.6276,10,5.4,mww,"142 km SSW of Emiliano Zapata, Mexico"
2024-04-21T16:51:21.957Z,15.0249,-93.3267,69.003,4.9,mb,"50 km SSW of La Esperanza (El Zapotal), Mexico"
2024-04-21T16:41:05.784Z,18.2286,-105.5907,10,4.6,mb,"144 km SW of La Manzanilla, Mexico"
2024-04-21T16:35:51.370Z,24.1634,121.6587,32.956,4.7,mwr,"21 km NNE of Hualien City, Taiwan"
2024-04-21T16:34:01.546Z,18.2291,-105.614,10,4.5,mb,"145 km SSW of Emiliano Zapata, Mexico"
2024-04-21T14:37:46.099Z,-13.1588,166.3611,48.306,4.6,mb,"151 km WNW of Sola, Vanuatu"
2024-04-21T13:26:35.685Z,-56.7385,-25.5348,10,4.6,mb,South Sandwich Islands region
2024-04-21T12:32:09.845Z,-62.0709,163.7823,10,4.5,mb,Balleny Islands region
2024-04-21T11:59:16.820Z,-31.6851,-178.7399,46.324,5.1,mb,Kermadec Islands region
2024-04-21T09:21:28.948Z,-23.1829,-179.8315,555.315,4.6,mb,south of the Fiji Islands
2024-04-21T06:37:19.558Z,64.5409,-17.5954,10,5.3,mww,"119 km WNW of Höfn, Iceland"
2024-04-21T03:29:19.767Z,-20.5922,-7.0416,10,4.6,mb,South Atlantic Ocean
2024-04-21T02:40:55.589Z,23.4701,121.631,28.583,5.1,mww,"56 km S of Hualien City, Taiwan"
2024-04-21T02:37:49.212Z,-6.375,151.535,10,4.7,mb,"179 km ESE of Kimbe, Papua New Guinea"
2024-04-21T01:54:49.916Z,-9.6689,159.7316,32.454,4.5,mb,"3 km NNE of Malango, Solomon Islands"
2024-04-21T01:31:03.921Z,-35.8605,-103.865,10,4.5,mb,southeast of Easter Island
2024-04-20T21:30:47.071Z,-6.4294,128.373,286.092,4.5,mb,"276 km NNE of Lospalos, Timor Leste"
2024-04-20T20:09:24.620Z,-22.4268,170.9778,58,4.6,mb,southeast of the Loyalty Islands
2024-04-20T18:43:06.603Z,-19.2434,-172.9561,23.577,4.7,mb,"126 km ESE of Neiafu, Tonga"
2024-04-20T17:34:32.912Z,-45.9717,95.3914,10,4.6,mb,southeast Indian Ridge
2024-04-20T14:09:10.712Z,15.1429,-92.5947,100.851,4.9,mb,"4 km ESE of Hidalgo, Mexico"
2024-04-20T09:03:44.829Z,-48.8878,106.7277,10,4.5,mb,southeast Indian Ridge
2024-04-20T05:02:03.374Z,-56.0516,-26.2353,26.851,4.5,mb,South Sandwich Islands region
2024-04-20T03:42:24.412Z,17.0523,145.3641,489.707,5,mb,"207 km NNW of Saipan, Northern Mariana Islands"
2024-04-20T02:37:16.188Z,-31.4804,-68.8776,112.313,4.6,mb,"15 km WNW of Villa Basilio Nievas, Argentina"
2024-04-20T02:22:11.229Z,7.8564,127.0993,10,4.9,mb,"63 km ENE of Kinablangan, Philippines"
2024-04-20T01:44:04.495Z,33.5237,81.7783,10,4.6,mb,western Xizang
2024-04-19T22:07:30.981Z,43.4305,146.3714,65,4.7,mb,"49 km SW of Shikotan, Russia"
2024-04-19T20:59:39.920Z,43.0408,146.558,45.81,4.8,mb,"85 km S of Shikotan, Russia"
2024-04-19T20:25:42.302Z,4.7092,-82.376,10,4.6,mb,south of Panama
2024-04-19T19:27:51.183Z,-0.7813,99.1417,39.055,4.5,mb,"110 km W of Pariaman, Indonesia"
2024-04-19T15:42:27.865Z,-23.5461,-179.8004,527.824,4.5,mb,south of the Fiji Islands
2024-04-19T14:01:37.480Z,82.9537,-23.14,10,4.5,mb,near the north coast of Greenland
2024-04-19T12:50:08.800Z,28.9431,142.5749,21.189,4.5,mb,"Bonin Islands, Japan region"
2024-04-19T11:54:12.444Z,-1.2083,-24.4345,10,4.5,mb,central Mid-Atlantic Ridge
2024-04-19T11:00:39.955Z,-1.1823,-24.4482,10,5.4,mww,central Mid-Atlantic Ridge
2024-04-19T09:18:00.874Z,-21.9186,170.8691,87,5.7,mww,southeast of the Loyalty Islands
2024-04-19T07:27:33.350Z,55.1465,-156.8911,21.7,4.6,mwr,"159 km SE of Chignik, Alaska"
2024-04-19T05:27:56.338Z,41.7672,81.9139,10,4.5,mb,"84 km W of Kuqa, China"
2024-04-19T04:42:24.339Z,-58.577,-25.0724,19.568,4.6,mb,South Sandwich Islands region
2024-04-19T04:22:13.351Z,-58.7859,-25.1511,31.648,4.7,mb,South Sandwich Islands region
2024-04-19T02:23:16.270Z,-24.5403,-176.7015,10,5.2,mb,south of the Fiji Islands
2024-04-19T00:33:22.263Z,36.0485,139.8891,60.512,4.5,mb,"0 km W of Iwai, Japan"
2024-04-18T21:27:50.294Z,-27.4171,-177.0835,10,4.6,mb,Kermadec Islands region
2024-04-18T20:48:58.010Z,-21.2781,-70.2662,35.634,4.5,mb,"90 km N of Tocopilla, Chile"
2024-04-18T19:18:21.788Z,11.0476,138.8477,10,4.5,mb,"187 km NNE of Colonia, Micronesia"
2024-04-18T19:16:06.562Z,11.0534,138.7487,10,4.8,mb,"183 km NNE of Colonia, Micronesia"
2024-04-18T18:45:00.138Z,15.8946,146.7414,34.629,4.6,mb,"130 km NE of Saipan, Northern Mariana Islands"
2024-04-18T17:44:21.553Z,33.477,81.8122,10,4.6,mb,western Xizang
2024-04-18T17:40:02.062Z,33.5041,81.7676,10,5.1,mb,western Xizang
2024-04-18T16:13:43.088Z,26.1164,-110.6834,10,4.5,mb,"67 km E of Loreto, Mexico"
2024-04-18T15:12:30.391Z,25.7087,-110.7948,10,5.6,mww,"64 km ESE of Loreto, Mexico"
2024-04-18T15:11:25.596Z,39.9894,35.9451,16,5.6,mww,"11 km W of Sulusaray, Turkey"
2024-04-18T14:59:40.872Z,-19.3805,-172.8247,10,4.7,mb,"146 km ESE of Neiafu, Tonga"
2024-04-18T14:05:08.632Z,15.8076,146.8694,34.542,4.6,mb,"136 km ENE of Saipan, Northern Mariana Islands"
2024-04-18T11:09:02.512Z,-35.6466,179.4541,51.42,4.7,mwr,"240 km NNE of Hicks Bay, New Zealand"
2024-04-18T09:29:11.969Z,22.7438,143.3267,62,5.4,mww,"Volcano Islands, Japan region"
2024-04-18T09:11:57.239Z,23.7095,121.8114,27.816,4.7,mb,"36 km SE of Hualien City, Taiwan"
2024-04-18T08:35:45.291Z,-43.5942,-16.0807,10,4.5,mb,southern Mid-Atlantic Ridge
2024-04-18T08:26:13.393Z,-43.6941,-16.0988,10,5.2,mb,southern Mid-Atlantic Ridge
2024-04-18T07:43:33.464Z,33.5515,81.8828,10,4.5,mb,western Xizang
2024-04-18T07:39:39.658Z,26.2783,-110.56,10,5.2,mww,"84 km ENE of Loreto, Mexico"
2024-04-18T07:32:42.428Z,-64.7416,178.5311,10,4.5,mb,Balleny Islands region
2024-04-18T06:06:04.909Z,50.2411,-129.9156,10,5.1,mww,"204 km WSW of Port McNeill, Canada"
2024-04-18T00:35:01.787Z,13.2687,-44.9038,10,4.7,mb,northern Mid-Atlantic Ridge
2024-04-17T22:07:00.002Z,40.018,35.9571,3.765,4.6,mwr,"11 km WNW of Sulusaray, Turkey"
2024-04-17T21:46:14.711Z,50.2005,-129.9075,6.936,4.9,mww,"205 km WSW of Port McNeill, Canada"
2024-04-17T21:31:47.788Z,-21.2737,-177.8682,387.775,5.4,mww,"266 km W of Houma, Tonga"
2024-04-17T21:21:54.614Z,11.1271,-85.3325,154,5.5,mww,"20 km ESE of Cárdenas, Nicaragua"
2024-04-17T18:10:29.086Z,3.9096,-31.9985,10,4.6,mb,central Mid-Atlantic Ridge
2024-04-17T14:19:00.978Z,33.2552,132.3539,50.484,4.8,mb,"19 km W of Uwajima, Japan"
2024-04-17T14:14:46.694Z,33.2503,132.3647,32,6.3,mww,"18 km W of Uwajima, Japan"
2024-04-17T13:52:46.098Z,26.271,-110.6183,10,4.7,mww,"78 km ENE of Loreto, Mexico"
2024-04-17T12:21:56.331Z,33.5376,81.7143,10,4.9,mb,western Xizang
2024-04-17T11:58:07.963Z,26.2305,-110.6018,10,4.9,mww,"78 km ENE of Loreto, Mexico"
2024-04-17T11:26:26.139Z,-55.9265,-30.6482,10,4.6,mb,South Sandwich Islands region
2024-04-17T09:17:10.618Z,23.8715,121.7448,32.186,4.9,mww,"18 km SE of Hualien City, Taiwan"
2024-04-17T08:15:05.225Z,-5.7846,112.3528,10,4.6,mb,"120 km N of Paciran, Indonesia"
2024-04-17T08:04:42.182Z,-62.8511,148.4495,10,5,mb,Balleny Islands region
2024-04-17T04:22:33.355Z,42.0079,82.6902,10,4.9,mb,"37 km NNW of Kuqa, China"
2024-04-17T03:55:39.257Z,-1.5885,134.541,10,4.7,mb,"42 km ESE of Ransiki, Indonesia"
2024-04-17T01:45:14.861Z,26.1567,-110.4997,10,5,mww,"86 km E of Loreto, Mexico"
2024-04-17T00:48:31.828Z,-30.6602,-177.7531,35,4.5,mb,"Kermadec Islands, New Zealand"
2024-04-16T23:01:24.137Z,11.3815,92.9599,57.532,5,mww,"39 km SE of Port Blair, India"
2024-04-16T21:30:43.746Z,-24.0905,-66.8975,196.344,4.5,mb,"60 km WNW of San Antonio de los Cobres, Argentina"
2024-04-16T20:19:15.890Z,26.3706,142.5275,10,4.8,mb,"Bonin Islands, Japan region"
2024-04-16T18:59:48.903Z,24.0589,121.7989,27.269,4.6,mwr,"21 km ENE of Hualien City, Taiwan"
2024-04-16T18:30:12.030Z,-37.2745,177.8205,63.344,4.5,mwr,"55 km NW of Hicks Bay, New Zealand"
2024-04-16T16:06:15.536Z,9.6873,126.2537,51.666,5,mb,"17 km ESE of Union, Philippines"
2024-04-16T14:58:55.527Z,12.9353,145.4323,9.219,5.4,mww,"83 km ESE of Inarajan Village, Guam"
2024-04-16T10:37:12.924Z,55.8402,164.6916,20.332,4.8,mb,"144 km ESE of Ust’-Kamchatsk Staryy, Russia"
2024-04-16T07:56:40.597Z,-14.8116,168.0105,10,5,mww,"104 km ENE of Port-Olry, Vanuatu"
2024-04-16T05:44:05.000Z,-15.404,-173.7161,92.224,4.7,mb,"61 km N of Hihifo, Tonga"
2024-04-16T03:18:21.817Z,-7.2481,105.9559,35,4.8,mb,"71 km WSW of Pelabuhanratu, Indonesia"
2024-04-16T03:07:14.850Z,-7.0497,124.9542,503.626,4.9,mb,"174 km N of Maubara, Timor Leste"
2024-04-16T00:53:39.211Z,9.8282,126.1635,21.442,4.5,mb,"8 km ESE of Pilar, Philippines"
2024-04-15T22:41:59.214Z,-24.3416,-67.113,171.8,4.5,mb,"81 km W of San Antonio de los Cobres, Argentina"
2024-04-15T22:38:56.828Z,29.4397,131.7622,7.556,5.9,mww,"147 km SE of Koshima, Japan"
2024-04-15T18:17:01.676Z,52.5626,172.7376,26.8,4.6,mb,"43 km SW of Attu Station, Alaska"
2024-04-15T16:51:33.299Z,-15.3439,67.1412,10,4.6,mb,Mid-Indian Ridge
2024-04-15T16:40:41.589Z,-15.2091,67.3679,10,4.6,mb,Mid-Indian Ridge
2024-04-15T15:28:01.389Z,-20.3783,-173.3694,10,4.6,mb,"120 km ESE of Pangai, Tonga"
2024-04-15T10:43:28.500Z,-5.2266,151.892,71.991,5.4,mww,"106 km SSW of Kokopo, Papua New Guinea"
2024-04-15T07:00:00.705Z,-56.3554,-25.9814,35,4.6,mb,South Sandwich Islands region
2024-04-15T06:06:29.890Z,34.1729,26.1663,31.579,4.7,mb,"100 km SSE of Ierápetra, Greece"
2024-04-15T00:37:12.154Z,-15.4498,166.8828,34.109,4.6,mb,"30 km WNW of Luganville, Vanuatu"
2024-04-15T00:18:16.726Z,-55.4605,-124.7026,10,4.6,mb,southern East Pacific Rise
2024-04-14T23:29:04.876Z,11.0732,-86.925,10,4.6,mb,"90 km SSW of Masachapa, Nicaragua"
2024-04-14T21:05:59.241Z,-7.5578,127.5419,137.47,4.9,mb,"122 km NNE of Lospalos, Timor Leste"
2024-04-14T20:56:28.201Z,-5.8565,151.0953,49,6.5,mww,"111 km ESE of Kimbe, Papua New Guinea"
2024-04-14T19:14:58.353Z,13.9423,-91.1667,80.948,4.7,mwr,"19 km SW of La Gomera, Guatemala"
2024-04-14T18:16:26.346Z,37.7619,101.1372,6.441,4.9,mb,"37 km ENE of Mole, China"
2024-04-14T17:39:18.604Z,21.1991,146.0506,10,4.9,mb,Mariana Islands region
2024-04-14T13:51:00.540Z,41.2956,78.6481,10,4.5,mb,"127 km SSE of Kyzyl-Suu, Kyrgyzstan"
2024-04-14T11:24:14.564Z,11.6794,125.7291,34.395,4.5,mb,"29 km ENE of Lalawigan, Philippines"
2024-04-14T10:58:42.151Z,-1.5879,-80.9147,19.142,4.5,mb,"45 km SW of Jipijapa, Ecuador"
2024-04-14T10:15:19.476Z,-19.1859,-177.701,392.238,4.5,mb,Fiji region
2024-04-14T09:47:52.131Z,-18.5091,-175.587,236.458,4.8,mb,"169 km W of Neiafu, Tonga"
2024-04-14T06:05:07.184Z,-35.1841,-178.8846,10,4.6,mb,east of the North Island of New Zealand
2024-04-14T05:31:49.239Z,19.8354,121.4237,39.998,4.5,mwr,"88 km SW of Basco, Philippines"
2024-04-14T05:28:47.416Z,7.6417,-37.1742,10,5.3,mww,central Mid-Atlantic Ridge
2024-04-14T03:37:41.535Z,-29.9242,-178.692,181.372,4.6,mb,"Kermadec Islands, New Zealand"
2024-04-13T23:01:22.040Z,-32.5235,-71.5362,35,4.5,mb,"29 km WSW of La Ligua, Chile"
2024-04-13T20:00:45.035Z,-16.8229,-173.3837,31.916,4.7,mb,"105 km SSE of Hihifo, Tonga"
2024-04-13T19:32:20.909Z,11.8928,125.7343,10,4.6,mb,"31 km ESE of Dolores, Philippines"
2024-04-13T17:46:59.392Z,2.4779,126.821,38.551,4.5,mb,"156 km WNW of Tobelo, Indonesia"
2024-04-13T16:40:55.412Z,2.1044,126.6086,39.341,5,mww,"161 km WNW of Tobelo, Indonesia"
2024-04-13T15:50:17.782Z,1.2373,126.175,51.842,4.6,mb,"118 km E of Bitung, Indonesia"
2024-04-13T15:17:18.773Z,-49.031,121.3854,10,5,mww,western Indian-Antarctic Ridge
2024-04-13T12:00:29.133Z,31.5255,138.2727,378.886,4.5,mb,"Izu Islands, Japan region"
2024-04-13T10:47:02.842Z,-15.0413,-173.0667,10,5.4,mww,"127 km NE of Hihifo, Tonga"
2024-04-13T10:37:54.121Z,34.0185,-176.9894,10,4.6,mb,North Pacific Ocean
2024-04-13T09:10:45.375Z,11.8694,125.8013,10,4.7,mb,"38 km E of Sulat, Philippines"
2024-04-13T08:48:52.420Z,-20.3631,-177.6571,492.271,4.8,mb,"260 km WNW of Houma, Tonga"
2024-04-13T06:53:44.360Z,-42.1381,88.8361,10,5,mb,southeast Indian Ridge
2024-04-13T06:26:35.031Z,2.226,126.6873,38.856,5.2,mww,"157 km WNW of Tobelo, Indonesia"
2024-04-13T05:44:39.593Z,33.5479,81.8672,10,5.5,mww,western Xizang
2024-04-13T04:38:20.333Z,-25.5594,179.7178,500.632,4.6,mb,south of the Fiji Islands
2024-04-13T02:29:43.041Z,-16.2084,-172.7149,17.237,4.5,mb,"119 km ESE of Hihifo, Tonga"
2024-04-13T02:23:14.747Z,38.9897,23.3817,10,4.5,mwr,"20 km E of Istiaía, Greece"
2024-04-13T00:10:58.340Z,-24.3704,-176.0067,31.641,4.7,mb,south of the Fiji Islands
2024-04-12T22:18:40.719Z,71.5675,-3.2077,10,4.7,mww,"210 km ENE of Olonkinbyen, Svalbard and Jan Mayen"
2024-04-12T22:13:44.106Z,-5.7073,153.5973,10,4.7,mb,"210 km SE of Kokopo, Papua New Guinea"
2024-04-12T20:02:52.592Z,-14.9734,167.3875,137.067,4.6,mb,"34 km ENE of Port-Olry, Vanuatu"
2024-04-12T19:27:51.810Z,9.8613,-104.4684,10,4.6,mb,northern East Pacific Rise
2024-04-12T19:21:13.577Z,-30.784,-177.954,20.987,4.5,mb,"Kermadec Islands, New Zealand"
2024-04-12T18:44:37.485Z,23.409,120.1613,10,4.6,mww,"30 km WSW of Pizitou, Taiwan"
2024-04-12T17:07:48.703Z,34.0057,141.7855,24.432,4.7,mb,"184 km SE of Katsuura, Japan"
2024-04-12T15:59:15.269Z,-10.2257,161.0159,20,5.8,mww,"102 km WNW of Kirakira, Solomon Islands"
2024-04-12T14:19:58.698Z,22.2514,121.6659,12.204,4.6,mb,"98 km ENE of Hengchun, Taiwan"
2024-04-12T09:46:56.311Z,-6.5671,143.6815,10.285,4.5,mb,"46 km S of Mendi, Papua New Guinea"
2024-04-12T09:18:51.328Z,-3.4384,145.4841,10,4.6,mb,"171 km ENE of Angoram, Papua New Guinea"
2024-04-12T09:00:17.560Z,28.279,129.2805,53.889,5,mww,"5 km ESE of Uken, Japan"
2024-04-12T08:47:57.764Z,33.5063,81.7768,10,4.7,mb,western Xizang
2024-04-12T08:13:42.468Z,41.1619,78.6163,4.251,4.6,mwr,"129 km W of Aykol, China"
2024-04-12T05:04:55.702Z,33.5976,81.877,10,4.7,mb,western Xizang
2024-04-12T04:03:43.164Z,33.6749,81.9321,10,4.5,mb,western Xizang
2024-04-12T03:36:24.212Z,-22.9863,-177.1237,151.26,4.5,mb,"275 km SW of Houma, Tonga"
2024-04-12T03:11:20.845Z,-60.4649,-24.2094,10,4.7,mb,South Sandwich Islands region
2024-04-12T00:02:24.682Z,8.5262,122.9545,10,4.5,mb,"11 km NW of Ponot, Philippines"
2024-04-11T22:56:12.036Z,-5.3294,140.3274,37.657,4.6,mb,"138 km NW of Kiunga, Papua New Guinea"
2024-04-11T22:27:25.573Z,11.1248,-86.9378,10,4.9,mb,"86 km SSW of Masachapa, Nicaragua"
2024-04-11T20:43:16.652Z,-33.9137,-178.7378,10,4.7,mb,south of the Kermadec Islands
2024-04-11T17:49:37.583Z,-65.277,-173.3253,10,4.6,mb,Pacific-Antarctic Ridge
2024-04-11T17:34:06.488Z,3.6958,126.7665,45.378,5,mb,"237 km SE of Sarangani, Philippines"
2024-04-11T16:08:52.374Z,-15.2306,167.3796,130.05,4.8,mb,"39 km ESE of Port-Olry, Vanuatu"
2024-04-11T15:50:21.361Z,-2.8826,129.401,15.272,4.9,mb,"66 km NE of Masohi, Indonesia"
2024-04-11T13:06:18.826Z,2.6875,127.3579,63.918,4.6,mb,"128 km NW of Tobelo, Indonesia"
2024-04-11T12:43:52.906Z,-30.7546,-177.925,35,4.5,mb,"Kermadec Islands, New Zealand"
2024-04-11T08:54:40.603Z,-21.7458,-179.3946,586.48,4.9,mb,Fiji region
2024-04-11T04:01:01.995Z,-21.249,-69.8944,56.894,4.5,mwr,"98 km NNE of Tocopilla, Chile"
2024-04-11T03:33:57.207Z,7.6449,126.1637,10,5.2,mww,"5 km NE of Bantacan, Philippines"
2024-04-11T03:10:15.853Z,-56.2734,-30.5418,10,4.6,mb,South Sandwich Islands region
2024-04-11T01:28:44.619Z,-21.8058,-178.4736,457.823,4.5,mb,Fiji region
2024-04-11T00:47:07.145Z,-38.6965,78.1286,10,5,mb,Mid-Indian Ridge
2024-04-10T23:41:11.990Z,52.1824,-171.4322,37.225,4.9,mwr,"189 km E of Atka, Alaska"
2024-04-10T21:02:58.594Z,-17.7259,167.8067,10,4.7,mb,"53 km W of Port-Vila, Vanuatu"
2024-04-10T19:26:07.773Z,6.2126,92.6985,10,4.5,mb,"292 km W of Sabang, Indonesia"
2024-04-10T18:53:50.151Z,41.9716,82.6606,10,4.6,mb,"36 km NW of Kuqa, China"
2024-04-10T18:45:49.997Z,10.0467,72.9404,10,4.6,mb,"66 km SSE of Kavaratti, India"
2024-04-10T17:26:14.725Z,6.2709,92.7251,10,4.7,mb,"289 km W of Sabang, Indonesia"
2024-04-10T16:55:12.547Z,24.1477,121.7763,16.962,4.5,mwr,"25 km NE of Hualien City, Taiwan"
2024-04-10T16:20:17.869Z,11.8705,125.841,9.55,5.2,mww,"42 km E of Sulat, Philippines"
2024-04-10T16:09:03.682Z,-19.1113,-175.435,198.586,4.8,mb,"136 km WNW of Fangale’ounga, Tonga"
2024-04-10T15:33:42.660Z,-17.2602,-68.4861,203.694,5,mww,"60 km W of Patacamaya, Bolivia"
2024-04-10T14:56:17.074Z,41.9596,82.6648,8,5.4,mww,"34 km NW of Kuqa, China"
2024-04-10T14:06:07.479Z,4.4196,126.8765,55.843,4.6,mb,"190 km SE of Sarangani, Philippines"
2024-04-10T10:57:39.261Z,41.8952,82.4218,10,5,mb,"46 km WNW of Kuqa, China"
2024-04-10T10:52:06.096Z,-17.8521,171.8852,10,4.8,mb,Vanuatu region
2024-04-10T10:08:01.040Z,-56.3729,-25.2644,10,4.6,mb,South Sandwich Islands region
2024-04-10T09:27:22.573Z,-56.8011,-141.2891,10,4.6,mb,Pacific-Antarctic Ridge
2024-04-10T08:28:51.494Z,53.5209,-163.4881,18.011,4.5,mwr,"148 km S of False Pass, Alaska"
2024-04-10T07:57:42.427Z,-38.8374,47.1158,10,5.1,mb,Southwest Indian Ridge
2024-04-10T06:54:32.424Z,11.6237,125.1882,87.604,4.5,mb,"18 km E of Calbiga, Philippines"
2024-04-10T06:19:20.165Z,29.19,128.4055,181.883,4.6,mb,"127 km NW of Uken, Japan"
2024-04-10T05:53:30.154Z,21.3328,-45.6255,10,4.8,mb,northern Mid-Atlantic Ridge
2024-04-10T05:42:15.703Z,-5.3603,151.5242,72.753,4.6,mb,"139 km SW of Kokopo, Papua New Guinea"
2024-04-10T05:10:35.757Z,-3.0934,68.4404,10,4.5,mb,Chagos Archipelago region
2024-04-10T03:14:46.434Z,-29.6293,-72.0549,13.588,4.6,mwr,"77 km WNW of Coquimbo, Chile"
2024-04-10T01:55:13.975Z,53.0996,-166.7973,35,4.6,mwr,"87 km SSW of Unalaska, Alaska"
2024-04-09T19:44:56.753Z,-2.8482,129.3735,11.315,4.6,mb,"67 km NE of Masohi, Indonesia"
2024-04-09T19:08:06.308Z,-25.374,-177.2202,141.093,4.5,mb,south of the Fiji Islands
2024-04-09T18:50:31.735Z,-23.5186,-66.7495,203.122,4.5,mb,"89 km NNW of San Antonio de los Cobres, Argentina"
2024-04-09T18:36:19.542Z,-24.0978,-67.3335,167.457,4.5,mb,"103 km W of San Antonio de los Cobres, Argentina"
2024-04-09T17:58:16.169Z,2.6953,127.1553,57.2,4.5,mb,"143 km NW of Tobelo, Indonesia"
2024-04-09T17:21:33.077Z,1.8138,66.9274,10,4.5,mb,Carlsberg Ridge
2024-04-09T14:07:05.932Z,28.049,100.2389,30.53,5,mb,"48 km WNW of Yongning, China"
2024-04-09T10:45:29.040Z,-22.2677,179.4204,590.163,4.9,mb,south of the Fiji Islands
2024-04-09T09:56:43.981Z,44.3489,149.0268,55.351,4.8,mb,"133 km SE of Kuril’sk, Russia"
2024-04-09T09:47:59.810Z,2.6982,127.0624,22,6.4,mww,"150 km NW of Tobelo, Indonesia"
2024-04-09T09:22:45.530Z,39.4937,97.6436,10,4.7,mb,"38 km SSW of Laojunmiao, China"
2024-04-09T07:16:40.915Z,-13.2973,-112.0256,10,4.7,mb,central East Pacific Rise
2024-04-09T05:14:10.481Z,-1.6306,134.5247,10,4.8,mb,"41 km ESE of Ransiki, Indonesia"
2024-04-09T05:10:24.413Z,23.3686,142.9585,36.208,4.9,mb,"Volcano Islands, Japan region"
2024-04-09T04:15:04.033Z,-17.6118,167.8039,10,4.5,mb,"55 km WNW of Port-Vila, Vanuatu"
2024-04-09T03:07:04.680Z,-3.8582,-80.9823,35,4.5,mb,"28 km NNE of Máncora, Peru"
2024-04-09T00:58:31.730Z,-4.8484,103.0229,67.106,4.7,mb,"94 km SSW of Pagar Alam, Indonesia"
2024-04-09T00:04:05.827Z,-1.585,134.4849,10,5.5,mb,"35 km ESE of Ransiki, Indonesia"
2024-04-09T00:02:52.078Z,-1.6951,134.4237,6.66,5.9,mww,"34 km SE of Ransiki, Indonesia"
2024-04-08T22:21:07.440Z,-33.6854,56.9023,10,4.5,mb,Southwest Indian Ridge
2024-04-08T20:58:02.763Z,-16.4488,-172.869,38.64,5.2,mww,"113 km ESE of Hihifo, Tonga"
2024-04-08T18:02:37.198Z,23.8945,121.7042,36.827,4.8,mwr,"13 km SE of Hualien City, Taiwan"
2024-04-08T17:42:02.526Z,-5.4914,-111.9648,10,4.5,mb,east central Pacific Ocean
2024-04-08T17:18:01.703Z,-2.9386,127.9159,40.803,4.5,mb,"88 km NNW of Ambon, Indonesia"
2024-04-08T15:56:22.005Z,8.7738,126.4739,70.245,4.6,mb,"19 km E of Marihatag, Philippines"
2024-04-08T15:34:55.705Z,-4.166,143.1623,35,4.5,mb,"38 km E of Ambunti, Papua New Guinea"
2024-04-08T14:24:46.904Z,-23.4368,-179.7424,535.776,4.9,mb,south of the Fiji Islands
2024-04-08T13:57:41.058Z,13.8251,120.6059,129.717,4.5,mb,"2 km WSW of Calatagan, Philippines"
2024-04-08T09:03:44.556Z,-28.8357,-175.9718,10,4.6,mb,Kermadec Islands region
2024-04-08T08:43:21.811Z,-49.0215,-8.2004,10,4.5,mb,southern Mid-Atlantic Ridge
2024-04-08T05:09:34.200Z,24.1739,121.8555,29.992,4.6,mwr,"33 km NE of Hualien City, Taiwan"
2024-04-08T04:57:08.499Z,32.0565,131.9432,35,4.6,mb,"41 km ESE of Tsunō, Japan"
2024-04-08T03:46:11.265Z,-20.1001,-173.9065,36.62,4.6,mb,"56 km SE of Pangai, Tonga"
2024-04-08T03:10:17.316Z,-30.7975,-178.4494,109.823,5.1,mb,"Kermadec Islands, New Zealand"
2024-04-08T01:25:29.592Z,31.6565,131.3933,50.529,5.1,mww,"6 km NNE of Nichinan, Japan"
2024-04-08T01:02:56.714Z,4.4316,127.6413,69.786,4.5,mb,"264 km ESE of Sarangani, Philippines"
2024-04-07T23:16:28.205Z,41.8794,82.2888,10,4.5,mb,"56 km WNW of Kuqa, China"
2024-04-07T22:49:30.435Z,24.2276,121.8501,37.544,4.6,mb,"37 km NE of Hualien City, Taiwan"
2024-04-07T22:19:58.850Z,-7.4766,128.0757,152.645,4.9,mww,"165 km NE of Lospalos, Timor Leste"
2024-04-07T20:47:58.649Z,41.8492,82.1566,10,5,mb,"65 km WNW of Kuqa, China"
2024-04-07T20:31:15.225Z,-4.9809,144.2529,94.85,4.9,mb,"81 km NE of Wabag, Papua New Guinea"
2024-04-07T20:04:38.555Z,24.3237,143.0439,10,4.6,mb,"Volcano Islands, Japan region"
2024-04-07T17:49:32.447Z,13.8143,-88.9836,193.139,5,mb,"2 km S of Tenancingo, El Salvador"
2024-04-07T17:46:18.442Z,-6.5495,103.9286,38.777,5,mww,"192 km SW of Bandar Lampung, Indonesia"
2024-04-07T16:04:45.249Z,-23.0671,-70.9507,20.592,4.5,mwr,"51 km W of Mejillones, Chile"
2024-04-07T14:57:16.495Z,-8.9592,118.6205,10,5,mb,"49 km SSE of Dompu, Indonesia"
2024-04-07T12:12:27.303Z,-55.0451,158.9418,10,4.9,mww,Macquarie Island region
2024-04-07T12:08:39.361Z,-26.3412,-178.6888,355.44,4.8,mb,south of the Fiji Islands
2024-04-07T11:03:09.406Z,41.9145,82.3352,10,4.5,mb,"54 km WNW of Kuqa, China"
2024-04-07T11:00:30.094Z,-39.5786,-15.5534,10,4.8,mb,Tristan da Cunha region
2024-04-07T10:38:24.934Z,11.2437,-86.8518,43.193,4.5,mb,"70 km SSW of Masachapa, Nicaragua"
2024-04-07T10:24:38.426Z,24.067,121.6777,15.62,4.5,mb,"12 km NE of Hualien City, Taiwan"
2024-04-07T10:01:21.679Z,24.1331,122.018,36.772,4.9,mww,"45 km ENE of Hualien City, Taiwan"
2024-04-07T09:53:39.905Z,-20.4821,-178.2318,532.136,4.5,mb,Fiji region
2024-04-07T08:46:17.940Z,41.8956,82.2688,10,5.1,mb,"58 km WNW of Kuqa, China"
2024-04-07T08:44:04.255Z,41.8304,82.2444,10,4.6,mb,"58 km WNW of Kuqa, China"
2024-04-07T08:03:44.436Z,10.47,-65.0787,10,4.5,mb,"45 km N of Puerto Píritu, Venezuela"
2024-04-07T07:25:06.984Z,-6.3877,149.2718,47.071,5.1,mb,"36 km WSW of Kandrian, Papua New Guinea"
2024-04-07T05:23:42.813Z,-59.4196,-17.7451,10,5.4,mww,east of the South Sandwich Islands
2024-04-07T02:38:38.496Z,-21.9779,170.2167,19.63,5,mww,"246 km E of Tadine, New Caledonia"
2024-04-07T02:23:46.697Z,-5.2701,153.6899,50.843,4.6,mb,"188 km ESE of Kokopo, Papua New Guinea"
2024-04-07T02:06:00.792Z,24.2268,121.7488,15.977,4.5,mb,"31 km NNE of Hualien City, Taiwan"
2024-04-06T22:47:14.296Z,-20.5056,-176.0416,238.625,4.6,mb,"106 km NW of Houma, Tonga"
2024-04-06T21:15:08.953Z,24.008,121.7648,18.865,4.6,mwr,"16 km ENE of Hualien City, Taiwan"
2024-04-06T20:44:13.374Z,-64.453,178.2944,10,4.5,mb,Balleny Islands region
2024-04-06T17:48:54.213Z,27.3869,130.0917,13.312,4.5,mb,"118 km ESE of Isen, Japan"
2024-04-06T15:55:28.321Z,-55.3962,-27.5975,10,4.6,mb,South Sandwich Islands region
2024-04-06T15:53:12.455Z,24.2043,121.8332,33.808,4.8,mwr,"34 km NE of Hualien City, Taiwan"
2024-04-06T12:25:42.820Z,-4.0281,142.903,63.264,5,mb,"22 km NNE of Ambunti, Papua New Guinea"
2024-04-06T11:49:34.353Z,15.769,147.0555,10,4.9,mb,"152 km ENE of Saipan, Northern Mariana Islands"
2024-04-06T10:47:12.076Z,23.86,121.6946,29.453,5.2,mww,"15 km SE of Hualien City, Taiwan"
2024-04-06T09:32:53.318Z,5.4354,126.3625,109.123,4.5,mb,"96 km SE of Caburan, Philippines"
2024-04-06T08:24:30.650Z,-3.277,138.2881,65.268,5,mb,"251 km N of Agats, Indonesia"
2024-04-06T06:31:14.740Z,-3.9245,-102.9724,10,5.1,mww,central East Pacific Rise
2024-04-06T05:30:41.264Z,-16.5206,66.5709,10,4.5,mb,Mid-Indian Ridge
2024-04-06T03:52:54.827Z,24.1544,121.7326,26.385,4.7,mwr,"23 km NNE of Hualien City, Taiwan"
2024-04-06T02:29:22.577Z,27.1432,103.4715,10,5,mww,"30 km SW of Zhaotong, China"
2024-04-06T02:09:54.855Z,-25.6015,179.8801,496.08,4.8,mb,south of the Fiji Islands
2024-04-06T01:37:49.290Z,23.6327,122.0266,10,5,mb,"57 km SE of Hualien City, Taiwan"
2024-04-06T01:13:39.483Z,25.7829,128.3469,10,4.7,mb,"75 km SE of Yonabaru, Japan"
2024-04-06T00:12:17.749Z,40.8775,143.2258,26.386,5.4,mww,"141 km S of Honchō, Japan"
2024-04-05T23:35:24.713Z,-23.3111,170.8618,10,4.6,mb,southeast of the Loyalty Islands
2024-04-05T20:32:13.197Z,-18.147,-174.4561,114.688,5.6,mww,"74 km NW of Neiafu, Tonga"
2024-04-05T20:26:26.119Z,23.8872,121.8259,21.638,4.9,mww,"24 km ESE of Hualien City, Taiwan"
2024-04-05T20:12:10.587Z,24.0916,121.7075,18.734,4.5,mb,"16 km NE of Hualien City, Taiwan"
2024-04-05T18:57:25.048Z,-11.011,161.3971,10,4.9,mb,"84 km SW of Kirakira, Solomon Islands"
2024-04-05T18:49:23.565Z,23.8825,121.9627,17.582,4.6,mwr,"37 km ESE of Hualien City, Taiwan"
2024-04-05T16:13:20.733Z,0.5402,98.5578,57.402,4.8,mb,"84 km E of Teluk Dalam, Indonesia"
2024-04-05T15:00:36.463Z,24.1336,121.8445,8.048,4.9,mb,"29 km NE of Hualien City, Taiwan"
2024-04-05T14:23:20.045Z,40.6963,-74.7596,2.624,4.8,mwr,"2024 Tewksbury, New Jersey Earthquake"
2024-04-05T12:45:38.655Z,26.4924,96.9139,69.136,5.7,mb,"33 km NNE of Sarupathar, India"
2024-04-05T12:07:46.145Z,6.6676,-72.9997,166.421,4.5,mb,"3 km SE of Aratoca, Colombia"
2024-04-05T11:03:16.357Z,19.1103,145.3659,222,6.8,mww,"Maug Islands region, Northern Mariana Islands"
2024-04-05T10:27:23.584Z,-62.2762,154.777,10,4.6,mb,Balleny Islands region
2024-04-05T09:01:55.258Z,15.2716,-93.6043,77.926,5,mww,"48 km WSW of El Palmarcito, Mexico"
2024-04-05T08:54:08.832Z,31.0438,49.4231,10,4.5,mb,"16 km N of Rāmshīr, Iran"
2024-04-05T08:45:53.926Z,31.03,49.417,10,4.7,mb,"15 km N of Rāmshīr, Iran"
2024-04-05T06:12:47.647Z,23.8011,121.5992,10.708,4.7,mwr,"19 km S of Hualien City, Taiwan"
2024-04-05T04:51:52.476Z,-4.9644,151.5562,147.24,4.5,mb,"104 km SW of Kokopo, Papua New Guinea"
2024-04-05T04:50:51.121Z,24.0787,121.684,20.304,5,mww,"13 km NE of Hualien City, Taiwan"
2024-04-05T02:30:02.555Z,14.9227,-44.9831,10,5,mb,northern Mid-Atlantic Ridge
2024-04-05T01:44:14.326Z,14.8978,-44.9733,10,4.9,mb,northern Mid-Atlantic Ridge
2024-04-04T23:46:40.169Z,7.9582,-38.0882,10,5.1,mb,central Mid-Atlantic Ridge
2024-04-04T23:43:53.541Z,7.9364,-38.1058,10,4.8,mb,central Mid-Atlantic Ridge
2024-04-04T23:37:28.670Z,7.9741,-38.1448,10,5.3,mww,central Mid-Atlantic Ridge
2024-04-04T23:18:23.674Z,8.039,-38.114,10,5,mb,central Mid-Atlantic Ridge
2024-04-04T23:16:56.394Z,8.097,-38.2183,10,4.8,mb,central Mid-Atlantic Ridge
2024-04-04T20:31:49.325Z,41.9769,142.4449,63.264,5,mww,"34 km SW of Urakawa, Japan"
2024-04-04T19:29:08.124Z,21.127,145.6295,35,4.9,mb,Mariana Islands region
2024-04-04T18:42:37.113Z,24.2834,121.934,22.917,4.5,mb,"47 km NE of Hualien City, Taiwan"
2024-04-04T18:35:01.783Z,24.1458,121.6806,34.539,4.9,mww,"20 km NNE of Hualien City, Taiwan"
2024-04-04T18:29:27.742Z,1.6071,126.3817,60.52,4.6,mb,"140 km E of Bitung, Indonesia"
2024-04-04T18:23:17.782Z,-18.0901,-174.4981,10.086,4.5,mb,"82 km NW of Neiafu, Tonga"
2024-04-04T16:04:32.601Z,33.1698,76.816,32.436,5,mww,"33 km S of Padam, India"
2024-04-04T15:10:48.324Z,5.6722,125.4013,77.408,4.6,mb,"5 km NW of Nuing, Philippines"
2024-04-04T14:30:07.277Z,24.24,121.7809,24.978,4.8,mww,"34 km NNE of Hualien City, Taiwan"
2024-04-04T14:20:27.576Z,36.1813,-33.9821,10,4.9,mb,Azores Islands region
2024-04-04T14:19:08.399Z,18.1484,146.054,142.544,4.5,mb,"Pagan region, Northern Mariana Islands"
2024-04-04T13:50:13.701Z,14.9301,-45.0789,10,4.5,mb,northern Mid-Atlantic Ridge
2024-04-04T13:47:52.794Z,36.0555,-33.8699,10,4.6,mb,Azores Islands region
2024-04-04T13:10:42.944Z,-49.4905,-116.6233,10,4.7,mb,southern East Pacific Rise
2024-04-04T12:53:30.283Z,-20.1882,-177.0833,339.307,4.5,mb,"215 km WNW of Houma, Tonga"
2024-04-04T11:42:09.289Z,-16.0203,167.8422,188.364,4.5,mb,"46 km E of Lakatoro, Vanuatu"
2024-04-04T07:38:05.187Z,12.8955,-88.8866,54.6,5.1,mww,"56 km SW of Puerto El Triunfo, El Salvador"
2024-04-04T06:39:52.091Z,0.029,123.3349,142.442,4.9,mb,"63 km SSE of Gorontalo, Indonesia"
2024-04-04T05:00:30.740Z,24.2098,121.7837,27.771,4.5,mwr,"31 km NE of Hualien City, Taiwan"
2024-04-04T04:12:56.872Z,-20.77,169.2642,46.005,4.5,mb,"135 km S of Isangel, Vanuatu"
2024-04-04T03:16:30.313Z,37.7104,141.856,29,6.1,mww,"77 km E of Minami-Sōma, Japan"
2024-04-04T02:02:55.319Z,24.2176,121.8001,18.852,4.5,mwr,"33 km NE of Hualien City, Taiwan"
2024-04-04T00:49:20.987Z,-33.0494,-178.4201,10,4.6,mb,south of the Kermadec Islands
2024-04-04T00:39:38.283Z,38.4599,90.8993,10,5.1,mww,"194 km ESE of Bingtuan Sanshiliu Tuan, China"
2024-04-04T00:32:52.947Z,-45.7622,96.4339,10,4.8,mb,southeast Indian Ridge
2024-04-04T00:28:14.531Z,-24.4489,-69.5077,73.252,4.8,mww,"126 km SE of Antofagasta, Chile"
2024-04-04T00:27:29.828Z,-15.9593,168.5578,260.106,4.5,mb,"123 km E of Lakatoro, Vanuatu"
2024-04-04T00:19:52.287Z,-32.8864,-178.5121,10,5,mb,south of the Kermadec Islands
2024-04-03T22:57:50.870Z,-11.6052,166.363,124.847,4.6,mb,"115 km SSE of Lata, Solomon Islands"
2024-04-03T22:41:51.445Z,44.2474,148.4153,47.484,4.9,mb,"116 km SSE of Kuril’sk, Russia"
2024-04-03T19:46:52.700Z,23.7612,121.8012,20.372,4.5,mwr,"31 km SE of Hualien City, Taiwan"
2024-04-03T18:29:47.827Z,23.7919,121.7943,19.696,4.9,mww,"28 km SE of Hualien City, Taiwan"
2024-04-03T18:09:31.073Z,41.8989,141.5202,112.039,4.5,mb,"59 km ESE of Shikabe, Japan"
2024-04-03T15:55:12.248Z,24.2049,121.6751,21.797,4.6,mwr,"26 km NNE of Hualien City, Taiwan"
2024-04-03T15:54:39.253Z,24.1722,121.6483,25.002,4.5,mb,"22 km NNE of Hualien City, Taiwan"
2024-04-03T15:42:36.205Z,24.1496,121.6838,20.011,4.5,mwr,"20 km NNE of Hualien City, Taiwan"
2024-04-03T15:39:10.017Z,24.136,121.6875,25.124,4.5,mwr,"19 km NNE of Hualien City, Taiwan"
2024-04-03T13:51:56.776Z,-36.9529,-72.9395,35.977,5.2,mww,"8 km ESE of Chiguayante, Chile"
2024-04-03T12:18:31.578Z,-30.3196,-177.966,12.169,4.6,mb,"Kermadec Islands, New Zealand"
2024-04-03T09:02:16.573Z,-5.8654,112.3387,10,5.1,mww,"111 km N of Paciran, Indonesia"
2024-04-03T07:52:38.872Z,-14.3464,167.2752,219.999,4.7,mb,"59 km SSW of Sola, Vanuatu"
2024-04-03T07:17:55.172Z,1.1077,-85.311,10,4.5,mb,off the coast of Ecuador
2024-04-03T06:35:02.510Z,-36.0525,-73.5821,10.911,4.9,mwr,"84 km NW of Tomé, Chile"
2024-04-03T06:33:57.472Z,24.1177,121.9286,11.238,4.9,mwr,"36 km ENE of Hualien City, Taiwan"
2024-04-03T05:45:13.195Z,8.4565,126.6965,70.39,4.9,mb,"40 km ENE of Hinatuan, Philippines"
2024-04-03T05:38:42.575Z,23.9069,121.5768,13.91,4.5,mb,"8 km SSW of Hualien City, Taiwan"
2024-04-03T05:33:21.992Z,24.2191,121.7811,18.56,4.5,mb,"32 km NE of Hualien City, Taiwan"
2024-04-03T05:28:04.325Z,24.0943,121.698,13.854,4.5,mwr,"16 km NE of Hualien City, Taiwan"
2024-04-03T05:24:14.865Z,-5.5898,149.4168,173.825,4.6,mb,"69 km NNW of Kandrian, Papua New Guinea"
2024-04-03T04:58:06.939Z,24.1779,121.6093,35,4.5,mb,"22 km N of Hualien City, Taiwan"
2024-04-03T04:56:47.181Z,24.285,121.7399,29.186,4.6,mb,"36 km NNE of Hualien City, Taiwan"
2024-04-03T04:51:22.460Z,8.5051,126.6773,67.064,5.1,mb,"40 km ENE of Hinatuan, Philippines"
2024-04-03T04:36:10.809Z,24.0284,121.7173,32.802,4.7,mb,"12 km ENE of Hualien City, Taiwan"
2024-04-03T04:34:44.127Z,23.9954,121.668,45.326,4.8,mwr,"6 km ENE of Hualien City, Taiwan"
2024-04-03T03:57:17.840Z,23.7997,121.5444,29.509,4.9,mwr,"20 km SSW of Hualien City, Taiwan"
2024-04-03T03:45:36.610Z,23.773,121.7518,26.108,4.8,mwr,"27 km SSE of Hualien City, Taiwan"
2024-04-03T03:40:04.523Z,24.179,121.6236,36.09,4.5,mb,"22 km N of Hualien City, Taiwan"
2024-04-03T03:35:20.262Z,24.1808,121.8765,11.356,4.9,mwr,"35 km NE of Hualien City, Taiwan"
2024-04-03T03:32:22.685Z,-10.382,-75.4725,9.277,5,mb,"22 km NNW of Oxapampa, Peru"
2024-04-03T03:20:54.461Z,24.1244,121.6638,35,4.7,mb,"17 km NNE of Hualien City, Taiwan"
2024-04-03T03:14:41.946Z,24.016,121.9082,35,4.5,mb,"31 km E of Hualien City, Taiwan"
2024-04-03T03:08:09.765Z,24.0606,121.8427,38.439,4.6,mb,"25 km ENE of Hualien City, Taiwan"
2024-04-03T03:02:34.533Z,23.801,121.6623,10,4.6,mb,"20 km SSE of Hualien City, Taiwan"
2024-04-03T03:01:07.487Z,-31.825,77.4355,10,5,mb,Mid-Indian Ridge
2024-04-03T02:54:01.418Z,23.9869,121.71,37.881,4.6,mb,"10 km E of Hualien City, Taiwan"
2024-04-03T02:48:35.168Z,24.1723,121.9688,35,4.5,mb,"42 km ENE of Hualien City, Taiwan"
2024-04-03T02:46:32.088Z,23.8735,121.6377,35,4.5,mb,"11 km SSE of Hualien City, Taiwan"
2024-04-03T02:38:29.095Z,23.9281,121.5761,16.764,4.9,mb,"6 km SSW of Hualien City, Taiwan"
2024-04-03T02:32:33.405Z,6.8504,-73.1701,157.268,4.5,mb,"11 km ENE of Zapatoca, Colombia"
2024-04-03T02:28:16.568Z,24.1664,121.818,13.194,5.1,mwr,"30 km NE of Hualien City, Taiwan"
2024-04-03T02:23:27.076Z,24.2305,121.6344,35.749,5,mb,"28 km N of Hualien City, Taiwan"
2024-04-03T02:14:36.488Z,24.1954,121.9338,41.798,5.7,mwr,"41 km NE of Hualien City, Taiwan"
2024-04-03T02:13:38.794Z,24.1353,121.8025,10,4.7,mb,"26 km NE of Hualien City, Taiwan"
2024-04-03T02:08:42.935Z,23.8145,121.7676,35,4.5,mb,"24 km SE of Hualien City, Taiwan"
2024-04-03T02:02:05.440Z,0.9959,-85.2876,10,5.1,mb,off the coast of Ecuador
2024-04-03T01:53:57.455Z,23.8817,121.5533,22.545,5.1,mb,"11 km SSW of Hualien City, Taiwan"
2024-04-03T01:51:23.037Z,23.7431,121.8308,35,4.9,mb,"34 km SE of Hualien City, Taiwan"
2024-04-03T01:49:38.775Z,23.8897,121.8988,10,5.1,mb,"31 km ESE of Hualien City, Taiwan"
2024-04-03T01:48:58.053Z,23.7316,121.8019,10,4.5,mb,"33 km SE of Hualien City, Taiwan"
2024-04-03T01:41:14.834Z,23.3463,122.1012,22.496,4.8,mb,"86 km SE of Hualien City, Taiwan"
2024-04-03T01:39:47.928Z,23.7873,121.7835,26.363,5.7,mwr,"27 km SE of Hualien City, Taiwan"
2024-04-03T01:39:35.045Z,23.7905,121.7975,16.869,5.3,mb,"28 km SE of Hualien City, Taiwan"
2024-04-03T01:19:31.837Z,23.873,121.6499,6.723,5.1,mb,"12 km SSE of Hualien City, Taiwan"
2024-04-03T01:17:41.291Z,23.9694,121.6633,26.865,5,mb,"6 km E of Hualien City, Taiwan"
2024-04-03T01:13:10.456Z,24.0162,121.7192,35,4.6,mb,"12 km ENE of Hualien City, Taiwan"
2024-04-03T01:09:37.061Z,24.174,121.766,10,5.2,mb,"27 km NE of Hualien City, Taiwan"
2024-04-03T01:09:28.121Z,24.0918,121.8568,35,4.5,mb,"28 km ENE of Hualien City, Taiwan"
2024-04-03T01:07:16.493Z,24.0671,121.7272,28.876,4.6,mb,"15 km NE of Hualien City, Taiwan"
2024-04-03T01:06:10.799Z,23.9305,121.6879,35,4.5,mb,"9 km ESE of Hualien City, Taiwan"
2024-04-03T01:01:12.630Z,24.077,121.5601,20.884,5,mb,"11 km NNW of Hualien City, Taiwan"
2024-04-03T00:54:09.210Z,23.8024,121.6157,35.37,4.5,mb,"19 km S of Hualien City, Taiwan"
2024-04-03T00:50:46.898Z,23.7725,121.5952,27.179,5.2,mb,"22 km S of Hualien City, Taiwan"
2024-04-03T00:46:44.732Z,24.1702,121.7273,14.297,5.6,mww,"24 km NNE of Hualien City, Taiwan"
2024-04-03T00:43:55.100Z,23.9995,121.5898,10.789,5.3,mb,"2 km NNW of Hualien City, Taiwan"
2024-04-03T00:41:05.404Z,23.9965,121.5924,37.038,4.5,mb,"2 km NNW of Hualien City, Taiwan"
2024-04-03T00:39:42.975Z,24.2493,121.6542,30.42,4.5,mb,"30 km N of Hualien City, Taiwan"
2024-04-03T00:35:36.982Z,24.1511,121.6993,15.864,5.6,mb,"21 km NNE of Hualien City, Taiwan"
2024-04-03T00:31:12.301Z,23.9926,121.7893,23.2,5,mb,"18 km E of Hualien City, Taiwan"
2024-04-03T00:30:58.257Z,23.9647,121.7918,28.742,4.9,mb,"19 km E of Hualien City, Taiwan"
2024-04-03T00:27:01.869Z,23.8097,121.6207,25.364,4.8,mb,"18 km S of Hualien City, Taiwan"
2024-04-03T00:21:01.518Z,24.1526,121.7366,35,4.7,mb,"23 km NE of Hualien City, Taiwan"
2024-04-03T00:17:37.240Z,24.0049,121.7509,38.611,5.2,mb,"15 km ENE of Hualien City, Taiwan"
2024-04-03T00:17:16.083Z,24.0059,121.8453,35,5.1,mb,"24 km E of Hualien City, Taiwan"
2024-04-03T00:16:25.441Z,23.8113,121.4056,36.322,4.8,mb,"27 km SW of Hualien City, Taiwan"
2024-04-03T00:15:33.177Z,24.1761,121.8081,33.347,4.8,mb,"30 km NE of Hualien City, Taiwan"
2024-04-03T00:11:25.266Z,24.1021,121.6812,13.931,6.4,mww,"15 km NNE of Hualien City, Taiwan"
2024-04-03T00:09:31.012Z,24.1741,121.7374,32.25,5,mb,"25 km NNE of Hualien City, Taiwan"
2024-04-03T00:05:01.965Z,15.8214,146.8668,10,5.3,mb,"137 km ENE of Saipan, Northern Mariana Islands"
2024-04-02T23:58:12.173Z,23.8356,121.5976,40,7.4,mww,"15 km S of Hualien City, Taiwan"
2024-04-02T23:16:51.102Z,5.4555,-72.3758,10,4.9,mb,"13 km N of Yopal, Colombia"
2024-04-02T22:16:44.681Z,15.8934,146.8532,10,5.2,mww,"139 km ENE of Saipan, Northern Mariana Islands"
2024-04-02T20:52:31.724Z,-18.8811,168.3174,43.732,4.5,mb,"125 km NW of Isangel, Vanuatu"
2024-04-02T16:17:10.066Z,-3.2778,123.3041,10,4.6,mww,"116 km NE of Kendari, Indonesia"
2024-04-02T15:55:32.654Z,-3.3008,123.371,10.805,4.8,mww,"121 km NE of Kendari, Indonesia"
2024-04-02T09:54:08.569Z,15.8146,146.8779,10,6.2,mww,"137 km ENE of Saipan, Northern Mariana Islands"
2024-04-02T09:32:58.020Z,44.6524,149.0685,35,4.9,mww,"113 km SE of Kuril’sk, Russia"
2024-04-02T09:10:37.434Z,11.1015,126.3882,10,4.6,mb,"64 km ENE of Sulangan, Philippines"
2024-04-02T06:39:47.559Z,-5.4641,147.2774,185.304,4.5,mb,"136 km NNW of Finschhafen, Papua New Guinea"
2024-04-02T05:19:47.271Z,-19.8282,-71.1318,13.733,4.5,mwr,"110 km WNW of Puerto, Chile"
2024-04-02T02:52:11.385Z,12.0727,142.2741,59.648,4.7,mb,"291 km WSW of Merizo Village, Guam"
2024-04-02T00:03:22.402Z,23.4235,124.8614,10,4.6,mb,"124 km SE of Ishigaki, Japan"
2024-04-01T21:59:55.666Z,-20.2405,66.1895,10,4.6,mb,"296 km ESE of Port Mathurin, Mauritius"
2024-04-01T21:11:17.275Z,-21.02,-178.5433,545.424,4.8,mb,Fiji region
2024-04-01T19:24:36.670Z,40.1435,141.6984,73,5.9,mww,"7 km SW of Kuji, Japan"
2024-04-01T15:31:08.635Z,8.1904,-103.3941,10,4.5,mb,northern East Pacific Rise
2024-04-01T14:45:16.039Z,8.246,-103.2397,10,5.3,mww,northern East Pacific Rise
2024-04-01T10:25:14.490Z,-21.3082,-67.1478,194.487,4.6,mb,"99 km SSW of Uyuni, Bolivia"
2024-04-01T06:07:17.706Z,-27.9954,-178.0724,10,4.9,mb,Kermadec Islands region
2024-04-01T04:44:57.676Z,15.3883,120.4978,139.46,4.6,mb,"2 km NNE of Santa Lucia, Philippines"
2024-04-01T01:39:05.248Z,-6.256,155.0964,163.637,5.1,mww,"43 km W of Panguna, Papua New Guinea"
2024-03-31T21:16:43.754Z,8.3237,126.5627,52.108,4.9,mww,"23 km NE of Barcelona, Philippines"
2024-03-31T19:33:30.209Z,-12.1146,167.4671,333.636,4.5,mb,"195 km N of Sola, Vanuatu"
2024-03-31T18:20:23.373Z,-22.7357,171.5923,10,5,mww,southeast of the Loyalty Islands
2024-03-31T17:38:29.627Z,-33.2877,-178.3198,10,4.6,mb,south of the Kermadec Islands
2024-03-31T17:17:52.021Z,-31.0444,-71.4045,62.09,4.5,mb,"52 km SSW of Ovalle, Chile"
2024-03-31T17:04:30.729Z,-62.5195,156.6351,10,4.9,mb,Balleny Islands region
2024-03-31T17:01:51.297Z,-62.7208,156.0408,10,5.9,mww,Balleny Islands region
2024-03-31T15:04:37.327Z,78.8607,-94.9821,10,4.8,mb,"Sverdrup Islands, Nunavut, Canada"
2024-03-31T14:51:59.380Z,-17.677,-178.8702,550.192,4.5,mb,"196 km ENE of Levuka, Fiji"
2024-03-31T14:25:46.679Z,-22.0399,169.5772,10,4.9,mww,"183 km ESE of Tadine, New Caledonia"
2024-03-31T13:30:44.389Z,-6.6174,129.5701,130.623,4.5,mb,Banda Sea
2024-03-31T11:20:41.839Z,-6.7485,129.5881,159.442,4.5,mb,Banda Sea
2024-03-31T11:04:27.717Z,13.3395,120.6472,24.816,4.7,mb,"1 km WNW of Cabacao, Philippines"
2024-03-31T10:38:01.081Z,34.3563,26.62,10,4.5,mb,"99 km SSE of Palekastro, Greece"
2024-03-31T08:00:30.355Z,13.2325,120.6032,10,4.9,mb,"1 km NE of Mamburao, Philippines"
2024-03-31T07:56:33.664Z,28.6316,95.9137,10,4.5,mb,"82 km NNW of Tezu, India"
2024-03-31T03:53:05.028Z,-6.9816,129.8219,116.745,4.5,mb,Banda Sea
2024-03-31T03:46:15.796Z,10.7654,-86.1732,47.494,4.9,mb,"63 km NW of Tamarindo, Costa Rica"
2024-03-31T03:01:44.594Z,-19.847,-176.0058,10,5.5,mww,"163 km NNW of Houma, Tonga"
2024-03-31T01:30:28.183Z,-36.2214,-100.031,10,5.1,mww,southeast of Easter Island
2024-03-31T00:25:15.149Z,39.0066,70.8647,10,5,mb,"42 km E of Rasht, Tajikistan"
2024-03-30T22:55:52.655Z,-6.3333,154.7807,77.27,5.1,mww,"77 km W of Panguna, Papua New Guinea"
2024-03-30T22:07:30.357Z,-19.8295,-175.9989,10,4.8,mb,"165 km NNW of Houma, Tonga"
2024-03-30T21:32:36.907Z,-19.706,-176.178,10,4.5,mb,"186 km NNW of Houma, Tonga"
2024-03-30T20:55:08.465Z,-17.8037,167.8799,10,4.7,mb,"46 km W of Port-Vila, Vanuatu"
2024-03-30T20:04:08.351Z,-27.8943,-177.8442,9.606,4.6,mb,Kermadec Islands region
2024-03-30T19:00:59.434Z,-19.781,-175.9309,10,4.6,mb,"165 km W of Pangai, Tonga"
2024-03-30T18:59:06.392Z,-19.5455,-175.8678,7.06,4.8,mb,"161 km W of Pangai, Tonga"
2024-03-30T18:23:59.177Z,-23.0373,-177.1116,147.857,4.8,mb,"278 km SW of Houma, Tonga"
2024-03-30T18:10:55.629Z,-19.6269,-175.9599,10,4.8,mb,"169 km W of Pangai, Tonga"
2024-03-30T17:35:49.670Z,-19.7019,-175.9239,10,5.2,mww,"164 km W of Pangai, Tonga"
2024-03-30T16:44:25.049Z,-19.7708,-176.0022,10.249,5.3,mww,"171 km NNW of Houma, Tonga"
2024-03-30T16:28:57.456Z,52.1143,178.3963,109,5.8,mww,"Rat Islands, Aleutian Islands, Alaska"
2024-03-30T14:38:26.708Z,-19.6467,-175.8232,10,4.8,mb,"155 km W of Pangai, Tonga"
2024-03-30T14:32:42.630Z,-19.9233,-175.7722,9.045,4.5,mb,"146 km NNW of Houma, Tonga"
2024-03-30T13:44:35.626Z,42.559,43.597,10,4.7,mb,"12 km E of Oni, Georgia"
2024-03-30T13:43:10.482Z,8.9096,126.6492,51.85,4.5,mb,"37 km E of Aras-asan, Philippines"
2024-03-30T12:06:29.184Z,-8.3385,119.3068,13.711,4.5,mb,"34 km NW of Komodo, Indonesia"
2024-03-30T10:25:25.336Z,-14.7925,-109.26,10,4.7,mb,central East Pacific Rise
2024-03-30T09:48:17.120Z,-4.0264,-103.9175,10,5.1,mww,central East Pacific Rise
2024-03-30T09:47:31.732Z,-4.1664,-104.3793,10,4.5,mb,central East Pacific Rise
2024-03-30T09:43:36.800Z,-4.0104,-104.2298,10,4.5,mb,central East Pacific Rise
2024-03-30T08:35:05.948Z,-21.0951,-68.9704,115.921,4.5,mb,"75 km W of Ollagüe, Chile"
2024-03-30T06:03:03.638Z,-3.9528,-103.8257,10,4.6,mb,central East Pacific Rise
2024-03-30T05:43:45.516Z,-3.9898,-104.0093,10,4.5,mb,central East Pacific Rise
2024-03-30T05:39:41.426Z,-4.1187,-104.1031,10,4.6,mb,central East Pacific Rise
2024-03-30T05:25:00.215Z,-4.2047,-103.7384,10,4.5,mb,central East Pacific Rise
2024-03-30T04:10:02.174Z,-4.0429,143.2254,35,4.6,mb,"49 km ENE of Ambunti, Papua New Guinea"
2024-03-30T03:54:10.444Z,-24.8759,-68.244,95.006,4.5,mb,"155 km NNW of Antofagasta de la Sierra, Argentina"
2024-03-30T01:13:14.562Z,2.4604,126.7767,44.161,4.7,mb,"159 km WNW of Tobelo, Indonesia"
2024-03-30T00:25:05.321Z,38.4393,39.3542,5.828,4.7,mww,"3 km E of Sivrice, Turkey"
2024-03-29T23:56:32.054Z,-1.0605,128.6019,10,4.5,mb,"134 km ESE of Labuha, Indonesia"
2024-03-29T22:57:21.936Z,19.2286,147.0312,10,4.7,mb,Mariana Islands region
2024-03-29T21:12:14.891Z,-24.7968,-175.077,10,4.9,mb,south of Tonga
2024-03-29T20:06:55.914Z,28.5887,-43.6088,10,4.7,mb,northern Mid-Atlantic Ridge
2024-03-29T19:26:18.748Z,32.6024,88.7536,13.465,4.7,mb,western Xizang
2024-03-29T18:06:56.060Z,2.0792,126.9937,105.135,4.8,mww,"119 km WNW of Tobelo, Indonesia"
2024-03-29T17:58:36.489Z,12.7994,-44.8917,10,5.2,mww,northern Mid-Atlantic Ridge
2024-03-29T16:47:58.186Z,12.8568,-44.8779,10,4.7,mb,northern Mid-Atlantic Ridge
2024-03-29T16:20:57.860Z,12.8153,-44.8702,10,4.9,mb,northern Mid-Atlantic Ridge
2024-03-29T16:19:37.942Z,12.771,-44.8963,10,5,mb,northern Mid-Atlantic Ridge
2024-03-29T14:40:56.146Z,-27.9628,-178.0987,10,5.4,mww,Kermadec Islands region
2024-03-29T13:11:29.275Z,-4.3061,-104.2407,10,4.5,mb,central East Pacific Rise
2024-03-29T09:57:05.507Z,-4.562,149.5876,570.902,5.6,mww,"125 km NNW of Kimbe, Papua New Guinea"
2024-03-29T09:37:30.748Z,17.1682,147.2398,35,4.7,mb,"268 km NE of Saipan, Northern Mariana Islands"
2024-03-29T09:31:14.113Z,-3.9719,-104.005,10,4.6,mb,central East Pacific Rise
2024-03-29T07:12:48.063Z,37.3224,21.2557,26.873,5.8,mww,"34 km WNW of Filiatrá, Greece"
2024-03-29T06:29:33.834Z,-16.8483,168.015,10,5,mb,"103 km NNW of Port-Vila, Vanuatu"
2024-03-29T04:58:59.642Z,17.0572,147.2408,41.584,5,mb,"258 km NE of Saipan, Northern Mariana Islands"
2024-03-29T04:18:34.575Z,17.1198,147.2174,32.141,4.5,mb,"262 km NE of Saipan, Northern Mariana Islands"
2024-03-29T02:02:42.608Z,17.013,147.3137,25.174,5,mww,"259 km NE of Saipan, Northern Mariana Islands"
2024-03-29T01:54:42.543Z,17.0564,147.2361,45.888,4.9,mb,"258 km NE of Saipan, Northern Mariana Islands"
2024-03-28T23:23:45.752Z,9.6383,-69.977,10.208,4.9,mb,"26 km SW of El Tocuyo, Venezuela"
2024-03-28T13:21:16.285Z,15.2636,-45.2479,10,4.8,mb,northern Mid-Atlantic Ridge
2024-03-28T12:05:28.267Z,-17.3666,-173.2573,22.9,4.7,mb,"161 km NNE of Neiafu, Tonga"
2024-03-28T11:01:15.593Z,-8.8907,-75.4944,10,4.9,mb,"31 km WSW of San Alejandro, Peru"
2024-03-28T10:55:10.409Z,36.247,71.1603,108.477,5,mb,"58 km SW of Ashkāsham, Afghanistan"
2024-03-28T08:01:54.946Z,-9.1955,110.1543,59.247,5,mb,"138 km S of Bambanglipuro, Indonesia"
2024-03-28T07:49:59.156Z,-2.2339,128.1796,10,4.6,mb,"146 km NW of Masohi, Indonesia"
2024-03-28T04:05:15.500Z,-7.9054,-74.4016,152.869,5.2,mww,"55 km NNE of Pucallpa, Peru"
2024-03-28T03:05:03.491Z,3.48,-83.0904,10,4.5,mb,off the coast of Central America
2024-03-28T02:17:15.214Z,3.7215,-82.6823,10,4.5,mb,south of Panama
2024-03-28T01:02:55.997Z,-52.5753,27.8646,10,4.6,mb,south of Africa
2024-03-27T22:49:50.490Z,-24.3685,-179.7362,475.748,5,mb,south of the Fiji Islands
2024-03-27T22:23:02.635Z,-5.5065,153.2068,25.564,4.6,mb,"165 km SE of Kokopo, Papua New Guinea"
2024-03-27T19:38:17.610Z,-14.9152,166.8323,44.204,4.5,mb,"29 km WNW of Port-Olry, Vanuatu"
2024-03-27T17:35:45.235Z,3.8954,126.8914,35.075,4.6,mb,"230 km SE of Sarangani, Philippines"
2024-03-27T15:29:39.325Z,-24.4554,-69.5779,78.936,4.7,mb,"121 km SE of Antofagasta, Chile"
2024-03-27T14:16:13.291Z,-8.7403,-72.7126,10,5,mb,"23 km NNE of Marechal Thaumaturgo, Brazil"
2024-03-27T13:49:17.821Z,-20.754,173.8203,10,5.3,mww,Vanuatu region
2024-03-27T10:54:50.330Z,-31.7001,-67.1476,128.935,4.7,mb,"107 km E of Caucete, Argentina"
2024-03-27T10:38:16.606Z,-22.1183,-67.2903,174.681,4.8,mb,"128 km NE of San Pedro de Atacama, Chile"
2024-03-27T10:26:10.549Z,30.5911,-41.6736,10,4.5,mb,northern Mid-Atlantic Ridge
2024-03-27T09:12:15.494Z,44.1272,148.7398,41.307,4.7,mb,"140 km SSE of Kuril’sk, Russia"
2024-03-27T05:08:27.713Z,-23.5957,-68.0426,128.724,4.9,mb,"77 km SSE of San Pedro de Atacama, Chile"
2024-03-27T04:27:19.422Z,-6.5792,147.3053,61.631,4.9,mb,"37 km ENE of Lae, Papua New Guinea"
2024-03-27T04:05:13.462Z,13.2517,145.3659,35,4.7,mb,"60 km ESE of Yigo Village, Guam"
2024-03-27T03:25:32.728Z,42.374,-126.6594,10,4.7,mb,"182 km WSW of Port Orford, Oregon"
2024-03-27T03:23:02.962Z,42.3102,-126.7243,10,5.6,mww,"189 km WSW of Port Orford, Oregon"
2024-03-27T03:22:04.793Z,42.2926,-126.6879,10,4.5,mb,"186 km WSW of Port Orford, Oregon"
2024-03-27T03:03:59.531Z,-3.9549,142.9471,35,4.9,mb,"32 km NNE of Ambunti, Papua New Guinea"
2024-03-27T02:03:29.434Z,46.2911,153.2782,10,4.9,mb,Kuril Islands
2024-03-27T01:28:17.689Z,-21.0715,173.7373,10,6.4,mww,Vanuatu region
2024-03-27T00:24:46.644Z,12.0377,-89.3288,10,4.7,mww,"160 km S of La Libertad, El Salvador"
2024-03-26T23:33:09.075Z,-4.08,143.0783,69.125,4.5,mb,"32 km ENE of Ambunti, Papua New Guinea"
2024-03-26T19:22:02.774Z,2.2452,126.6421,43.564,4.6,mb,"162 km WNW of Tobelo, Indonesia"
2024-03-26T17:49:35.453Z,-5.3315,145.8772,69.756,5.1,mww,"15 km SE of Madang, Papua New Guinea"
2024-03-26T17:40:44.692Z,12.1036,144.0364,10,4.5,mb,"145 km SSW of Merizo Village, Guam"
2024-03-26T13:31:56.864Z,0.1915,123.7769,132.285,4.6,mb,"78 km WSW of Modisi, Indonesia"
2024-03-26T13:14:08.949Z,-1.5815,-15.3842,10,5.4,mww,north of Ascension Island
2024-03-26T10:34:26.351Z,55.7295,159.9521,199.373,4.7,mb,"23 km NE of Atlasovo, Russia"
2024-03-26T10:15:25.996Z,-4.163,142.9395,73.178,4.5,mb,"14 km ENE of Ambunti, Papua New Guinea"
2024-03-26T10:09:56.724Z,12.5917,144.8206,10,4.5,mb,"75 km S of Inarajan Village, Guam"
2024-03-26T09:37:15.185Z,-20.6273,-174.1986,14.482,5.3,mww,"91 km S of Pangai, Tonga"
2024-03-26T09:03:01.938Z,-8.9375,100.4771,10,4.6,mb,"southwest of Sumatra, Indonesia"
2024-03-26T08:58:50.535Z,32.492,48.7944,10,4.5,mb,"34 km ENE of Shahrak-e Kūlūrī, Iran"
2024-03-26T08:02:55.775Z,36.6164,71.0262,220.213,4.6,mb,"32 km SSE of Jurm, Afghanistan"
2024-03-26T07:41:55.831Z,9.0204,126.3494,33.211,4.5,mb,"10 km ENE of La Paz, Philippines"
2024-03-26T06:57:48.475Z,-10.146,161.1106,66.468,4.9,mb,"95 km WNW of Kirakira, Solomon Islands"
2024-03-25T22:04:51.968Z,-35.4571,-111.0465,10,4.7,mb,southern East Pacific Rise
2024-03-25T18:33:02.120Z,35.9944,91.5562,10,4.8,mb,"Southern Qinghai, China"
2024-03-25T17:36:35.729Z,0.9462,125.3984,91.935,4.6,mb,"62 km SSE of Bitung, Indonesia"
2024-03-25T17:24:27.537Z,-10.1278,160.9994,64.217,4.5,mb,"107 km WNW of Kirakira, Solomon Islands"
2024-03-25T17:00:02.616Z,-59.0543,158.6349,10,5.5,mww,Macquarie Island region
2024-03-25T16:14:19.602Z,-25.8167,-63.4752,567.911,4.7,mb,"30 km SW of Taco Pozo, Argentina"
2024-03-25T05:22:17.065Z,16.5556,-46.462,10,5.5,mww,northern Mid-Atlantic Ridge
2024-03-25T04:16:39.466Z,-20.1274,-178.3297,596.367,4.8,mb,Fiji region
2024-03-25T03:28:39.136Z,31.1869,70.3,10,4.5,mb,"62 km W of Karor, Pakistan"
2024-03-25T03:27:32.051Z,31.0173,70.2164,10,4.5,mb,"54 km NW of Taunsa, Pakistan"
2024-03-25T02:36:41.521Z,52.4275,163.5655,10,5.2,mww,"off the east coast of the Kamchatka Peninsula, Russia"
2024-03-25T02:21:44.441Z,12.0769,143.9432,10,5.2,mb,"153 km SSW of Merizo Village, Guam"
2024-03-25T02:00:06.032Z,-6.1051,151.7577,10,4.6,mb,"189 km ESE of Kimbe, Papua New Guinea"
2024-03-24T23:04:09.039Z,-17.4203,166.9483,10,4.7,mb,"149 km WNW of Port-Vila, Vanuatu"
2024-03-24T19:50:11.425Z,-19.4577,-70.1006,79.08,5,mwr,"33 km SSE of Cuya, Chile"
2024-03-24T17:46:57.599Z,46.6745,152.7039,35,4.6,mb,Kuril Islands
2024-03-24T15:34:05.506Z,-7.4873,108.6034,114.644,4.7,mb,"20 km W of Sidareja, Indonesia"
2024-03-24T14:38:28.823Z,-17.7278,-13.5736,10,4.5,mb,southern Mid-Atlantic Ridge
2024-03-24T13:12:22.008Z,-17.718,176.2629,10,4.9,mb,"122 km W of Nadi, Fiji"
2024-03-24T11:53:57.200Z,-1.7427,133.2473,42.523,5.1,mb,"50 km NW of Bintuni, Indonesia"
2024-03-24T07:30:57.968Z,-5.3853,153.3582,10,4.6,mb,"166 km SE of Kokopo, Papua New Guinea"
2024-03-24T06:22:24.947Z,8.7566,126.3895,59.621,5.2,mb,"11 km ESE of Marihatag, Philippines"
2024-03-24T05:58:24.719Z,-38.8791,-33.6022,10,4.8,mb,South Atlantic Ocean
2024-03-24T03:26:40.249Z,-4.0667,143.116,35,5.2,mb,"37 km ENE of Ambunti, Papua New Guinea"
2024-03-24T03:04:07.847Z,-9.4207,122.1832,62.174,5.7,mww,"85 km SE of Ende, Indonesia"
2024-03-24T00:40:25.316Z,20.8673,143.3775,10,4.5,mb,Mariana Islands region
2024-03-24T00:30:54.143Z,-9.7782,154.8212,10,5.1,mb,"289 km SW of Gizo, Solomon Islands"
2024-03-24T00:17:06.578Z,-4.0308,143.0083,35,4.5,mb,"29 km NE of Ambunti, Papua New Guinea"
2024-03-23T23:47:12.495Z,-0.1493,123.0219,116.455,4.9,mb,"76 km S of Gorontalo, Indonesia"
2024-03-23T23:11:53.360Z,-28.9504,-70.4353,104.057,4.5,mb,"52 km SE of Vallenar, Chile"
2024-03-23T22:49:58.468Z,-4.0835,143.1375,35,5.1,mb,"38 km ENE of Ambunti, Papua New Guinea"
2024-03-23T20:51:05.314Z,-4.0427,143.1257,35,4.5,mb,"39 km ENE of Ambunti, Papua New Guinea"
2024-03-23T20:40:29.906Z,-4.1113,143.311,35,5,mb,"55 km ENE of Ambunti, Papua New Guinea"
2024-03-23T20:33:20.320Z,-4.1192,143.1472,35,4.8,mb,"38 km ENE of Ambunti, Papua New Guinea"
2024-03-23T20:32:23.522Z,-3.9368,143.3223,35,4.8,mb,"54 km SW of Wewak, Papua New Guinea"
2024-03-23T20:22:04.348Z,-4.1292,143.134,41.464,6.9,mww,"36 km ENE of Ambunti, Papua New Guinea"
2024-03-23T16:22:28.057Z,-55.9418,-27.5976,103.86,4.5,mb,South Sandwich Islands region
2024-03-23T14:29:25.410Z,-24.3352,-67.2587,186.452,4.7,mb,"96 km W of San Antonio de los Cobres, Argentina"
2024-03-23T13:20:28.536Z,-4.5597,102.7307,62.692,5.3,mww,"82 km SW of Pagar Alam, Indonesia"
2024-03-23T09:00:07.731Z,13.2434,-44.8027,10,4.6,mb,northern Mid-Atlantic Ridge
2024-03-23T07:29:09.483Z,-6.8336,105.2556,40.974,4.6,mb,"81 km SW of Labuan, Indonesia"
2024-03-23T05:05:12.521Z,-4.652,101.9841,52.6,4.7,mb,"99 km SSW of Bengkulu, Indonesia"
2024-03-23T04:18:42.784Z,-16.1308,168.0123,183.292,4.9,mb,"63 km E of Lakatoro, Vanuatu"
2024-03-23T03:32:21.949Z,-27.4156,-112.9005,10,4.9,mb,Easter Island region
2024-03-22T23:57:26.107Z,17.2652,40.5913,10,4.6,mb,"174 km WNW of Farasān, Saudi Arabia"
2024-03-22T23:31:49.930Z,35.4598,136.7704,35.982,4.6,mb,"1 km S of Yamagata, Japan"
2024-03-22T23:10:33.145Z,17.1911,40.4859,10,4.5,mb,"182 km WNW of Farasān, Saudi Arabia"
2024-03-22T21:42:01.922Z,-5.8805,112.3914,10,4.5,mb,"110 km N of Paciran, Indonesia"
2024-03-22T17:31:02.759Z,28.3299,-43.6964,10,4.6,mb,northern Mid-Atlantic Ridge
2024-03-22T11:42:22.275Z,-56.5629,-27.5679,144.841,4.5,mb,South Sandwich Islands region
2024-03-22T11:39:49.968Z,-0.6262,99.1304,40.849,4.5,mb,"110 km W of Pariaman, Indonesia"
2024-03-22T11:11:18.462Z,-29.7419,-177.7084,48.742,4.8,mb,"Kermadec Islands, New Zealand"
2024-03-22T10:57:22.249Z,-5.8168,112.3642,10,4.5,mb,"117 km N of Paciran, Indonesia"
2024-03-22T10:36:33.408Z,-44.3426,167.9632,7.176,4.8,mwr,"90 km NW of Arthurs Point, New Zealand"
2024-03-22T10:33:01.734Z,-33.6092,-178.9107,10,4.7,mb,south of the Kermadec Islands
2024-03-22T09:55:46.162Z,-5.8799,112.4008,10,4.6,mb,"110 km N of Paciran, Indonesia"
2024-03-22T09:19:27.205Z,-5.8687,112.4593,10,4.7,mb,"111 km N of Paciran, Indonesia"
2024-03-22T08:52:58.999Z,-5.8754,112.3646,9.471,6.4,mww,"110 km N of Paciran, Indonesia"
2024-03-22T05:36:30.058Z,53.4494,-163.6949,24.631,4.6,mwr,"156 km ESE of Akutan, Alaska"
2024-03-22T05:31:12.251Z,-5.909,112.3829,10,5.2,mww,"107 km N of Paciran, Indonesia"
2024-03-22T05:21:44.929Z,-5.5535,151.6423,67.424,4.8,mb,"150 km SSW of Kokopo, Papua New Guinea"
2024-03-22T05:20:40.487Z,39.6534,19.3362,10,4.8,mb,"32 km WSW of Agios Georgis, Greece"
2024-03-22T04:43:15.505Z,-24.357,179.8189,521.789,4.5,mb,south of the Fiji Islands
2024-03-22T04:22:45.531Z,-5.8155,112.3187,10,5.6,mww,"117 km N of Paciran, Indonesia"
2024-03-22T03:47:04.011Z,39.3279,71.8628,3.161,5.2,mb,"30 km ENE of Karakenja, Tajikistan"
2024-03-22T02:48:13.401Z,-4.26,137.1257,10,4.5,mb,"180 km NW of Agats, Indonesia"
2024-03-22T00:19:14.621Z,3.6607,126.246,71.962,4.5,mb,"211 km SSE of Sarangani, Philippines"
2024-03-21T23:29:49.538Z,-27.4398,-176.4867,17.708,4.8,mb,Kermadec Islands region
2024-03-21T13:56:14.998Z,-20.8538,-69.0262,117.033,4.5,mb,"87 km SE of La Tirana, Chile"
2024-03-21T10:49:52.046Z,24.0588,121.5441,24.281,4.7,mww,"10 km NW of Hualien City, Taiwan"
2024-03-21T09:19:41.423Z,-20.7755,65.9781,10,4.5,mb,"293 km ESE of Port Mathurin, Mauritius"
2024-03-21T07:02:49.517Z,29.298,142.267,10,4.6,mb,"Izu Islands, Japan region"
2024-03-21T02:47:21.923Z,-59.0115,-25.6366,43.89,5.2,mb,South Sandwich Islands region
2024-03-21T02:00:01.178Z,-15.8768,167.3953,69.326,4.5,mb,"20 km N of Norsup, Vanuatu"
2024-03-21T00:38:31.223Z,19.4899,77.2545,10,4.6,mb,"20 km NNE of Basmat, India"
2024-03-21T00:19:13.120Z,-2.008,137.4266,12.374,5.1,mww,"175 km ESE of Biak, Indonesia"
2024-03-21T00:08:02.844Z,35.9739,139.748,45.002,5.2,mww,"1 km S of Kasukabe, Japan"
2024-03-20T19:50:55.757Z,-31.4035,179.7294,441.673,5.3,mww,Kermadec Islands region
2024-03-20T16:58:04.239Z,34.1004,86.3532,10,4.9,mb,western Xizang
2024-03-20T15:18:30.866Z,-20.6589,168.1424,10,4.6,mb,"95 km ENE of Wé, New Caledonia"
2024-03-20T12:10:43.268Z,-7.32,128.5769,154.783,4.9,mb,"218 km NE of Lospalos, Timor Leste"
2024-03-20T08:52:22.605Z,-7.1405,129.0233,148.278,4.6,mb,"270 km NE of Lospalos, Timor Leste"
2024-03-20T08:24:57.931Z,-2.0189,100.4628,67.702,5,mb,"97 km E of Tuapejat, Indonesia"
2024-03-20T05:48:18.048Z,-56.2515,-27.259,89,5.6,mww,South Sandwich Islands region
2024-03-20T04:49:58.797Z,17.2611,-95.1398,127.718,4.8,mb,"9 km WNW of Donaji, Mexico"
2024-03-20T03:25:17.477Z,-17.9345,-172.5246,10,4.5,mb,"173 km ENE of Neiafu, Tonga"
2024-03-20T02:09:21.490Z,-5.4555,150.4634,128.188,4.5,mb,"37 km ENE of Kimbe, Papua New Guinea"
2024-03-19T23:49:06.221Z,-1.5484,-13.027,10,4.6,mb,north of Ascension Island
2024-03-19T21:52:02.793Z,-22.3848,173.3894,40.081,4.8,mb,southeast of the Loyalty Islands
2024-03-19T21:27:01.034Z,29.7493,65.3531,6,5.3,mww,"68 km WNW of Nushki, Pakistan"
2024-03-19T18:07:02.532Z,-56.4959,-143.3884,10,5.5,mww,Pacific-Antarctic Ridge
2024-03-19T17:53:22.521Z,-32.4143,-178.301,10,4.5,mb,south of the Kermadec Islands
2024-03-19T17:52:24.875Z,11.9564,-62.0271,141.697,4.5,mb,"31 km WSW of Saint George's, Grenada"
2024-03-19T16:14:16.863Z,59.1474,-138.516,10.9,4.6,mww,"82 km ESE of Yakutat, Alaska"
2024-03-19T14:39:08.812Z,-10.8006,161.8513,61.638,5,mb,"39 km S of Kirakira, Solomon Islands"
2024-03-19T14:15:26.360Z,-7.6114,146.7987,9.022,4.6,mb,"31 km SSE of Wau, Papua New Guinea"
2024-03-19T14:13:46.784Z,-6.0235,130.1513,9.784,4.6,mb,"291 km W of Tual, Indonesia"
2024-03-19T14:10:14.027Z,-13.0928,166.8783,184.095,4.5,mb,"113 km NW of Sola, Vanuatu"
2024-03-19T13:00:02.784Z,-11.7385,165.7369,6.252,4.9,mb,"112 km S of Lata, Solomon Islands"
2024-03-19T11:20:28.395Z,23.7635,121.8192,19.486,4.6,mwr,"32 km SE of Hualien City, Taiwan"
2024-03-19T08:21:32.152Z,-7.5295,127.6824,161.916,4.5,mb,"133 km NE of Lospalos, Timor Leste"
2024-03-19T04:03:07.413Z,1.1459,126.331,57.173,4.9,mb,"123 km WNW of Ternate, Indonesia"
2024-03-19T03:01:09.061Z,-21.7193,168.8866,10,4.6,mb,"105 km E of Tadine, New Caledonia"
2024-03-19T02:25:31.684Z,-31.2982,-179.131,9.961,5.5,mww,Kermadec Islands region
2024-03-19T01:15:07.141Z,41.7424,143.6879,44.534,4.5,mb,"68 km SSE of Hiroo, Japan"
2024-03-19T00:35:18.851Z,29.6902,65.3791,8,5.5,mww,"64 km WNW of Nushki, Pakistan"
2024-03-18T17:46:29.621Z,44.1055,148.4557,35,4.7,mb,"132 km SSE of Kuril’sk, Russia"
2024-03-18T17:37:19.180Z,14.305,144.1943,13.312,4.6,mb,"107 km NNW of Piti Village, Guam"
2024-03-18T16:12:34.179Z,31.3103,130.517,129.261,4.5,mb,"15 km NW of Ibusuki, Japan"
2024-03-18T14:32:32.616Z,24.2597,142.5646,35.222,4.5,mb,"Volcano Islands, Japan region"
2024-03-18T13:14:20.054Z,-7.3443,39.3449,10,4.5,mb,"29 km SSE of Mkuranga, Tanzania"
2024-03-18T11:04:41.113Z,24.2346,142.7619,35,5.3,mww,"Volcano Islands, Japan region"
2024-03-18T10:08:54.535Z,8.4554,-84.1576,10,4.5,mb,"89 km SW of Puerto Cortés, Costa Rica"
2024-03-18T09:35:15.074Z,1.5419,126.259,35.211,4.9,mb,"126 km E of Bitung, Indonesia"
2024-03-18T08:15:00.689Z,-40.8266,-89.8194,10,4.5,mb,West Chile Rise
2024-03-18T05:11:55.635Z,11.9462,125.5867,35,4.5,mb,"15 km SE of Dolores, Philippines"
2024-03-18T02:47:31.657Z,-54.0187,-132.1155,10,4.6,mb,Pacific-Antarctic Ridge
2024-03-18T01:39:31.936Z,-22.2034,-176.6137,150.411,4.5,mb,"177 km SW of Houma, Tonga"
2024-03-18T00:45:47.063Z,64.6558,-17.7271,10,4.7,mb,"115 km S of Akureyri, Iceland"
2024-03-18T00:18:03.554Z,-6.2159,146.9556,86.441,5.1,mb,"56 km N of Lae, Papua New Guinea"
2024-03-17T23:41:41.218Z,4.9072,127.3776,125.895,4.7,mb,"208 km SE of Pondaguitan, Philippines"
2024-03-17T21:03:44.164Z,27.7131,53.4818,10,4.9,mb,"61 km ENE of Mohr, Iran"
2024-03-17T19:31:13.908Z,4.8928,126.0525,95.074,4.5,mb,"86 km SE of Sarangani, Philippines"
2024-03-17T17:30:36.454Z,18.0083,145.6043,262.069,4.5,mb,"Pagan region, Northern Mariana Islands"
2024-03-17T16:16:38.746Z,47.7766,156.4525,10,4.6,mww,east of the Kuril Islands
2024-03-17T15:28:12.611Z,-16.1941,-74.9577,10,4.6,mb,"77 km SW of Atiquipa, Peru"
2024-03-17T11:10:16.687Z,-3.3388,148.6471,10,5.3,mww,"210 km SE of Lorengau, Papua New Guinea"
2024-03-17T09:41:37.675Z,-49.6708,125.698,10,4.5,mb,western Indian-Antarctic Ridge
2024-03-17T08:58:54.610Z,14.2812,144.2169,10,4.7,mb,"104 km NNW of Piti Village, Guam"
2024-03-17T08:23:51.250Z,0.7165,-27.8753,10,4.7,mb,central Mid-Atlantic Ridge
2024-03-17T06:03:55.541Z,12.6124,48.0066,10,5.2,mww,"162 km N of Las Khorey, Somalia"
2024-03-17T05:56:41.034Z,-5.3197,-77.1613,9.925,4.5,mb,"75 km N of Segunda Jerusalén - Azunguillo, Peru"
2024-03-17T04:48:27.354Z,-30.3609,-178.1788,68.131,4.5,mb,"Kermadec Islands, New Zealand"
2024-03-17T04:03:20.246Z,12.3358,-87.6505,62.039,4.9,mww,"50 km SSW of Jiquilillo, Nicaragua"
2024-03-17T04:00:13.173Z,-23.7015,-175.5674,35,4.5,mb,"268 km SSW of ‘Ohonua, Tonga"
2024-03-17T01:37:07.183Z,-6.2822,143.0669,10,4.9,mb,"50 km SSE of Tari, Papua New Guinea"
2024-03-17T00:44:02.920Z,12.3856,-87.6546,48,5.6,mww,"45 km SSW of Jiquilillo, Nicaragua"
2024-03-16T21:17:04.821Z,37.1332,141.4549,48.55,5.3,mww,"44 km ESE of Tomioka, Japan"
2024-03-16T16:51:21.493Z,-6.2941,129.8438,9.098,4.5,mb,Banda Sea
2024-03-16T16:39:07.676Z,10.6671,-86.4266,25.004,4.5,mb,"75 km WNW of Tamarindo, Costa Rica"
2024-03-16T15:38:55.908Z,-30.021,-176.3739,10,4.6,mb,Kermadec Islands region
2024-03-16T13:56:30.246Z,13.9101,-93.218,10,4.7,mww,"124 km SW of Puerto Madero, Mexico"
2024-03-16T13:46:31.991Z,20.2311,145.3321,8.033,4.7,mb,"Maug Islands region, Northern Mariana Islands"
2024-03-16T13:07:16.190Z,9.0106,127.7603,10,4.5,mb,"159 km E of Aras-asan, Philippines"
2024-03-16T12:28:22.165Z,9.4707,126.0399,66.958,4.5,mb,"14 km NE of Carrascal, Philippines"
2024-03-16T08:05:09.427Z,-2.186,125.8073,10.837,4.5,mb,"23 km SW of Sanana, Indonesia"
2024-03-16T07:24:30.022Z,-0.0263,68.3413,10,4.6,mb,Carlsberg Ridge
2024-03-16T07:09:30.198Z,14.0351,41.1815,9.852,4.5,mb,"56 km WNW of Edd, Eritrea"
2024-03-16T03:32:02.419Z,-5.0223,151.2304,10,5.3,mww,"134 km ENE of Kimbe, Papua New Guinea"
2024-03-16T00:38:47.236Z,2.3458,128.6532,52.802,4.7,mb,"98 km NE of Tobelo, Indonesia"
2024-03-16T00:14:51.989Z,-58.935,158.3538,10,5.9,mww,Macquarie Island region
2024-03-15T23:52:10.532Z,3.2463,126.8012,35.522,4.6,mb,"215 km NW of Tobelo, Indonesia"
2024-03-15T23:09:34.703Z,-14.7424,-173.8251,9.685,4.5,mb,"134 km N of Hihifo, Tonga"
2024-03-15T20:41:13.203Z,-11.4638,166.4132,99.991,4.6,mb,"105 km SE of Lata, Solomon Islands"
2024-03-15T20:17:46.665Z,35.4522,-3.5566,8.919,4.5,mww,"41 km ENE of Al Hoceïma, Morocco"
2024-03-15T19:49:10.816Z,42.0295,84.0078,17.504,4.6,mb,"95 km ENE of Kuqa, China"
2024-03-15T16:40:03.499Z,9.7726,122.4649,10,4.6,mb,"2 km NNW of Cabadiangan, Philippines"
2024-03-15T15:03:09.247Z,-42.6799,-82.3761,10,4.8,mb,West Chile Rise
2024-03-15T12:44:06.609Z,-20.3423,-177.8296,511.31,4.6,mb,"278 km WNW of Houma, Tonga"
2024-03-15T11:04:00.560Z,28.432,130.0753,15.778,5,mww,"46 km E of Tatsugō, Japan"
2024-03-15T10:51:47.360Z,-26.2181,-177.0305,84.941,4.5,mb,south of the Fiji Islands
2024-03-15T10:32:50.046Z,28.4192,130.1034,20,5.6,mww,"49 km E of Tatsugō, Japan"
2024-03-15T07:18:56.939Z,-25.3454,179.6028,512.479,4.8,mb,south of the Fiji Islands
2024-03-15T06:31:01.820Z,40.4117,143.7547,24.888,4.7,mb,"168 km E of Noda, Japan"
2024-03-15T03:13:58.475Z,12.901,-88.5183,63.337,4.9,mww,"42 km S of Puerto El Triunfo, El Salvador"
2024-03-15T00:09:45.569Z,-19.2851,169.1014,113.863,4.6,mb,"34 km NNW of Isangel, Vanuatu"
2024-03-14T23:31:31.496Z,8.9576,127.2282,10,4.8,mb,"101 km E of Aras-asan, Philippines"
2024-03-14T22:52:29.577Z,8.5774,126.9006,57.107,4.7,mb,"66 km ENE of Hinatuan, Philippines"
2024-03-14T22:03:15.365Z,26.8319,53.2178,15.461,4.6,mb,"85 km WNW of Kīsh, Iran"
2024-03-14T22:00:10.899Z,29.9323,-42.7933,10,4.5,mb,northern Mid-Atlantic Ridge
2024-03-14T21:54:21.321Z,29.602,-42.6056,10,4.9,mb,northern Mid-Atlantic Ridge
2024-03-14T21:50:13.793Z,29.6243,-42.6841,10,4.9,mb,northern Mid-Atlantic Ridge
2024-03-14T21:29:12.936Z,29.6206,-42.6288,10,5.4,mww,northern Mid-Atlantic Ridge
2024-03-14T21:15:10.651Z,29.9929,-42.8437,10,5,mb,northern Mid-Atlantic Ridge
2024-03-14T21:10:24.786Z,29.7971,-42.6608,10,6.2,mww,northern Mid-Atlantic Ridge
2024-03-14T21:02:03.461Z,29.7125,-42.8607,10,4.6,mb,northern Mid-Atlantic Ridge
2024-03-14T21:01:21.582Z,29.5241,-42.8174,10,4.8,mb,northern Mid-Atlantic Ridge
2024-03-14T20:00:06.954Z,29.7656,-42.7949,10,5.2,mww,northern Mid-Atlantic Ridge
2024-03-14T15:14:35.701Z,37.083,141.1231,44,5.6,mww,"21 km E of Iwaki, Japan"
2024-03-14T12:20:39.032Z,-14.86,167.3379,162.274,4.8,mb,"34 km NE of Port-Olry, Vanuatu"
2024-03-14T09:50:33.579Z,14.0645,41.1232,10,4.6,mb,"63 km WNW of Edd, Eritrea"
2024-03-14T09:37:51.885Z,41.4598,142.0446,63.273,4.6,mb,"71 km ENE of Mutsu, Japan"
2024-03-14T08:36:22.421Z,41.9547,82.4378,10,4.7,mb,"48 km WNW of Kuqa, China"
2024-03-14T08:27:16.276Z,38.5543,97.3348,10,4.7,mb,"99 km WSW of Yanglong, China"
2024-03-14T06:13:01.910Z,11.2699,95.1326,10,4.8,mb,"264 km E of Port Blair, India"
2024-03-14T03:06:47.754Z,42.954,18.6883,16.067,5.4,mww,"22 km ENE of Bileća, Bosnia and Herzegovina"
2024-03-14T00:51:37.829Z,-2.8997,129.6562,10,4.9,mb,"88 km ENE of Masohi, Indonesia"
2024-03-13T23:46:21.266Z,-48.5615,105.3591,10,5,mww,southeast Indian Ridge
2024-03-13T23:05:04.208Z,-19.7072,-71.0479,8.933,4.6,mwr,"109 km WNW of Puerto, Chile"
2024-03-13T22:10:34.219Z,-19.7124,-71.2587,20.044,5,mww,"128 km WNW of Puerto, Chile"
2024-03-13T22:10:23.091Z,-19.72,-71.0084,19.859,4.8,mb,"104 km WNW of Puerto, Chile"
2024-03-13T21:12:10.863Z,-55.5447,-27.76,36.616,4.5,mb,South Sandwich Islands region
2024-03-13T20:06:34.414Z,-49.6592,125.8833,10,5.5,mww,western Indian-Antarctic Ridge
2024-03-13T19:06:06.206Z,-0.1274,125.2292,42.886,5,mb,"109 km SE of Modisi, Indonesia"
2024-03-13T18:56:14.833Z,-0.1457,125.2455,39,5.7,mww,"111 km SE of Modisi, Indonesia"
2024-03-13T18:29:32.505Z,3.584,126.6472,49.974,4.5,mb,"240 km SSE of Sarangani, Philippines"
2024-03-13T17:40:25.311Z,9.08,126.1078,59.826,4.5,mb,"6 km WSW of Buenavista, Philippines"
2024-03-13T16:39:21.786Z,-6.5577,129.8569,169.876,5,mb,Banda Sea
2024-03-13T15:25:51.506Z,6.4958,125.7493,151.622,4.6,mb,"17 km ENE of Malita, Philippines"
2024-03-13T15:24:11.785Z,36.2706,70.21,133.299,4.9,mb,"46 km SE of Farkhār, Afghanistan"
2024-03-13T15:13:22.779Z,-5.831,150.6843,44,6,mww,"68 km ESE of Kimbe, Papua New Guinea"
2024-03-13T13:01:59.899Z,16.9938,-46.9064,10,4.6,mb,northern Mid-Atlantic Ridge
2024-03-13T11:24:42.107Z,37.059,141.3001,48.32,4.6,mwr,"37 km E of Iwaki, Japan"
2024-03-13T09:38:32.834Z,-57.7997,-23.7531,10,4.7,mb,South Sandwich Islands region
2024-03-13T09:30:04.955Z,-18.5627,-69.3029,108.901,5.3,mww,"84 km N of Camiña, Chile"
2024-03-13T08:26:38.917Z,-0.6921,-81.1198,10,4.5,mb,"54 km WNW of Manta, Ecuador"
2024-03-13T07:08:43.885Z,27.6591,129.8041,22.286,4.7,mb,"84 km SSE of Naze, Japan"
2024-03-13T06:44:22.335Z,-6.5336,154.9251,71.372,4.6,mb,"66 km WSW of Panguna, Papua New Guinea"
2024-03-13T04:41:01.434Z,2.4283,128.53,238.1,4.5,mb,"96 km NE of Tobelo, Indonesia"
2024-03-13T04:20:12.659Z,0.9113,-90.8147,10,4.6,mb,"190 km NNW of Puerto Ayora, Ecuador"
2024-03-13T02:50:35.345Z,-15.0414,-73.1932,78.748,4.7,mb,"15 km N of Oyolo, Peru"
2024-03-12T22:54:13.708Z,-15.0469,-173.3145,25.495,4.7,mb,"112 km NNE of Hihifo, Tonga"
2024-03-12T22:04:52.377Z,-11.9866,-74.6082,10.248,4.5,mb,"30 km NE of Salcabamba, Peru"
2024-03-12T21:20:48.527Z,-60.3287,-27.0453,55.339,4.7,mb,South Sandwich Islands region
2024-03-12T20:56:50.948Z,51.5731,-175.1246,37.858,4.6,mwr,"94 km SW of Atka, Alaska"
2024-03-12T16:40:43.057Z,12.2003,143.7724,20.494,4.9,mb,"152 km SW of Merizo Village, Guam"
2024-03-12T16:27:20.633Z,-17.9468,-177.9945,575.888,4.6,mb,"285 km E of Levuka, Fiji"
2024-03-12T16:11:19.598Z,-20.294,67.8853,10,4.5,mb,Mid-Indian Ridge
2024-03-12T15:35:46.902Z,-18.2535,-177.7901,564.117,4.6,mb,Fiji region
2024-03-12T14:47:29.385Z,-33.7079,77.4768,10,4.7,mb,Mid-Indian Ridge
2024-03-12T10:41:03.502Z,-8.0757,68.3169,10,5,mww,Chagos Archipelago region
2024-03-12T09:44:49.599Z,26.3545,-44.6428,10,4.8,mb,northern Mid-Atlantic Ridge
2024-03-12T05:07:56.903Z,-59.212,158.865,10,4.6,mb,Macquarie Island region
2024-03-12T05:02:25.344Z,-59.9255,-27.6605,141.83,4.9,mb,South Sandwich Islands region
2024-03-12T04:37:30.566Z,38.7396,14.9629,229.675,4.7,mb,"21 km NNE of Malfa, Italy"
2024-03-12T03:42:32.387Z,-33.8366,-72.5373,13.89,5.1,mww,"90 km WSW of San Antonio, Chile"
2024-03-12T03:10:29.000Z,-15.1365,-172.9716,10,5,mb,"126 km NE of Hihifo, Tonga"
2024-03-11T20:45:02.945Z,-20.9126,-178.9716,612.532,4.5,mb,Fiji region
2024-03-11T19:41:58.471Z,-17.9131,-178.5576,573.271,4.9,mb,"225 km E of Levuka, Fiji"
2024-03-11T15:34:05.243Z,18.7094,120.4876,24.563,4.5,mb,"27 km NNW of Davila, Philippines"
2024-03-11T08:04:11.950Z,-6.0849,149.6062,51,4.5,mb,"14 km NNE of Kandrian, Papua New Guinea"
2024-03-11T06:21:49.757Z,-57.5889,-26.7184,10,4.5,mb,South Sandwich Islands region
2024-03-11T05:46:43.105Z,10.7988,-86.3446,35,4.6,mb,"72 km SW of San Juan del Sur, Nicaragua"
2024-03-11T03:59:01.694Z,10.6832,-86.4136,10,4.5,mb,"75 km NW of Tamarindo, Costa Rica"
2024-03-11T03:47:16.887Z,10.6428,-86.4369,16.18,5,mww,"75 km WNW of Tamarindo, Costa Rica"
2024-03-11T03:29:02.505Z,-15.0675,167.3986,129.054,4.5,mb,"35 km E of Port-Olry, Vanuatu"
2024-03-11T01:06:22.917Z,-17.4972,-178.8243,560.606,4.5,mb,"206 km ENE of Levuka, Fiji"
2024-03-10T21:05:16.514Z,-14.691,168.0287,10.886,4.5,mb,"103 km SSE of Sola, Vanuatu"
2024-03-10T20:33:55.388Z,-52.2729,139.9642,10,5,mww,west of Macquarie Island
2024-03-10T19:52:37.299Z,-20.921,-69.1363,111.05,4.5,mb,"84 km SE of La Tirana, Chile"
2024-03-10T18:04:38.173Z,-29.2196,-72.6101,10,4.6,mb,"147 km NW of Coquimbo, Chile"
2024-03-10T17:20:01.924Z,31.8613,141.7641,10,4.8,mb,"Izu Islands, Japan region"
2024-03-10T13:55:57.564Z,36.1454,30.1252,44.819,4.8,mwr,"16 km S of Finike, Turkey"
2024-03-10T13:42:26.212Z,-54.5354,-55.3106,10,4.6,mb,Falkland Islands region
2024-03-10T12:35:08.680Z,-6.3183,151.6202,50.855,5,mb,"184 km ESE of Kimbe, Papua New Guinea"
2024-03-10T10:20:34.287Z,-7.2613,129.028,136.977,4.9,mb,"263 km ENE of Lospalos, Timor Leste"
2024-03-10T07:41:05.710Z,-18.8498,-172.7477,10,5,mb,"132 km E of Neiafu, Tonga"
2024-03-10T06:26:38.194Z,-2.9216,139.6323,39.154,4.5,mb,"116 km WSW of Abepura, Indonesia"
2024-03-10T03:05:02.993Z,-7.2929,129.1918,88.58,5,mb,"277 km ENE of Lospalos, Timor Leste"
2024-03-10T00:09:40.139Z,-22.6034,69.4083,10,4.6,mb,Mid-Indian Ridge
2024-03-09T19:58:53.199Z,-22.4356,-68.7624,127.451,4.6,mb,"16 km E of Calama, Chile"
2024-03-09T19:23:12.418Z,-33.2365,-72.9866,13.662,4.5,mwr,"128 km W of Valparaíso, Chile"
2024-03-09T16:59:19.948Z,17.1792,146.0266,22.63,4.5,mb,"219 km N of Saipan, Northern Mariana Islands"
2024-03-09T15:37:46.051Z,19.0936,145.6841,111.506,4.5,mb,"Maug Islands region, Northern Mariana Islands"
2024-03-09T15:27:42.508Z,-20.3333,169.692,129.8,4.5,mb,"97 km SSE of Isangel, Vanuatu"
2024-03-09T13:43:55.987Z,-56.5306,-28.5071,9.954,4.6,mb,South Sandwich Islands region
2024-03-09T12:01:09.046Z,-17.99,-178.4182,592.972,5.4,mww,"239 km E of Levuka, Fiji"
2024-03-09T10:27:17.930Z,-30.6758,-177.8463,44.375,4.9,mb,"Kermadec Islands, New Zealand"
2024-03-09T10:25:55.753Z,20.2002,145.6742,10,4.7,mb,"Maug Islands region, Northern Mariana Islands"
2024-03-09T09:22:28.854Z,-23.8484,-68.9877,92.951,4.5,mb,"131 km SW of San Pedro de Atacama, Chile"
2024-03-09T05:18:25.096Z,41.9328,142.3692,60.965,4.9,mb,"42 km SW of Urakawa, Japan"
2024-03-08T22:20:16.642Z,-58.1328,-29.2466,10,4.6,mb,South Sandwich Islands region
2024-03-08T21:03:48.310Z,23.7912,-46.3383,10,4.9,mww,northern Mid-Atlantic Ridge
2024-03-08T20:29:22.845Z,-20.534,169.6249,99.909,4.6,mb,"115 km SSE of Isangel, Vanuatu"
2024-03-08T19:00:26.527Z,-15.4828,-175.102,9.16,4.9,mb,"149 km WNW of Hihifo, Tonga"
2024-03-08T18:58:06.234Z,21.3246,121.0065,10,4.6,mb,"80 km SSE of Hengchun, Taiwan"
2024-03-08T17:56:49.810Z,-58.2994,-29.6514,10,4.7,mb,South Sandwich Islands region
2024-03-08T17:21:55.604Z,-22.1275,-179.5708,596.425,5.3,mww,south of the Fiji Islands
2024-03-08T09:11:45.110Z,5.8168,126.9407,115,6,mww,"103 km SE of Pondaguitan, Philippines"
2024-03-08T07:40:46.074Z,-29.2346,-71.2831,49.371,4.6,mwr,"74 km N of La Serena, Chile"
2024-03-08T06:55:27.308Z,-19.3435,-173.6648,35,4.5,mb,"82 km ENE of Fangale’ounga, Tonga"
2024-03-08T06:54:55.624Z,-14.6209,-73.5635,82.511,4.8,mb,"35 km NNW of Upahuacho, Peru"
2024-03-08T05:26:36.918Z,-14.2629,166.6584,49.59,4.5,mb,"97 km NNW of Port-Olry, Vanuatu"
2024-03-08T05:25:03.726Z,-20.9188,-68.9677,118.841,4.5,mb,"81 km WNW of Ollagüe, Chile"
2024-03-08T04:27:12.119Z,36.4248,28.3727,62.682,4.7,mb,"13 km E of Ródos, Greece"
2024-03-08T03:52:52.642Z,-1.6235,126.561,10,5,mb,"80 km NE of Sanana, Indonesia"
2024-03-08T01:51:06.962Z,-24.4317,-179.6727,492.08,4.5,mb,south of the Fiji Islands
2024-03-07T23:24:04.935Z,-6.7934,130.0144,101.947,4.5,mb,Banda Sea
2024-03-07T22:59:30.911Z,46.8146,152.7159,35,4.7,mb,Kuril Islands
2024-03-07T20:46:45.661Z,-11.3415,118.8047,10,4.5,mb,"216 km SSW of Tambolaka, Indonesia"
2024-03-07T17:56:07.213Z,-35.3429,-104.3107,10,4.8,mb,southeast of Easter Island
2024-03-07T17:04:24.561Z,-20.8601,-69.8318,47.292,4.6,mb,"60 km SSW of La Tirana, Chile"
2024-03-07T16:32:01.299Z,-13.4982,-76.1031,40.304,4.9,mb,"10 km SSE of Chincha Alta, Peru"
2024-03-07T15:47:41.746Z,16.4052,94.6639,33.759,4.6,mb,"42 km S of Pathein, Myanmar"
2024-03-07T10:14:58.381Z,6.362,125.9614,77.804,4.5,mb,"20 km W of Surup, Philippines"
2024-03-07T10:09:15.384Z,33.3794,92.8542,10,5,mb,"223 km NNE of Nagqu, China"
2024-03-07T10:06:30.797Z,33.5389,92.9927,10,5.6,mww,"244 km NNE of Nagqu, China"
2024-03-07T10:00:34.120Z,-35.8535,-179.8129,10,4.6,mb,"256 km NE of Hicks Bay, New Zealand"
2024-03-07T09:41:36.280Z,-1.2024,127.3049,10,4.6,mb,"66 km SSW of Labuha, Indonesia"
2024-03-07T08:56:38.050Z,-29.891,-177.7514,35,4.6,mb,"Kermadec Islands, New Zealand"
2024-03-07T08:24:56.952Z,-54.103,7.4069,10,4.8,mb,Bouvet Island region
2024-03-07T08:20:10.597Z,9.7718,-86.3228,9,5.6,mww,"78 km SW of Tamarindo, Costa Rica"
2024-03-07T03:30:13.827Z,5.1726,125.9703,111.162,4.7,mb,"61 km ESE of Sarangani, Philippines"
2024-03-06T23:56:55.792Z,-4.8258,134.1471,10,5.2,mb,"178 km ENE of Tual, Indonesia"
2024-03-06T21:39:28.512Z,7.8963,127.1014,13.012,5,mb,"64 km ENE of Kinablangan, Philippines"
2024-03-06T20:19:43.489Z,7.9178,126.9181,42.632,5,mww,"47 km ENE of Kinablangan, Philippines"
2024-03-06T20:08:10.178Z,8.6784,126.3063,81.679,4.8,mb,"11 km ESE of Salvacion, Philippines"
2024-03-06T19:27:02.733Z,-10.8089,165.5313,46.294,5,mb,"30 km WSW of Lata, Solomon Islands"
2024-03-06T17:37:46.115Z,39.9107,76.5903,10,4.5,mb,"71 km NE of Kashgar, China"
2024-03-06T17:17:26.991Z,-14.8958,-173.1921,10,5.1,mb,"133 km NNE of Hihifo, Tonga"
2024-03-06T15:27:48.223Z,-17.2455,-172.4015,10,5,mb,"206 km SE of Hihifo, Tonga"
2024-03-06T15:25:07.672Z,53.4956,-163.2388,8.921,4.6,mwr,"151 km S of False Pass, Alaska"
2024-03-06T13:28:58.750Z,-5.8465,130.2352,198.376,4.5,mb,"279 km W of Tual, Indonesia"
2024-03-06T08:41:27.698Z,48.0385,-129.0062,10,4.9,mww,"259 km WSW of Tofino, Canada"
2024-03-06T05:18:34.896Z,20.0127,145.2816,10.617,4.5,mb,"Maug Islands region, Northern Mariana Islands"
2024-03-06T04:43:16.381Z,-59.2062,-25.3557,35,4.7,mb,South Sandwich Islands region
2024-03-06T03:04:56.949Z,-20.2,-177.2945,337.732,4.8,mb,"233 km WNW of Houma, Tonga"
2024-03-06T00:09:59.584Z,41.2949,78.7131,10,4.7,mwr,"125 km WNW of Aykol, China"
2024-03-05T21:10:05.518Z,-23.6534,179.1709,542.094,5.1,mb,south of the Fiji Islands
2024-03-05T19:52:52.612Z,-59.1953,158.7607,10,6.1,mww,Macquarie Island region
2024-03-05T19:30:15.990Z,-59.5845,-26.0229,35,4.7,mb,South Sandwich Islands region
2024-03-05T17:32:05.666Z,-30.2763,-177.5548,35,4.6,mb,"Kermadec Islands, New Zealand"
2024-03-05T17:05:20.857Z,-20.9596,-179.0325,615.159,4.5,mb,Fiji region
2024-03-05T13:59:21.001Z,-55.5655,-124.2267,10,5.1,mww,southern East Pacific Rise
2024-03-05T10:04:57.187Z,-20.16,-173.9483,30.433,5.3,mww,"57 km SE of Pangai, Tonga"
2024-03-05T09:29:20.496Z,56.719,-33.6763,10,4.8,mb,Reykjanes Ridge
2024-03-05T05:49:28.860Z,14.7394,108.2256,9.561,4.5,mb,"48 km NNE of Kon Tum, Vietnam"
2024-03-05T04:20:14.814Z,27.0556,59.3526,38.577,5.1,mww,"60 km NNW of Fannūj, Iran"
2024-03-05T02:07:32.232Z,33.4841,93.0234,10,5.4,mww,"240 km NNE of Nagqu, China"
2024-03-04T22:01:31.650Z,-19.1941,-69.3879,107.862,4.6,mwr,"13 km NNE of Camiña, Chile"
2024-03-04T21:15:20.817Z,5.9286,125.6375,188.887,4.7,mb,"1 km NNW of Caburan, Philippines"
2024-03-04T16:46:42.175Z,-20.0588,-178.1902,577.325,4.6,mb,Fiji region
2024-03-04T13:59:07.173Z,7.0711,123.6493,34.812,4.6,mb,"48 km SSE of Malim, Philippines"
2024-03-04T13:06:29.403Z,-59.2628,158.9642,10,4.5,mb,Macquarie Island region
2024-03-04T13:01:16.372Z,-17.821,-172.3887,10,5,mb,"192 km ENE of Neiafu, Tonga"
2024-03-04T12:38:51.250Z,-31.0252,-177.2309,10,4.6,mb,Kermadec Islands region
2024-03-04T11:02:06.413Z,-21.1123,-68.9263,113.576,4.5,mb,"70 km W of Ollagüe, Chile"
2024-03-04T07:54:31.567Z,41.1784,78.6057,10,4.5,mwr,"130 km W of Aykol, China"
2024-03-04T06:55:13.747Z,-4.8792,102.8413,63.154,4.9,mb,"104 km SSW of Pagar Alam, Indonesia"
2024-03-04T06:32:49.443Z,38.9587,98.1587,10,4.6,mb,"29 km NW of Yanglong, China"
2024-03-04T06:29:28.257Z,38.8137,64.8816,10,4.6,mb,"54 km SSW of Muborak, Uzbekistan"
2024-03-04T06:22:07.268Z,42.8364,76.897,28.268,4.7,mww,"25 km NW of Cholpon-Ata, Kyrgyzstan"
2024-03-04T05:57:17.767Z,-59.3805,-25.383,20.148,4.9,mb,South Sandwich Islands region
2024-03-04T05:50:41.379Z,-59.4229,160.0813,10,4.7,mb,Macquarie Island region
2024-03-04T02:48:21.113Z,-5.8279,102.179,10,5.2,mwb,"224 km S of Bengkulu, Indonesia"
2024-03-04T00:27:14.431Z,-59.4825,159.744,10,4.6,mb,Macquarie Island region
2024-03-03T18:51:08.452Z,8.667,126.362,71.008,4.5,mb,"16 km SSE of Marihatag, Philippines"
2024-03-03T18:08:32.755Z,-28.7289,61.6042,10,5,mb,Southwest Indian Ridge
2024-03-03T16:16:53.995Z,-58.8881,159.1441,23.187,6.8,mww,Macquarie Island region
2024-03-03T15:56:32.656Z,-29.5411,-112.0415,10,5,mb,Easter Island region
2024-03-03T15:49:41.678Z,-32.3214,-178.0585,10,4.9,mb,south of the Kermadec Islands
2024-03-03T15:47:25.341Z,-32.5345,-177.9362,10,4.5,mb,south of the Kermadec Islands
2024-03-03T15:37:59.190Z,23.4698,143.6147,10,4.5,mb,"Volcano Islands, Japan region"
2024-03-03T15:07:43.246Z,-5.0063,103.0276,63.387,5.1,mb,"111 km SSW of Pagar Alam, Indonesia"
2024-03-03T09:28:29.923Z,-53.2035,-24.2936,10,4.6,mb,southwestern Atlantic Ocean
2024-03-03T08:50:16.760Z,13.3464,120.3169,35,4.6,mb,"17 km SW of Harrison, Philippines"
2024-03-03T08:31:58.877Z,41.1102,142.0938,56.691,4.9,mww,"70 km E of Yokohama, Japan"
2024-03-03T05:41:19.117Z,-48.8676,123.6893,10,4.6,mb,western Indian-Antarctic Ridge
2024-03-03T05:37:48.479Z,-19.9568,67.6202,10,4.7,mb,Mid-Indian Ridge
2024-03-03T05:35:37.150Z,11.6167,57.7992,10,4.9,mb,Owen Fracture Zone region
2024-03-03T04:34:40.460Z,-4.7938,139.5625,10,4.7,mb,"178 km ENE of Agats, Indonesia"
2024-03-03T04:32:18.331Z,-48.8536,123.745,10,4.7,mb,western Indian-Antarctic Ridge
2024-03-03T02:13:07.253Z,-32.2464,-178.0663,10,4.6,mb,south of the Kermadec Islands
2024-03-03T02:01:06.220Z,-32.4116,-178.0679,10,5,mb,south of the Kermadec Islands
2024-03-02T23:14:46.152Z,-32.299,-178.1275,10,5.2,mww,south of the Kermadec Islands
2024-03-02T23:09:54.196Z,28.8025,128.2279,165.413,4.8,mb,"113 km WNW of Uken, Japan"
2024-03-02T22:54:05.593Z,-32.4514,-177.7306,10,4.9,mb,south of the Kermadec Islands
2024-03-02T21:07:25.530Z,-6.4264,130.3297,132.632,4.6,mb,"282 km WSW of Tual, Indonesia"
2024-03-02T16:56:43.459Z,-23.5553,171.037,10,4.5,mb,southeast of the Loyalty Islands
2024-03-02T14:00:46.619Z,32.2815,131.6069,29.253,4.5,mb,"5 km NE of Tsunō, Japan"
2024-03-02T12:38:29.921Z,-55.7171,-25.5983,10,5,mb,South Sandwich Islands region
2024-03-02T11:50:59.767Z,-4.7845,139.5471,10,4.5,mb,"177 km ENE of Agats, Indonesia"
2024-03-02T11:31:20.657Z,-37.8014,176.5193,173.403,4.6,mb,"7 km ESE of Maketu, New Zealand"
2024-03-02T11:23:12.500Z,36.1435,140.2753,61.329,4.5,mb,"4 km S of Ishioka, Japan"
2024-03-02T10:48:44.183Z,-7.0651,106.8453,62.864,4.9,mb,"18 km SSW of Sukabumi, Indonesia"
2024-03-02T08:15:32.717Z,-16.1865,67.6767,10,4.6,mb,Mid-Indian Ridge
2024-03-02T08:02:33.435Z,54.5029,-161.6001,47.667,4.5,mb,"77 km SE of King Cove, Alaska"
2024-03-02T07:50:47.657Z,51.4506,177.774,52.077,4.9,mb,"Rat Islands, Aleutian Islands, Alaska"
2024-03-02T05:54:23.369Z,-17.9094,-175.1093,250.95,4.9,mb,"144 km NW of Neiafu, Tonga"
2024-03-02T05:09:48.606Z,8.8568,126.9154,10,4.6,mb,"66 km E of Aras-asan, Philippines"
2024-03-02T00:49:21.927Z,-7.0029,129.4917,152.373,4.5,mb,"Kepulauan Babar, Indonesia"
2024-03-02T00:39:37.879Z,-20.5228,-178.2695,541.528,4.6,mb,Fiji region
2024-03-02T00:26:40.579Z,-20.5625,-178.3442,546.098,5.8,mww,Fiji region
2024-03-01T18:40:28.735Z,35.2833,140.2908,38.83,4.5,mb,"4 km E of Ōtaki, Japan"
2024-03-01T18:39:26.377Z,0.4993,98.4902,50.726,4.9,mb,"76 km E of Teluk Dalam, Indonesia"
2024-03-01T18:38:47.061Z,35.2386,140.2935,27.278,4.5,mb,"7 km SE of Ōtaki, Japan"
2024-03-01T17:35:43.580Z,9.0558,126.6771,45.162,4.6,mb,"44 km ENE of Aras-asan, Philippines"
2024-03-01T17:29:44.950Z,11.5105,57.6508,8.034,5.9,mww,Owen Fracture Zone region
2024-03-01T17:25:38.263Z,27.1358,55.9532,16.601,4.6,mb,"32 km W of Bandar Abbas, Iran"
2024-03-01T16:49:02.796Z,35.2435,140.4032,19.883,4.9,mww,"1 km ESE of Ōhara, Japan"
2024-03-01T11:37:56.725Z,-5.6392,148.3216,185.323,4.6,mb,"114 km NNE of Finschhafen, Papua New Guinea"
2024-03-01T09:29:02.868Z,8.8616,126.74,42.374,5.4,mww,"47 km E of Aras-asan, Philippines"
2024-03-01T08:09:45.939Z,12.5345,47.4751,10,4.8,mb,"171 km NNW of Las Khorey, Somalia"
2024-03-01T07:12:27.062Z,-16.8578,-71.0904,130.41,4.5,mb,"14 km SE of La Capilla, Peru"
2024-03-01T07:06:36.257Z,-4.7608,139.56,10,5.2,mb,"180 km ENE of Agats, Indonesia"
2024-03-01T06:07:20.646Z,-54.3103,-119.4127,10,4.6,mb,southern East Pacific Rise
2024-03-01T05:52:38.788Z,39.8285,15.5315,268.439,4.6,mb,"21 km W of San Nicola Arcella, Italy"
2024-03-01T01:42:24.608Z,-45.1078,-81.623,10,4.7,mb,"Off the coast of Aisen, Chile"
2024-03-01T00:55:48.332Z,8.8363,126.8581,35,4.5,mb,"60 km E of Aras-asan, Philippines"
2024-03-01T00:44:00.786Z,-31.0233,-177.2605,10,4.5,mb,Kermadec Islands region
2024-02-29T20:43:16.110Z,35.371,140.632,23.083,5.1,mww,"22 km E of Ichinomiya, Japan"
2024-02-29T20:19:43.160Z,-10.4607,113.5799,10,4.9,mww,"236 km SSW of Gambiran Satu, Indonesia"
2024-02-29T19:49:30.720Z,-35.325,-104.1669,10,4.6,mb,southeast of Easter Island
2024-02-29T17:25:02.762Z,8.8045,126.8252,35,4.8,mb,"57 km E of Aras-asan, Philippines"
2024-02-29T17:18:50.560Z,8.784,126.9381,35,4.6,mb,"69 km E of Aras-asan, Philippines"
2024-02-29T16:01:55.231Z,36.0453,140.0479,81.902,4.5,mb,"6 km ENE of Mitsukaidō, Japan"
2024-02-29T14:46:51.258Z,-6.766,132.6528,10,4.6,mb,"126 km S of Tual, Indonesia"
2024-02-29T13:47:08.263Z,26.0693,-110.5557,10,4.7,mb,"79 km E of Loreto, Mexico"
2024-02-29T13:25:36.607Z,-22.6188,171.216,40.054,4.5,mb,southeast of the Loyalty Islands
2024-02-29T12:16:07.429Z,-9.2616,158.8249,10,5,mb,"109 km WNW of Malango, Solomon Islands"
2024-02-29T10:49:19.539Z,41.1418,-127.3617,10,4.5,mb,"268 km W of Indianola, California"
2024-02-29T10:28:55.288Z,41.3681,-127.1671,10,5.2,mww,"251 km W of Crescent City, California"
2024-02-29T09:35:40.027Z,35.2877,140.5471,23.026,4.8,mww,"14 km ENE of Ōhara, Japan"
2024-02-29T09:22:19.798Z,51.0421,-177.3209,26.936,5,mww,"104 km SSW of Adak, Alaska"
2024-02-29T08:24:54.249Z,-60.1914,-46.9512,10,4.6,mb,Scotia Sea
2024-02-29T06:24:31.391Z,85.3528,91.2168,10,5.2,mww,north of Severnaya Zemlya
2024-02-29T05:04:44.098Z,-8.5691,30.4179,10,4.7,mb,"79 km WNW of Mpulungu, Zambia"
2024-02-29T04:03:58.947Z,52.7683,-33.6254,10,4.8,mb,Reykjanes Ridge
2024-02-29T01:40:37.220Z,8.827,126.9349,10,4.9,mb,"68 km E of Aras-asan, Philippines"
2024-02-29T01:16:09.244Z,-16.6048,-173.8428,117.864,4.5,mb,"72 km S of Hihifo, Tonga"
2024-02-29T01:11:57.122Z,-41.1138,43.165,10,4.8,mb,Prince Edward Islands region
2024-02-29T01:05:37.808Z,8.8143,126.2835,73.607,4.8,mb,"1 km WNW of Marihatag, Philippines"
2024-02-29T00:23:58.202Z,8.8593,126.7364,18,5.4,mww,"46 km E of Aras-asan, Philippines"
2024-02-29T00:10:12.174Z,8.8465,126.8221,14.569,5.1,mww,"56 km E of Aras-asan, Philippines"
2024-02-28T21:36:08.070Z,-17.5386,-178.458,550.312,4.9,mb,"243 km ENE of Levuka, Fiji"
2024-02-28T19:50:43.200Z,-28.0527,-66.7763,152.267,4.7,mb,"51 km SE of Londres, Argentina"
2024-02-28T19:13:09.222Z,-14.4854,172.0424,623.063,4.5,mb,Vanuatu region
2024-02-28T17:44:40.362Z,5.2525,94.8424,72.173,4.6,mb,"63 km WSW of Banda Aceh, Indonesia"
2024-02-28T17:23:13.064Z,25.7745,129.4948,10,4.5,mb,"164 km SE of Taira, Japan"
2024-02-28T17:19:09.646Z,-65.0837,-173.5565,10,4.6,mb,Pacific-Antarctic Ridge
2024-02-28T15:50:21.854Z,52.0016,179.5832,119.968,5.5,mww,"260 km W of Adak, Alaska"
2024-02-28T13:43:34.623Z,41.9939,142.467,58.839,4.8,mb,"31 km SW of Urakawa, Japan"
2024-02-28T11:46:04.625Z,28.6066,128.6342,10,4.5,mb,"67 km WNW of Uken, Japan"
2024-02-28T10:00:53.763Z,6.1154,60.827,10,4.6,mb,Carlsberg Ridge
2024-02-28T07:44:49.152Z,21.6237,143.0533,322.478,4.5,mb,Mariana Islands region
2024-02-28T07:14:38.636Z,-9.6383,125.0983,25.424,4.7,mb,"39 km SSW of Suai, Timor Leste"
2024-02-28T07:05:15.187Z,6.3253,-75.5912,17.79,4.6,mb,"3 km WSW of Bello, Colombia"
2024-02-28T06:48:47.023Z,8.0002,126.9703,48.651,4.5,mb,"57 km NE of Kinablangan, Philippines"
2024-02-28T06:10:35.272Z,-16.6818,174.5909,10,4.5,mb,Fiji region
2024-02-28T05:56:11.907Z,-59.1208,158.9796,10,5.4,mww,Macquarie Island region
2024-02-28T04:46:40.911Z,-21.9912,-69.1994,86.263,4.6,mb,"58 km NNW of Calama, Chile"
2024-02-28T03:15:47.392Z,22.5768,144.4076,36.029,4.5,mb,"Volcano Islands, Japan region"
2024-02-28T02:28:11.737Z,1.0956,98.7388,86.439,4.7,mb,"67 km WSW of Padangsidempuan, Indonesia"
2024-02-28T01:37:50.932Z,-24.3175,-179.7469,500.942,4.5,mb,south of the Fiji Islands
2024-02-27T22:41:52.312Z,6.3284,-76.7456,51.878,4.5,mb,"29 km SSE of Bellavista, Colombia"
2024-02-27T21:44:14.606Z,-32.8334,-179.6007,109.614,4.5,mb,south of the Kermadec Islands
2024-02-27T16:05:54.150Z,-9.5491,148.7153,10,4.8,mww,"101 km SSE of Popondetta, Papua New Guinea"
2024-02-27T14:27:53.234Z,-5.0737,152.8334,41.74,4.8,mb,"102 km SE of Kokopo, Papua New Guinea"
2024-02-27T11:29:31.749Z,-10.8045,161.8602,33.245,5.2,mb,"39 km S of Kirakira, Solomon Islands"
2024-02-27T08:22:50.939Z,8.7383,126.2421,51.437,4.6,mb,"4 km NE of Salvacion, Philippines"
2024-02-27T07:19:50.676Z,26.1623,140.657,409.983,4.8,mb,"Bonin Islands, Japan region"
2024-02-27T04:49:09.655Z,-9.5137,125.062,10,4.9,mww,"30 km SW of Suai, Timor Leste"
2024-02-27T03:56:19.194Z,-33.5351,-178.5968,10,4.5,mb,south of the Kermadec Islands
2024-02-27T03:23:01.906Z,13.9924,-92.773,10,4.8,mww,"84 km SW of Brisas Barra de Suchiate, Mexico"
2024-02-27T00:14:12.956Z,32.1737,141.7752,10,4.7,mb,"Izu Islands, Japan region"
2024-02-26T23:55:36.570Z,-7.4263,105.8777,39.521,4.7,mb,"88 km WSW of Pelabuhanratu, Indonesia"
2024-02-26T21:35:56.386Z,-20.7191,169.4523,49.624,4.5,mb,"131 km S of Isangel, Vanuatu"
2024-02-26T21:35:38.435Z,12.9067,-87.2746,184.618,5,mb,"12 km WNW of Puerto Morazán, Nicaragua"
2024-02-26T20:10:52.119Z,-17.5886,176.3307,10,4.7,mb,"117 km WNW of Nadi, Fiji"
2024-02-26T19:37:15.784Z,-5.9318,130.6181,107.409,4.9,mww,"238 km W of Tual, Indonesia"
2024-02-26T17:25:43.465Z,44.3907,-116.1108,12.164,4.9,mww,"10 km N of Smiths Ferry, Idaho"
2024-02-26T17:15:32.804Z,11.5019,57.6533,10,5,mww,Owen Fracture Zone region
2024-02-26T08:21:12.124Z,-43.5446,171.348,10,4.5,mb,"26 km WNW of Methven, New Zealand"
2024-02-26T06:24:12.701Z,33.6245,132.4056,41.542,4.9,mww,"18 km N of Yawatahama, Japan"
2024-02-26T03:40:53.276Z,9.0238,126.2736,76.07,4.9,mb,"4 km NNE of La Paz, Philippines"
2024-02-26T02:50:28.752Z,-14.7583,168.118,10,4.6,mb,"115 km SSE of Sola, Vanuatu"
2024-02-25T17:33:48.562Z,0.5112,98.5291,53.895,4.6,mb,"81 km E of Teluk Dalam, Indonesia"
2024-02-25T16:50:20.009Z,-22.1972,-68.6058,110.096,4.8,mwr,"43 km NE of Calama, Chile"
2024-02-25T16:38:23.340Z,13.8643,120.2291,76.09,4.6,mb,"6 km NNE of Tilik, Philippines"
2024-02-25T15:54:03.523Z,4.2122,-82.6857,10,4.5,mb,south of Panama
2024-02-25T15:04:57.491Z,-7.3755,105.9647,45.156,5.2,mb,"77 km WSW of Pelabuhanratu, Indonesia"
2024-02-25T14:16:39.689Z,11.7281,144.7215,10,4.5,mb,"170 km S of Merizo Village, Guam"
2024-02-25T13:48:32.901Z,24.7957,122.0753,7.575,4.9,mww,"32 km E of Yilan, Taiwan"
2024-02-25T13:07:04.300Z,-7.3405,105.9282,34,5.6,mww,"79 km WSW of Pelabuhanratu, Indonesia"
2024-02-25T10:19:59.321Z,1.667,127.1734,127.998,4.5,mb,"93 km W of Tobelo, Indonesia"
2024-02-25T08:33:59.082Z,25.7572,129.8453,10,4.6,mb,"195 km ESE of Taira, Japan"
2024-02-25T07:51:09.149Z,6.8709,-76.2307,49.262,4.5,mb,"7 km WSW of Uramita, Colombia"
2024-02-25T07:27:03.237Z,0.1948,-80.0034,24.429,4.6,mwr,"14 km NNE of Pedernales, Ecuador"
2024-02-25T07:05:57.133Z,-58.8392,-25.816,55.376,4.5,mb,South Sandwich Islands region
2024-02-25T06:14:12.768Z,12.0053,124.9656,66.754,4.5,mb,"8 km SW of San Jose de Buan, Philippines"
2024-02-25T04:15:00.431Z,41.2117,78.4315,10,5.4,mww,"130 km SSE of Kyzyl-Suu, Kyrgyzstan"
2024-02-25T03:21:57.824Z,-5.6558,153.4413,10,4.5,mb,"194 km SE of Kokopo, Papua New Guinea"
2024-02-25T02:54:04.238Z,-24.1821,-67.1641,196.547,4.5,mb,"85 km W of San Antonio de los Cobres, Argentina"
2024-02-25T00:41:56.155Z,-5.5254,147.2101,189.719,4.5,mb,"134 km NNW of Finschhafen, Papua New Guinea"
2024-02-24T23:29:42.139Z,-6.2385,143.1464,10,5,mb,"48 km SSE of Tari, Papua New Guinea"
2024-02-24T21:57:41.904Z,12.5384,-87.2505,82.022,5.3,mww,"9 km W of El Realejo, Nicaragua"
2024-02-24T21:47:43.243Z,-14.947,167.0715,55.066,5,mb,"10 km N of Port-Olry, Vanuatu"
2024-02-24T19:12:56.851Z,-0.9392,-81.1548,10,4.6,mb,"49 km W of Manta, Ecuador"
2024-02-24T19:04:05.539Z,-22.9864,-70.2963,57.365,4.5,mb,"19 km NE of Mejillones, Chile"
2024-02-24T18:53:18.795Z,-7.2236,146.0481,166.34,4.5,mb,"65 km W of Bulolo, Papua New Guinea"
2024-02-24T18:47:42.689Z,12.0373,124.9654,75.122,4.9,mb,"6 km WSW of San Jose de Buan, Philippines"
2024-02-24T18:28:58.096Z,11.7482,125.1678,93.893,4.5,mb,"15 km SE of Tutubigan, Philippines"
2024-02-24T17:44:36.190Z,-18.6314,-174.5411,98.888,4.7,mb,"58 km W of Neiafu, Tonga"
2024-02-24T17:44:19.930Z,-18.7022,-174.853,10.449,4.5,mb,"91 km W of Neiafu, Tonga"
2024-02-24T12:21:44.157Z,-14.9476,-73.3562,88.496,4.6,mb,"1 km E of Pacapausa, Peru"
2024-02-24T10:17:39.491Z,39.5694,143.5279,10,5,mww,"136 km E of Yamada, Japan"
2024-02-24T09:09:11.638Z,-7.2716,127.1392,273.002,4.6,mb,"139 km N of Lospalos, Timor Leste"
2024-02-24T07:43:51.025Z,25.7483,129.4153,10,4.8,mb,"159 km SE of Taira, Japan"
2024-02-24T07:34:33.177Z,27.6842,56.1356,16.972,5,mb,"56 km NNW of Bandar Abbas, Iran"
2024-02-24T04:37:06.647Z,23.5824,121.7236,10,4.9,mb,"45 km SSE of Hualien City, Taiwan"
2024-02-24T04:26:38.754Z,-15.1123,-172.7517,10,4.5,mb,"145 km NE of Hihifo, Tonga"
2024-02-24T04:19:52.958Z,4.0394,126.0238,135.986,4.7,mb,"163 km SSE of Sarangani, Philippines"
2024-02-24T03:57:53.487Z,38.3723,141.913,64.304,4.5,mb,"41 km ESE of Onagawa Chō, Japan"
2024-02-24T00:51:21.349Z,3.9671,128.6605,10,5.2,mb,"257 km NNE of Tobelo, Indonesia"
2024-02-23T23:51:16.015Z,1.5608,126.3822,43.096,4.6,mb,"140 km E of Bitung, Indonesia"
2024-02-23T23:19:54.892Z,-22.7863,-174.0563,10,4.6,mb,"185 km SSE of ‘Ohonua, Tonga"
2024-02-23T23:10:43.909Z,32.1658,137.4984,404.065,5.3,mww,"216 km SE of Kushimoto, Japan"
2024-02-23T22:58:56.073Z,41.0638,78.5847,10,5,mww,"131 km W of Aykol, China"
2024-02-23T19:47:14.436Z,1.4886,126.3142,40.999,4.5,mb,"132 km E of Bitung, Indonesia"
2024-02-23T15:39:02.699Z,-20.5855,-174.0907,10,4.7,mb,"89 km SSE of Pangai, Tonga"
2024-02-23T14:45:22.097Z,6.7778,-73.0481,156.009,4.5,mb,"7 km NE of Jordán, Colombia"
2024-02-23T14:07:29.932Z,-8.4583,-75.7396,10,4.8,mb,"70 km NW of San Alejandro, Peru"
2024-02-23T13:01:32.916Z,-25.5857,-176.2277,33.383,4.5,mb,south of the Fiji Islands
2024-02-23T12:21:07.181Z,-34.6422,53.934,10,4.6,mb,Southwest Indian Ridge
2024-02-23T09:38:59.191Z,-17.4285,-69.5393,160.133,4.6,mb,"52 km ENE of Estique, Peru"
2024-02-23T07:46:26.679Z,-0.6873,98.4764,19.996,5.3,mww,"158 km SSE of Teluk Dalam, Indonesia"
2024-02-23T07:32:34.410Z,-19.2914,-174.7496,114.676,5.3,mww,"67 km NW of Fangale’ounga, Tonga"
2024-02-23T05:49:24.733Z,38.3581,73.8801,134.406,4.5,mb,"22 km NNW of Murghob, Tajikistan"
2024-02-23T05:35:09.750Z,81.0033,-4.0205,10,4.5,mb,north of Svalbard
2024-02-23T04:28:03.662Z,36.591,68.4098,10,4.6,mb,"42 km WSW of Kunduz, Afghanistan"
2024-02-23T03:43:21.082Z,-29.7832,-71.7442,28.814,4.5,mb,"43 km WNW of Coquimbo, Chile"
2024-02-23T01:51:13.973Z,-35.0892,-110.7745,10,6.3,mww,southern East Pacific Rise
2024-02-23T00:47:47.482Z,7.3556,-75.4767,53.05,4.5,mb,"11 km NW of Valdivia, Colombia"
2024-02-23T00:10:25.102Z,46.6745,152.614,35,4.9,mb,Kuril Islands
2024-02-22T21:40:35.350Z,-22.654,-179.6587,565.334,4.6,mb,south of the Fiji Islands
2024-02-22T20:43:09.280Z,17.933,-100.3555,54.808,4.7,mb,"21 km S of Valle Luz, Mexico"
2024-02-22T20:13:56.944Z,-17.5603,167.7256,10,4.5,mb,"65 km WNW of Port-Vila, Vanuatu"
2024-02-22T19:25:42.694Z,47.4681,153.8822,44.275,5.1,mb,Kuril Islands
2024-02-22T11:43:16.478Z,9.0625,126.225,72.826,4.9,mb,"3 km ESE of Tandag, Philippines"
2024-02-22T11:31:02.490Z,32.3391,140.2112,92.552,4.5,mb,"284 km SSE of Shimoda, Japan"
2024-02-22T10:23:33.957Z,29.2852,142.8895,15.162,4.5,mb,"Izu Islands, Japan region"
2024-02-22T04:22:41.244Z,25.0382,125.2389,43.851,4.7,mb,"26 km NNW of Hirara, Japan"
2024-02-22T04:16:20.266Z,-4.7435,151.6569,165.742,5.2,mww,"81 km WSW of Kokopo, Papua New Guinea"
2024-02-22T04:05:32.387Z,6.6747,-73.0893,162,4.6,mb,"6 km S of Jordán, Colombia"
2024-02-22T00:11:27.349Z,-1.02,146.2588,10,4.5,mb,"158 km NW of Lorengau, Papua New Guinea"
2024-02-21T23:55:21.520Z,-25.4547,-176.2707,10,5.1,mb,south of the Fiji Islands
2024-02-21T22:46:57.363Z,-6.2111,113.9306,606.447,5.1,mb,"88 km N of Sumenep, Indonesia"
2024-02-21T19:03:36.356Z,-59.6443,-29.7688,10,5,mww,South Sandwich Islands region
2024-02-21T18:26:44.304Z,41.3498,78.7227,4.88,4.5,mb,"125 km SSE of Kyzyl-Suu, Kyrgyzstan"
2024-02-21T14:07:35.712Z,-20.8809,-176.8685,290.557,5.4,mww,"165 km WNW of Houma, Tonga"
2024-02-21T13:05:35.944Z,26.0831,-110.7502,10,4.6,mb,"60 km E of Loreto, Mexico"
2024-02-21T12:57:06.679Z,36.1223,71.0071,98.178,4.5,mb,"78 km SW of Ashkāsham, Afghanistan"
2024-02-21T12:11:31.245Z,-0.8908,146.0892,10,5.5,mww,"182 km NW of Lorengau, Papua New Guinea"
2024-02-21T11:19:28.759Z,-32.8953,179.6675,227.272,4.7,mb,south of the Kermadec Islands
2024-02-21T11:01:07.955Z,14.5272,-90.2632,241.887,4.7,mb,"8 km W of Mataquescuintla, Guatemala"
2024-02-21T10:47:30.074Z,60.3641,-153.0756,148.4,4.6,mb,"70 km ENE of Port Alsworth, Alaska"
2024-02-21T07:36:04.824Z,22.5174,93.9868,71.012,4.9,mb,"41 km ESE of Hakha, Myanmar"
2024-02-21T07:03:57.973Z,40.441,77.667,10,4.5,mb,"134 km WNW of Tumxuk, China"
2024-02-21T06:05:32.886Z,4.2565,-32.556,10,4.6,mb,central Mid-Atlantic Ridge
2024-02-21T04:31:44.982Z,-22.5595,-178.4314,364.714,5.1,mb,south of the Fiji Islands
2024-02-21T03:09:54.481Z,-55.4468,-29.6013,10,4.9,mb,South Sandwich Islands region
2024-02-21T01:06:02.090Z,-56.2818,-143.1282,10,4.6,mb,Pacific-Antarctic Ridge
2024-02-20T23:23:46.651Z,6.7875,-73.0181,156.388,4.6,mb,"6 km NW of Cepitá, Colombia"
2024-02-20T21:13:51.554Z,29.3493,142.1834,10,4.5,mb,"Izu Islands, Japan region"
2024-02-20T19:14:41.806Z,-15.9891,-172.6804,10,4.7,mb,"119 km E of Hihifo, Tonga"
2024-02-20T18:27:48.889Z,-17.0356,-174.2162,110.087,4.9,mb,"127 km SSW of Hihifo, Tonga"
2024-02-20T17:32:58.893Z,-24.0278,178.6553,569.146,4.8,mb,south of the Fiji Islands
2024-02-20T15:12:29.694Z,23.7488,123.2893,24.87,4.6,mb,"84 km SSE of Yonakuni, Japan"
2024-02-20T14:57:30.744Z,23.7516,123.2782,21.152,5,mww,"84 km SSE of Yonakuni, Japan"
2024-02-20T14:18:17.392Z,23.9921,122.467,28.793,4.5,mwr,"75 km SW of Yonakuni, Japan"
2024-02-20T13:56:27.087Z,23.7588,123.2751,21.926,4.8,mww,"83 km SSE of Yonakuni, Japan"
2024-02-20T12:56:59.467Z,-16.9747,-172.7309,10,4.7,mb,"160 km SE of Hihifo, Tonga"
2024-02-20T10:58:10.471Z,42.8637,94.2192,10,5.1,mb,"58 km E of Hami, China"
2024-02-20T10:01:15.938Z,12.9678,145.1455,62.553,4.5,mb,"54 km SE of Inarajan Village, Guam"
2024-02-20T01:38:03.569Z,6.6953,-73.0637,165.776,4.6,mb,"4 km W of Aratoca, Colombia"
2024-02-19T23:26:19.685Z,-0.1997,-88.5336,10,5,mww,"142 km ENE of Puerto Baquerizo Moreno, Ecuador"
2024-02-19T19:21:47.156Z,21.6979,144.3932,133.86,4.6,mb,Mariana Islands region
2024-02-19T18:01:50.296Z,-57.1294,-25.2958,20.92,5.1,mww,South Sandwich Islands region
2024-02-19T17:07:49.201Z,-29.3832,-179.1168,346.686,4.7,mb,Kermadec Islands region
2024-02-19T16:23:23.470Z,-9.3562,-78.7144,76.295,5,mb,"33 km SSW of Chimbote, Peru"
2024-02-19T16:05:15.395Z,35.4886,74.8029,10,4.8,mww,"65 km SE of Gilgit, Pakistan"
2024-02-19T15:41:49.247Z,-15.3123,-174.4789,173.643,4.6,mb,"102 km NW of Hihifo, Tonga"
2024-02-19T15:27:12.528Z,-11.5451,166.3619,75.548,4.6,mb,"109 km SE of Lata, Solomon Islands"
2024-02-19T15:08:54.864Z,-7.2116,129.2819,144.671,5,mww,"290 km ENE of Lospalos, Timor Leste"
2024-02-19T12:37:37.855Z,-32.4643,-178.3102,10,4.6,mb,south of the Kermadec Islands
2024-02-19T08:51:15.592Z,-6.4714,-76.1941,104.647,5.1,mww,"12 km NNW of Chazuta, Peru"
2024-02-19T08:47:40.771Z,-4.7908,153.2468,61.258,5,mb,"119 km ESE of Kokopo, Papua New Guinea"
2024-02-19T07:05:05.801Z,20.0205,145.0975,10,4.6,mb,"Maug Islands region, Northern Mariana Islands"
2024-02-19T07:04:47.209Z,-57.2175,-25.9177,119.945,4.6,mb,South Sandwich Islands region
2024-02-19T06:23:20.842Z,-12.9694,-75.0379,83.72,4.9,mb,"11 km NW of Huachocolpa, Peru"
2024-02-19T03:08:15.669Z,41.9929,84.0802,10,4.6,mb,"100 km ENE of Kuqa, China"
2024-02-18T23:53:10.238Z,-16.9904,-174.2062,119.306,4.7,mb,"122 km SSW of Hihifo, Tonga"
2024-02-18T18:22:46.922Z,18.8865,121.0042,32.474,4.6,mb,"31 km NNW of Claveria, Philippines"
2024-02-18T11:48:09.745Z,9.3253,125.818,126.612,4.5,mb,"12 km W of Panikian, Philippines"
2024-02-18T11:20:31.823Z,36.5525,66.832,10,4.8,mb,"23 km SSW of Balkh, Afghanistan"
2024-02-18T08:57:52.613Z,-56.299,-142.1852,10,5.1,mb,Pacific-Antarctic Ridge
2024-02-18T08:09:45.109Z,29.4894,-42.7126,10,4.5,mb,northern Mid-Atlantic Ridge
2024-02-18T07:29:20.068Z,-16.0835,-174.6161,222.062,5.6,mww,"88 km W of Hihifo, Tonga"
2024-02-18T07:14:43.645Z,35.3874,140.027,97.462,4.5,mb,"8 km E of Kisarazu, Japan"
2024-02-18T06:08:38.270Z,13.8778,144.817,153.196,4.6,mb,"38 km NNW of Yigo Village, Guam"
2024-02-18T06:06:54.422Z,-15.3176,-175.3142,10,5.5,mww,"177 km WNW of Hihifo, Tonga"
2024-02-18T06:01:10.608Z,-58.6896,-23.047,10,4.9,mb,South Sandwich Islands region
2024-02-18T04:41:13.072Z,26.2637,-110.731,10,4.5,mb,"67 km ENE of Loreto, Mexico"
2024-02-18T04:32:22.519Z,-20.7662,-173.6078,10,5.1,mb,"131 km SE of Pangai, Tonga"
2024-02-18T04:09:09.863Z,-37.8529,176.3651,189.27,4.8,mb,"12 km SW of Maketu, New Zealand"
2024-02-18T00:01:29.682Z,17.18,-100.0934,35,4.7,mb,"4 km SSE of Tepetixtla, Mexico"
2024-02-17T23:14:48.385Z,-30.6587,-177.8097,37.168,4.6,mb,"Kermadec Islands, New Zealand"
2024-02-17T22:44:35.053Z,-60.2373,-27.324,35,4.5,mb,South Sandwich Islands region
2024-02-17T21:43:42.772Z,23.9338,123.6125,34.766,4.5,mwr,"71 km SW of Ishigaki, Japan"
2024-02-17T17:01:03.688Z,-21.9798,-176.0812,134.995,4.5,mb,"120 km SW of Houma, Tonga"
2024-02-17T11:47:30.170Z,40.2279,142.3112,50.024,4.6,mb,"44 km ENE of Noda, Japan"
2024-02-17T10:40:04.626Z,-33.2814,-178.9991,10,4.6,mb,south of the Kermadec Islands
2024-02-17T09:40:52.853Z,-17.5536,-173.6234,36.267,4.6,mb,"127 km NNE of Neiafu, Tonga"
2024-02-17T09:37:58.816Z,-15.0583,-173.5851,24.591,4.5,mb,"101 km NNE of Hihifo, Tonga"
2024-02-17T08:56:21.641Z,12.3294,-88.6949,45.026,4.5,mb,"106 km S of Puerto El Triunfo, El Salvador"
2024-02-17T08:00:43.139Z,23.1211,-44.9435,10,4.5,mb,northern Mid-Atlantic Ridge
2024-02-17T06:33:36.506Z,44.4867,148.1369,73.033,4.6,mb,"84 km SSE of Kuril’sk, Russia"
2024-02-17T06:32:52.188Z,28.948,-98.027,7.2497,4.5,ml,"3 km SSW of Falls City, Texas"
2024-02-17T04:38:59.455Z,-5.4627,146.9696,204.853,4.5,mb,"133 km ESE of Madang, Papua New Guinea"
2024-02-17T03:55:23.179Z,22.9227,93.7803,72.977,4.6,mb,"10 km E of Falam, Myanmar"
2024-02-17T03:06:44.340Z,2.5023,128.2584,75.17,4.5,mb,"89 km NNE of Tobelo, Indonesia"
2024-02-17T02:42:39.217Z,-19.6897,173.3766,10,4.9,mb,Vanuatu region
2024-02-17T02:14:57.911Z,-19.6247,173.5679,10,4.6,mb,Vanuatu region
2024-02-16T23:29:32.498Z,-12.1738,-14.7119,10,4.7,mb,southern Mid-Atlantic Ridge
2024-02-16T22:38:44.125Z,13.0521,145.7238,10,4.6,mb,"105 km ESE of Yigo Village, Guam"
2024-02-16T22:34:36.614Z,-11.5653,166.4339,10.251,4.7,mb,"116 km SE of Lata, Solomon Islands"
2024-02-16T22:30:13.360Z,23.6938,126.3977,10,4.6,mb,"164 km SE of Miyakojima, Japan"
2024-02-16T20:47:29.448Z,-17.9616,168.5481,153.049,5.2,mww,"35 km SE of Port-Vila, Vanuatu"
2024-02-16T19:41:03.601Z,8.6886,127.1451,10,4.5,mb,"94 km E of Marihatag, Philippines"
2024-02-16T19:27:04.496Z,36.2635,71.4614,114.88,4.6,mb,"47 km S of Ashkāsham, Afghanistan"
2024-02-16T18:24:32.294Z,1.3797,120.2649,33.238,4.5,mb,"256 km N of Palu, Indonesia"
2024-02-16T15:38:27.400Z,36.4734,77.2833,129.081,4.5,mb,"154 km SSE of Damusi, China"
2024-02-16T14:59:48.525Z,37.873,143.8357,10,4.8,mb,"218 km ESE of Onagawa Chō, Japan"
2024-02-16T14:23:33.695Z,-6.0222,130.4337,112.326,4.9,mb,"260 km W of Tual, Indonesia"
2024-02-16T14:00:42.332Z,-19.7795,-176.9448,327.38,4.5,mb,"230 km NW of Houma, Tonga"
2024-02-16T13:48:59.322Z,-12.8543,166.7336,86.495,4.5,mb,"143 km NW of Sola, Vanuatu"
2024-02-16T11:45:04.903Z,19.8934,145.2562,10,4.6,mb,"Maug Islands region, Northern Mariana Islands"
2024-02-16T11:00:58.056Z,31.4556,140.5717,13.429,4.8,mb,"Izu Islands, Japan region"
2024-02-16T06:27:38.814Z,-19.6782,-71.0225,6.452,4.8,mwr,"105 km WSW of Cuya, Chile"
2024-02-16T06:05:38.490Z,3.1816,125.7753,149.364,4.5,mb,"205 km NNE of Bitung, Indonesia"
2024-02-16T02:19:09.654Z,45.1847,153.4059,10,4.5,mb,east of the Kuril Islands
2024-02-16T01:17:55.196Z,20.2484,145.3645,10,4.5,mb,"Maug Islands region, Northern Mariana Islands"
2024-02-16T01:08:41.477Z,11.0278,138.7464,10,4.6,mb,"180 km NNE of Colonia, Micronesia"
2024-02-15T23:59:35.778Z,-29.166,-71.8496,9.519,5,mww,"100 km NNW of Coquimbo, Chile"
2024-02-15T23:58:08.467Z,8.7804,126.399,59.487,4.5,mb,"11 km ESE of Marihatag, Philippines"
2024-02-15T20:53:36.996Z,-11.4869,-77.3579,67.251,5.2,mww,"13 km NW of Chancay, Peru"
2024-02-15T18:53:02.261Z,8.7862,126.2842,36.963,4.6,mb,"2 km SSW of Marihatag, Philippines"
2024-02-15T18:27:12.430Z,7.0504,-77.0477,38.654,4.7,mb,"26 km WNW of Murindó, Colombia"
2024-02-15T17:55:13.921Z,52.3729,159.5752,61.574,4.9,mb,"100 km SE of Petropavlovsk-Kamchatsky, Russia"
2024-02-15T15:54:01.752Z,-8.3032,112.234,117.578,4.5,mb,"23 km SSE of Blitar, Indonesia"
2024-02-15T15:09:56.731Z,-58.2784,-25.1523,30.589,4.5,mb,South Sandwich Islands region
2024-02-15T14:44:21.649Z,-17.3864,167.8802,10,4.5,mb,"60 km NW of Port-Vila, Vanuatu"
2024-02-15T12:21:14.224Z,-18.1268,-178.1679,528.082,4.5,mb,"266 km E of Levuka, Fiji"
2024-02-15T11:50:21.320Z,-60.3983,-46.6374,10,4.5,mb,Scotia Sea
2024-02-15T10:41:59.372Z,23.8758,142.2041,74.564,4.5,mb,"Volcano Islands, Japan region"
2024-02-15T07:12:23.985Z,-45.9253,95.7696,10,5,mb,southeast Indian Ridge
2024-02-15T06:45:34.125Z,-1.7319,-77.6488,166.527,4.8,mb,"35 km E of Palora, Ecuador"
2024-02-15T06:38:55.302Z,26.1836,-110.6858,10,5.1,mww,"68 km ENE of Loreto, Mexico"
2024-02-15T06:29:42.991Z,37.5306,137.6202,10,4.8,mww,"58 km NNW of Itoigawa, Japan"
2024-02-15T06:02:50.418Z,24.984,107.1223,10,4.5,mb,"102 km WNW of Hechi, China"
2024-02-15T03:52:40.420Z,41.3229,78.7906,10,4.5,mwr,"119 km WNW of Aykol, China"
2024-02-15T03:52:32.001Z,17.3413,40.465,10,4.5,mb,"189 km WNW of Farasān, Saudi Arabia"
2024-02-15T03:48:18.648Z,37.8365,137.7212,10,4.8,mww,"59 km WSW of Sado, Japan"
2024-02-15T03:41:35.662Z,41.1494,78.5313,10,4.5,mb,"136 km W of Aykol, China"
2024-02-15T03:41:14.427Z,-51.9312,93.6181,10,4.8,mb,South Indian Ocean
2024-02-15T01:20:17.498Z,-17.955,-172.397,10,5.1,mww,"184 km ENE of Neiafu, Tonga"
2024-02-15T00:10:25.667Z,55.3292,164.4456,10,5.1,mww,"158 km SE of Ust’-Kamchatsk Staryy, Russia"
2024-02-14T23:26:55.142Z,-54.9436,-129.8474,10,5.2,mww,Pacific-Antarctic Ridge
2024-02-14T23:04:49.565Z,-28.0288,-177.5398,94.653,4.9,mww,Kermadec Islands region
2024-02-14T21:43:36.838Z,63.0083,-150.6163,115.5,4.7,mwr,"57 km N of Petersville, Alaska"
2024-02-14T20:45:46.685Z,52.2013,159.8183,43.556,4.5,mb,"125 km SE of Petropavlovsk-Kamchatsky, Russia"
2024-02-14T20:20:16.725Z,-19.6078,-177.5435,564.548,4.5,mb,"290 km NW of Houma, Tonga"
2024-02-14T18:58:34.115Z,-16.6583,172.8779,8,5.6,mww,Vanuatu region
2024-02-14T18:41:57.283Z,9.0536,126.1183,10.802,4.5,mb,"7 km NW of Gamut, Philippines"
2024-02-14T16:14:40.498Z,-7.5451,128.2409,155.434,4.5,mb,"174 km NE of Lospalos, Timor Leste"
2024-02-14T16:01:34.640Z,-7.6662,155.046,10,4.7,mb,"156 km SSW of Panguna, Papua New Guinea"
2024-02-14T13:33:40.584Z,35.6066,0.1094,10,4.6,mb,"23 km N of Mascara, Algeria"
2024-02-14T12:59:37.499Z,11.0885,138.9549,10,4.6,mb,"196 km NNE of Colonia, Micronesia"
2024-02-14T12:24:44.253Z,11.13,138.5377,10,4.7,mb,"184 km NNE of Colonia, Micronesia"
2024-02-14T12:11:44.153Z,-5.8139,153.6847,10,4.5,mb,"206 km WNW of Panguna, Papua New Guinea"
2024-02-14T12:07:24.009Z,11.0744,138.6639,10,4.5,mb,"182 km NNE of Colonia, Micronesia"
2024-02-14T11:58:26.091Z,-23.0497,-114.9304,10,4.7,mb,Easter Island region
2024-02-14T11:40:22.125Z,11.0047,138.5725,14,6,mww,"171 km NNE of Colonia, Micronesia"
2024-02-14T07:59:36.297Z,8.3934,126.5243,64.396,4.8,mb,"21 km E of Hinatuan, Philippines"
2024-02-14T07:21:15.491Z,11.846,125.5323,44.177,4.9,mb,"9 km ENE of Sulat, Philippines"
2024-02-14T06:53:58.474Z,31.8124,138.0778,372.322,5.2,mww,"283 km SE of Kushimoto, Japan"
2024-02-14T05:47:58.155Z,11.2118,138.7871,10,4.8,mb,"201 km NNE of Colonia, Micronesia"
2024-02-14T04:59:17.431Z,-58.3221,-24.9626,35,4.5,mb,South Sandwich Islands region
2024-02-14T04:42:28.005Z,-58.3009,-24.8638,12.946,5.2,mww,South Sandwich Islands region
2024-02-14T04:30:56.615Z,-58.2846,-25.0267,23,5.7,mww,South Sandwich Islands region
2024-02-14T04:17:02.933Z,-58.3647,-24.7964,10,4.7,mb,South Sandwich Islands region
2024-02-14T01:32:53.161Z,37.1633,136.9269,10,4.8,mb,"8 km SSE of Anamizu, Japan"
2024-02-14T01:31:41.819Z,-28.8913,-71.4208,28,5.8,mww,"73 km WSW of Vallenar, Chile"
2024-02-14T01:29:19.304Z,-17.0015,-174.3913,120.57,4.6,mb,"132 km SSW of Hihifo, Tonga"
2024-02-14T00:16:57.843Z,-14.7652,168.1228,10,4.7,mb,"116 km SSE of Sola, Vanuatu"
2024-02-13T20:51:49.550Z,-3.6393,131.2452,10,4.5,mb,"141 km SW of Fakfak, Indonesia"
2024-02-13T19:13:14.443Z,-4.7817,152.6539,62.664,5.1,mb,"64 km SE of Kokopo, Papua New Guinea"
2024-02-13T18:20:44.601Z,-63.7026,-167.7296,10,4.6,mb,Pacific-Antarctic Ridge
2024-02-13T17:43:05.863Z,9.1558,126.2478,10,4.8,mb,"9 km ESE of Mabahin, Philippines"
2024-02-13T17:02:34.660Z,-27.5247,-71.3415,14.525,4.6,mb,"101 km W of Copiapó, Chile"
2024-02-13T15:48:07.041Z,0.9716,-28.9675,10,4.5,mb,central Mid-Atlantic Ridge
2024-02-13T15:14:17.016Z,-15.3222,-174.0728,82.187,4.6,mb,"75 km NNW of Hihifo, Tonga"
2024-02-13T14:30:02.278Z,-7.2056,-12.5968,13.152,5,mb,"215 km ENE of Georgetown, Saint Helena"
2024-02-13T10:18:40.343Z,26.8405,129.4267,10,4.7,mb,"97 km SE of Wadomari, Japan"
2024-02-13T09:00:13.305Z,8.6127,126.6121,35,4.9,mb,"40 km NE of Hinatuan, Philippines"
2024-02-13T07:31:15.837Z,3.9875,126.4623,45.373,4.5,mb,"191 km SE of Sarangani, Philippines"
2024-02-13T04:24:37.792Z,-18.2702,-172.5855,10,4.5,mb,"153 km ENE of Neiafu, Tonga"
2024-02-13T02:54:06.176Z,-30.0362,-176.744,10,4.5,mb,Kermadec Islands region
2024-02-13T02:39:16.609Z,-40.3184,174.8169,80.682,4.5,mb,"38 km WNW of Foxton Beach, New Zealand"
2024-02-13T01:22:19.866Z,-3.2606,115.0429,13.597,4.9,mb,"25 km NE of Martapura, Indonesia"
2024-02-13T00:34:07.134Z,5.0873,125.3865,10.431,4.9,mb,"35 km SSW of Sarangani, Philippines"
2024-02-12T23:58:41.603Z,-37.036,-96.202,10,4.8,mb,southeast of Easter Island
2024-02-12T21:31:30.067Z,-29.7558,-177.9182,33.866,4.9,mb,"Kermadec Islands, New Zealand"
2024-02-12T20:54:13.330Z,-56.6649,-25.3624,10,4.6,mb,South Sandwich Islands region
2024-02-12T20:45:39.566Z,2.9092,126.5762,66.521,4.5,mb,"206 km NW of Tobelo, Indonesia"
2024-02-12T20:29:35.583Z,-6.3871,130.1068,150.389,4.9,mb,Banda Sea
2024-02-12T19:56:31.774Z,75.1818,111.3171,10,4.8,mb,"near the coast of central Siberia, Russia"
2024-02-12T17:57:11.876Z,6.3192,60.4022,10,4.5,mb,Carlsberg Ridge
2024-02-12T15:31:23.843Z,9.9444,126.2058,45.473,4.7,mb,"14 km NE of Pilar, Philippines"
2024-02-12T11:55:04.196Z,18.9694,119.6039,12.66,4.8,mb,"116 km WNW of Davila, Philippines"
2024-02-12T11:28:55.330Z,-8.9238,159.7789,103.648,4.6,mb,"45 km WNW of Tulagi, Solomon Islands"
2024-02-12T11:19:34.858Z,22.0086,142.7919,236,6.1,mww,"Volcano Islands, Japan region"
2024-02-12T08:54:04.467Z,35.1786,142.3271,10,4.7,mb,"148 km ESE of Hasaki, Japan"
2024-02-12T08:42:48.620Z,32.7998333,-115.5655,15.76,4.56,mw,"2 km NNW of El Centro, CA"
2024-02-12T08:36:25.460Z,32.8135,-115.5735,17.93,4.81,mw,"3 km NNW of El Centro, CA"
2024-02-12T06:10:46.512Z,-19.3412,169.1387,120.486,5,mww,"26 km NW of Isangel, Vanuatu"
2024-02-12T04:19:24.220Z,5.8459,-32.9041,10,4.5,mb,central Mid-Atlantic Ridge
2024-02-12T04:18:50.738Z,5.5062,-32.9638,10,4.6,mb,central Mid-Atlantic Ridge
2024-02-12T04:16:11.994Z,59.8627,-29.7148,10,4.5,mb,Reykjanes Ridge
2024-02-12T04:11:09.428Z,5.4755,-32.8611,10,5.4,mww,central Mid-Atlantic Ridge
2024-02-12T03:53:54.457Z,5.6925,-33.1204,10,4.6,mb,central Mid-Atlantic Ridge
2024-02-12T03:45:40.299Z,5.624,-32.9844,10,4.6,mb,central Mid-Atlantic Ridge
2024-02-12T03:43:09.946Z,5.6079,-32.8755,10,5.2,mww,central Mid-Atlantic Ridge
2024-02-12T02:51:42.820Z,-29.5125,-177.0548,35,4.5,mb,"Kermadec Islands, New Zealand"
2024-02-12T02:27:31.925Z,-20.7738,169.2074,35,4.8,mb,"136 km S of Isangel, Vanuatu"
2024-02-12T02:03:06.309Z,9.7195,126.7002,35,5.3,mww,"64 km E of Union, Philippines"
2024-02-12T01:48:52.206Z,-8.2323,-75.3985,10,4.5,mb,"69 km NNW of San Alejandro, Peru"
2024-02-12T00:40:17.747Z,52.3406,-170.8028,50.24,4.6,mwr,"147 km WSW of Nikolski, Alaska"
2024-02-11T23:44:16.685Z,23.8006,-44.7356,10,4.6,mb,northern Mid-Atlantic Ridge
2024-02-11T21:30:12.041Z,13.8072,125.0023,10,4.8,mb,"66 km E of Gigmoto, Philippines"
2024-02-11T21:14:43.394Z,-28.2449,-71.2847,33.936,5.4,mww,"63 km NW of Vallenar, Chile"
2024-02-11T20:48:49.942Z,21.5206,94.0805,72.436,4.9,mb,"102 km NW of Chauk, Myanmar"
2024-02-11T18:38:09.619Z,-8.4513,-75.6995,11.149,4.7,mb,"67 km NW of San Alejandro, Peru"
2024-02-11T18:02:27.933Z,-15.2085,-174.6578,10,4.5,mb,"123 km NW of Hihifo, Tonga"
2024-02-11T13:16:30.409Z,5.719,127.0083,119.695,4.6,mb,"116 km SE of Pondaguitan, Philippines"
2024-02-11T12:49:12.292Z,-29.5967,-177.7005,56.074,4.9,mb,"Kermadec Islands, New Zealand"
2024-02-11T07:27:47.517Z,-14.8289,166.6862,37.987,4.6,mb,"47 km WNW of Port-Olry, Vanuatu"
2024-02-11T04:57:13.159Z,41.3079,78.7072,10,4.9,mb,"126 km WNW of Aykol, China"
2024-02-11T02:29:47.087Z,-5.8428,-11.7269,10,4.5,mb,Ascension Island region
2024-02-10T23:23:52.969Z,-30.1884,-178.3528,10,4.7,mb,"Kermadec Islands, New Zealand"
2024-02-10T18:09:55.121Z,-2.439,140.0919,27.518,4.5,mb,"62 km WNW of Abepura, Indonesia"
2024-02-10T17:44:44.857Z,36.2865,69.9671,144.214,4.9,mb,"33 km SSE of Farkhār, Afghanistan"
2024-02-10T17:35:18.717Z,5.5065,-32.929,10,4.9,mww,central Mid-Atlantic Ridge
2024-02-10T17:03:30.752Z,5.7765,125.796,92.374,4.6,mb,"23 km SE of Caburan, Philippines"
2024-02-10T12:09:51.283Z,-15.8181,66.9795,10,4.5,mb,Mid-Indian Ridge
2024-02-10T09:21:10.423Z,12.7803,124.9854,34.991,4.5,mb,"14 km NNW of Cabodiongan, Philippines"
2024-02-10T09:13:23.172Z,-13.093,166.9196,206.933,4.7,mb,"110 km NW of Sola, Vanuatu"
2024-02-10T08:25:01.465Z,50.8588,84.3763,44.945,4.7,mb,"28 km WSW of Ust’-Kan, Russia"
2024-02-10T08:07:02.337Z,19.0509,121.0608,38.279,4.6,mb,"49 km N of Claveria, Philippines"
2024-02-10T05:26:50.042Z,12.4048,142.5773,49.017,4.7,mb,"246 km WSW of Merizo Village, Guam"
2024-02-10T05:21:35.429Z,8.6931,125.6903,50.159,5.4,mb,"1 km NNW of Salvacion, Philippines"
2024-02-10T05:18:49.765Z,26.2077,-110.7458,10,4.5,mb,"64 km ENE of Loreto, Mexico"
2024-02-10T05:11:46.524Z,12.4127,142.4808,57.181,4.6,mb,"255 km WSW of Merizo Village, Guam"
2024-02-10T03:22:06.930Z,8.6822,125.568,32,5.8,mww,"8 km W of Esperanza, Philippines"
2024-02-10T03:21:28.465Z,-14.13,-73.7182,81.426,4.5,mb,"13 km SW of Paico, Peru"
2024-02-09T23:53:24.619Z,-0.0419,135.9398,10,4.6,mb,"122 km N of Insrom, Indonesia"
2024-02-09T22:17:04.649Z,-18.0931,-73.4949,19.533,5,mb,"182 km SSW of Camaná, Peru"
2024-02-09T21:47:27.320Z,34.0575,-118.9076667,15.28,4.61,mw,"11 km WNW of Malibu, CA"
2024-02-09T20:41:59.445Z,19.8664,-105.649,41.869,4.9,mww,"25 km SW of La Cruz de Loreto, Mexico"
2024-02-09T20:06:31.660Z,19.186833333333,-155.49316666667,36.97,5.88,ml,"2 km SW of Pāhala, Hawaii"
2024-02-09T20:05:29.564Z,25.856,-110.7076,10,4.6,mww,"66 km ESE of Loreto, Mexico"
2024-02-09T18:26:51.167Z,55.1834,165.4284,10,4.6,mb,"218 km ESE of Ust’-Kamchatsk Staryy, Russia"
2024-02-09T17:22:21.464Z,-28.5506,-176.89,41.588,4.6,mb,Kermadec Islands region
2024-02-09T16:11:38.280Z,-5.9987,153.8231,10,4.6,mb,"187 km W of Panguna, Papua New Guinea"
2024-02-09T13:22:53.198Z,26.182,-110.5001,8.368,4.9,mww,"86 km ENE of Loreto, Mexico"
2024-02-09T10:57:48.482Z,-29.9268,-177.2323,13,6.1,mww,"Kermadec Islands, New Zealand"
2024-02-09T09:18:58.560Z,-17.5206,-178.7123,541.218,4.9,mb,"217 km ENE of Levuka, Fiji"
2024-02-09T08:42:33.870Z,34.9465,139.1653,167.587,4.5,mb,"7 km ESE of Itō, Japan"
2024-02-09T08:16:53.156Z,-20.9043,-178.9912,601.36,4.5,mb,Fiji region
2024-02-09T07:47:58.756Z,1.574,-30.6349,10,4.5,mb,central Mid-Atlantic Ridge
2024-02-09T04:33:36.678Z,-16.2656,-172.4175,10,4.9,mb,"151 km ESE of Hihifo, Tonga"
2024-02-09T04:19:38.004Z,7.8579,126.7665,83.392,4.5,mb,"30 km NE of Kinablangan, Philippines"
2024-02-09T02:46:24.444Z,-13.877,170.0932,10,4.5,mb,"274 km E of Sola, Vanuatu"
2024-02-09T01:49:20.393Z,40.3275,51.9305,10,4.5,mb,"93 km WNW of Türkmenbaşy, Turkmenistan"
2024-02-09T00:17:27.466Z,-16.9507,-178.986,537.646,4.5,mb,"185 km ESE of Labasa, Fiji"
2024-02-09T00:09:30.575Z,1.1969,-29.3026,10,4.6,mb,central Mid-Atlantic Ridge
2024-02-09T00:06:10.783Z,12.3697,142.5838,58.14,4.5,mb,"247 km WSW of Merizo Village, Guam"
2024-02-08T22:35:59.158Z,26.0178,-110.773,5.867,5,mww,"57 km E of Loreto, Mexico"
2024-02-08T22:00:25.511Z,-59.5665,-26.3273,52.138,4.6,mb,South Sandwich Islands region
2024-02-08T21:53:39.241Z,2.3956,128.3891,49.052,4.6,mb,"85 km NNE of Tobelo, Indonesia"
2024-02-08T21:29:14.887Z,1.6386,-30.5947,10,5,mb,central Mid-Atlantic Ridge
2024-02-08T21:10:41.464Z,-5.9919,153.6569,10,4.6,mb,"205 km W of Panguna, Papua New Guinea"
2024-02-08T20:01:44.491Z,26.1803,-110.7543,10,5.1,mww,"62 km ENE of Loreto, Mexico"
2024-02-08T17:43:14.073Z,1.6521,-30.5847,10,4.5,mb,central Mid-Atlantic Ridge
2024-02-08T17:20:37.072Z,1.5065,-30.5793,10,4.6,mb,central Mid-Atlantic Ridge
2024-02-08T17:17:37.824Z,1.5772,-30.5432,10,4.7,mb,central Mid-Atlantic Ridge
2024-02-08T16:00:29.479Z,-6.0068,151.5221,10,4.6,mb,"161 km ESE of Kimbe, Papua New Guinea"
2024-02-08T15:11:33.985Z,-5.2346,129.5638,212.411,4.8,mb,"221 km SSE of Amahai, Indonesia"
2024-02-08T14:29:14.737Z,37.8837,71.7005,66.804,4.5,mb,"45 km NNE of Khorugh, Tajikistan"
2024-02-08T14:28:32.733Z,-9.1131,-109.7751,10,4.5,mb,central East Pacific Rise
2024-02-08T14:00:35.971Z,-5.8716,153.4417,27.468,4.5,mb,"213 km SE of Kokopo, Papua New Guinea"
2024-02-08T09:22:05.345Z,26.1265,-110.587,10,4.8,mww,"77 km E of Loreto, Mexico"
2024-02-08T08:27:56.942Z,-9.1003,-109.6384,10,4.7,mb,central East Pacific Rise
2024-02-08T07:53:35.554Z,-34.7612,-108.4442,10,4.9,mb,southern East Pacific Rise
2024-02-08T04:26:32.323Z,37.6822,141.8718,44.39,4.5,mb,"79 km E of Minami-Sōma, Japan"
2024-02-08T03:11:03.665Z,-4.3478,144.1446,10,4.5,mb,"32 km SSE of Angoram, Papua New Guinea"
2024-02-08T02:20:24.380Z,35.3852,22.6799,26.452,4.6,mwr,"89 km W of Kíssamos, Greece"
2024-02-08T02:09:28.592Z,-19.2397,169.4031,260.447,4.6,mb,"35 km NNE of Isangel, Vanuatu"
2024-02-08T00:21:16.617Z,-58.6596,-25.1422,21.462,4.7,mb,South Sandwich Islands region
2024-02-07T20:09:44.771Z,9.6258,126.3495,64.382,4.7,mb,"29 km ESE of Union, Philippines"
2024-02-07T19:49:38.050Z,6.5541,125.8869,76.5,4.6,mb,"23 km W of Magdug, Philippines"
2024-02-07T19:33:36.620Z,-3.3229,130.8029,10,5.2,mww,"171 km WSW of Fakfak, Indonesia"
2024-02-07T18:31:00.732Z,-7.4996,106.7717,47.359,4.5,mb,"61 km SSE of Pelabuhanratu, Indonesia"
2024-02-07T16:15:13.762Z,-8.9222,157.7607,10,4.7,mb,"135 km SE of Gizo, Solomon Islands"
2024-02-07T15:47:50.643Z,-22.4544,-67.4817,10,4.6,mb,"89 km NE of San Pedro de Atacama, Chile"
2024-02-07T12:17:23.171Z,-20.4357,-68.8712,120.427,4.5,mb,"82 km E of La Tirana, Chile"
2024-02-07T11:43:29.304Z,-17.6431,-178.6726,569.384,4.5,mb,"218 km ENE of Levuka, Fiji"
2024-02-07T10:54:29.468Z,-23.7991,69.5188,10,4.7,mb,Mid-Indian Ridge
2024-02-07T07:49:32.385Z,-8.8337,157.7301,11.315,4.9,mb,"126 km SE of Gizo, Solomon Islands"
2024-02-07T05:46:57.133Z,8.8809,126.8952,49.686,4.5,mb,"64 km E of Aras-asan, Philippines"
2024-02-07T04:11:50.091Z,14.8254,108.2719,10,4.6,mb,"57 km S of Trà My, Vietnam"
2024-02-07T04:05:03.974Z,18.505,120.9687,44,5.4,mww,"16 km SW of Claveria, Philippines"
2024-02-07T03:49:28.420Z,-18.6285,168.0961,35,4.6,mb,"101 km SSW of Port-Vila, Vanuatu"
2024-02-07T02:57:04.102Z,8.7759,126.7802,80.855,5,mb,"53 km ESE of Aras-asan, Philippines"
2024-02-07T02:52:47.034Z,8.472,127.0065,10,4.6,mb,"71 km ENE of Barcelona, Philippines"
2024-02-07T02:44:57.369Z,8.8778,126.7356,65.508,5,mb,"46 km E of Aras-asan, Philippines"
2024-02-07T02:42:02.148Z,-10.6085,165.983,206.692,5,mb,"24 km ENE of Lata, Solomon Islands"
2024-02-07T02:04:53.438Z,13.1591,-89.5919,65.871,5,mb,"46 km SW of La Libertad, El Salvador"
2024-02-07T00:09:44.138Z,8.0942,127.068,35,4.5,mb,"69 km E of Santa Maria, Philippines"
2024-02-06T21:08:13.917Z,37.7188,137.545,10,4.9,mww,"78 km NE of Anamizu, Japan"
2024-02-06T20:48:31.615Z,36.4011,69.5411,10,4.6,mb,"34 km SW of Farkhār, Afghanistan"
2024-02-06T16:44:55.400Z,-6.2358,151.8474,10,4.5,mb,"203 km ESE of Kimbe, Papua New Guinea"
2024-02-06T16:06:39.757Z,44.3837,148.8917,50.461,4.9,mww,"123 km SE of Kuril’sk, Russia"
2024-02-06T14:54:07.081Z,-3.8344,151.3792,10.773,4.6,mb,"95 km WNW of Rabaul, Papua New Guinea"
2024-02-06T14:37:56.409Z,8.9318,126.2817,52.252,5.1,mww,"0 km W of Bacolod, Philippines"
2024-02-06T14:08:35.074Z,29.2208,131.5869,10,4.5,mb,"151 km SE of Koshima, Japan"
2024-02-06T13:53:19.290Z,13.1349,-89.5713,66.084,5.1,mww,"47 km SW of La Libertad, El Salvador"
2024-02-06T13:37:32.568Z,7.328,-80.5906,16.804,4.8,mb,"11 km S of La Tronosa, Panama"
2024-02-06T12:14:01.178Z,-11.9551,-14.1032,10,4.5,mb,Ascension Island region
2024-02-06T09:01:20.398Z,-41.1551,-87.777,10,5,mww,West Chile Rise
2024-02-06T04:20:51.644Z,16.7806,121.002,10,4.6,mb,"11 km S of Hapao, Philippines"
2024-02-06T02:18:02.457Z,10.9578,-62.3946,88.77,4.9,mb,"43 km NNW of Güiria, Venezuela"
2024-02-06T00:00:44.195Z,55.5081,-35.2094,10,4.5,mb,Reykjanes Ridge
2024-02-05T21:20:34.647Z,55.6592,-35.1701,10,4.8,mb,Reykjanes Ridge
2024-02-05T21:07:37.289Z,-48.426,-87.1536,10,4.8,mb,southern Pacific Ocean
2024-02-05T20:21:07.865Z,-48.3938,-87.1289,10,4.8,mb,southern Pacific Ocean
2024-02-05T19:04:08.975Z,22.2033,143.3742,184.339,5.1,mww,"Volcano Islands, Japan region"
2024-02-05T18:40:03.431Z,55.5076,-35.1774,10,4.5,mb,Reykjanes Ridge
2024-02-05T14:39:37.204Z,55.4525,-35.1925,10,5,mww,Reykjanes Ridge
2024-02-05T14:05:23.199Z,-4.114,140.1864,86.573,4.9,mb,"174 km SSW of Abepura, Indonesia"
2024-02-05T13:53:33.584Z,55.4319,-35.2226,10,5.3,mww,Reykjanes Ridge
2024-02-05T13:53:14.479Z,55.4453,-35.1272,10,5.4,mww,Reykjanes Ridge
2024-02-05T12:38:48.584Z,-0.3082,124.2463,51.288,4.9,mb,"86 km SSW of Modisi, Indonesia"
2024-02-05T10:25:17.032Z,0.7128,121.2997,84.952,4.7,mb,"197 km W of Gorontalo, Indonesia"
2024-02-05T08:50:57.371Z,55.4633,-35.2447,10,4.6,mb,Reykjanes Ridge
2024-02-05T08:30:50.309Z,30.7824,131.4467,38.302,5,mb,"43 km E of Nishinoomote, Japan"
2024-02-05T08:19:40.386Z,-21.6097,169.6728,66.123,4.5,mb,"185 km E of Tadine, New Caledonia"
2024-02-05T08:11:57.569Z,11.9538,-89.2245,10,4.5,mb,"164 km SSW of Puerto El Triunfo, El Salvador"
2024-02-05T07:51:52.088Z,2.3086,126.8276,37.124,4.6,mb,"146 km WNW of Tobelo, Indonesia"
2024-02-05T07:29:28.646Z,-22.9445,170.3281,10,5,mb,"292 km E of Vao, New Caledonia"
2024-02-05T07:26:31.613Z,-23.0605,170.2181,10,5.3,mww,"282 km E of Vao, New Caledonia"
2024-02-05T03:56:48.419Z,-10.0974,91.8088,10,4.5,mb,South Indian Ocean
2024-02-05T00:52:22.869Z,-2.152,100.4749,51.246,5,mww,"99 km E of Tuapejat, Indonesia"
2024-02-04T23:22:42.705Z,26.2253,-110.6466,10,4.7,mww,"74 km ENE of Loreto, Mexico"
2024-02-04T22:43:12.502Z,12.0638,93.6037,123.195,4.7,mb,"103 km ENE of Port Blair, India"
2024-02-04T16:32:25.831Z,1.8745,98.9652,121.898,4.7,mb,"25 km NE of Sibolga, Indonesia"
2024-02-04T15:01:10.690Z,-6.3427,147.7175,65.552,4.5,mb,"27 km NNW of Finschhafen, Papua New Guinea"
2024-02-04T11:31:51.385Z,-30.2428,-177.2846,13.589,4.6,mb,"Kermadec Islands, New Zealand"
2024-02-04T09:57:39.456Z,-18.8692,-175.9991,169.405,4.5,mb,"201 km WNW of Fangale’ounga, Tonga"
2024-02-04T09:50:42.910Z,12.3957,143.5141,39,5.4,mww,"158 km SW of Merizo Village, Guam"
2024-02-04T06:27:54.830Z,-59.6285,-27.2867,156.23,4.5,mb,South Sandwich Islands region
2024-02-04T05:32:23.974Z,-7.611,127.5594,165.021,4.9,mb,"118 km NNE of Lospalos, Timor Leste"
2024-02-04T04:46:18.514Z,-17.9073,-174.3723,83.417,5.1,mb,"92 km NNW of Neiafu, Tonga"
2024-02-04T04:02:45.093Z,-19.3635,-69.6054,113.096,4.8,mww,"19 km WSW of Camiña, Chile"
2024-02-04T02:42:52.303Z,-7.1026,155.2535,10,4.5,mb,"90 km SSW of Panguna, Papua New Guinea"
2024-02-04T01:25:52.329Z,16.7113,-86.1449,10,4.8,mb,"39 km NW of Guanaja, Honduras"
2024-02-04T01:24:27.720Z,44.6434,148.2822,74.404,4.8,mb,"72 km SSE of Kuril’sk, Russia"
2024-02-04T01:18:58.257Z,41.1733,78.7218,10,4.9,mb,"121 km W of Aykol, China"
2024-02-03T23:30:53.186Z,-8.0652,-79.9905,35.029,5.2,mww,"83 km W of Santiago de Cao, Peru"
2024-02-03T20:41:06.886Z,-0.3615,124.2912,65.931,4.8,mb,"91 km S of Modisi, Indonesia"
2024-02-03T18:44:46.810Z,38.4937,90.7519,10,4.5,mb,"181 km ESE of Bingtuan Sanshiliu Tuan, China"
2024-02-03T18:43:53.008Z,6.6033,126.0614,71.748,4.5,mb,"5 km SSW of Sigaboy, Philippines"
2024-02-03T18:33:36.512Z,10.9762,-62.449,96.339,4.9,mww,"47 km NNW of Güiria, Venezuela"
2024-02-03T18:02:31.100Z,41.197,78.6497,10,4.5,mb,"127 km WNW of Aykol, China"
2024-02-03T16:53:28.389Z,-4.3563,151.5621,253.297,4.5,mb,"68 km WSW of Rabaul, Papua New Guinea"
2024-02-03T16:42:00.333Z,52.2444,160.1306,26.919,4.5,mb,"136 km SE of Petropavlovsk-Kamchatsky, Russia"
2024-02-03T16:34:46.983Z,41.1801,78.6697,10,4.6,mwr,"125 km W of Aykol, China"
2024-02-03T13:50:37.015Z,-17.8111,-174.3547,84.075,5.1,mb,"100 km NNW of Neiafu, Tonga"
2024-02-03T13:45:37.202Z,-12.5135,167.0612,232.365,5.1,mww,"159 km NNW of Sola, Vanuatu"
2024-02-03T13:44:38.438Z,41.1787,78.627,10,4.8,mb,"129 km W of Aykol, China"
2024-02-03T13:26:27.753Z,41.223,78.6354,10,4.5,mb,"129 km WNW of Aykol, China"
2024-02-03T13:02:53.917Z,-21.209,-65.7846,283.094,4.6,mb,"26 km NNW of Tupiza, Bolivia"
2024-02-03T08:36:29.913Z,41.2418,78.5936,10,4.9,mb,"131 km SSE of Kyzyl-Suu, Kyrgyzstan"
2024-02-03T08:25:09.304Z,2.3788,126.9728,35.893,5,mww,"135 km WNW of Tobelo, Indonesia"
2024-02-03T07:24:43.609Z,13.0139,-89.7085,35,4.5,mb,"65 km SSE of Acajutla, El Salvador"
2024-02-03T05:24:28.269Z,35.53433333,-96.76383333,3,5.06,mww,"8 km NW of Prague, Oklahoma"
2024-02-03T04:57:02.153Z,-2.864,141.3256,30.361,4.6,mb,"20 km S of Vanimo, Papua New Guinea"
2024-02-03T04:40:58.418Z,36.9825,97.0732,10,5,mb,"235 km SSW of Yanglong, China"
2024-02-03T00:48:55.152Z,-32.7449,-70.6118,93.864,4.8,mb,"9 km N of Los Andes, Chile"
2024-02-02T23:21:45.828Z,-28.7558,-177.0181,42.592,4.6,mb,Kermadec Islands region
2024-02-02T21:22:02.131Z,-15.0917,-173.8476,21.483,4.7,mb,"95 km N of Hihifo, Tonga"
2024-02-02T20:19:41.913Z,8.014,126.9641,60.425,4.5,mb,"57 km E of Santa Maria, Philippines"
2024-02-02T20:11:25.772Z,-17.2306,-178.5897,561.139,4.5,mb,"235 km ESE of Labasa, Fiji"
2024-02-02T19:27:58.362Z,24.3685,94.6019,99.291,4.5,mb,"59 km ESE of Wāngjing, India"
2024-02-02T16:38:47.151Z,8.8994,126.3266,81.554,4.8,mb,"2 km NE of Aras-asan, Philippines"
2024-02-02T15:09:00.160Z,40.3893333,-125.4448333,10,4.92,mw,"98 km W of Petrolia, CA"
2024-02-02T14:13:58.354Z,-30.3425,-176.4942,10,4.8,mb,Kermadec Islands region
2024-02-02T13:48:14.086Z,-40.7679,43.1021,10,4.5,mb,Southwest Indian Ridge
2024-02-02T13:24:59.238Z,-11.0523,-74.4319,9.287,4.5,mb,"16 km NW of Puerto Ocopa, Peru"
2024-02-02T10:06:56.816Z,-9.7745,106.3453,10,4.5,mb,"south of Java, Indonesia"
2024-02-02T10:05:44.271Z,-21.4295,-66.6451,223.004,4.7,mb,"70 km SW of Atocha, Bolivia"
2024-02-02T05:56:41.722Z,6.6914,92.5268,10,4.6,mb,"Nicobar Islands, India region"
2024-02-02T05:31:11.165Z,-18.2566,-69.7215,122.868,4.6,mb,"58 km SSE of Palca, Peru"
2024-02-01T23:07:27.930Z,-2.4736,138.2909,36.961,4.9,mb,"260 km W of Abepura, Indonesia"
2024-02-01T22:26:17.890Z,23.77,123.3252,11.529,4.7,mww,"83 km SSE of Yonakuni, Japan"
2024-02-01T21:35:39.226Z,8.1667,126.9026,62.522,5.1,mb,"51 km E of Barcelona, Philippines"
2024-02-01T18:14:40.757Z,-15.1654,-173.0787,10,5,mb,"116 km NE of Hihifo, Tonga"
2024-02-01T07:45:38.911Z,11.8469,142.7984,10,5,mb,"256 km SW of Merizo Village, Guam"
2024-01-31T23:43:17.478Z,12.6093,-89.2963,45.259,4.6,mb,"97 km S of La Libertad, El Salvador"
2024-01-31T22:28:56.022Z,-6.9643,148.0811,28.439,4.5,mb,"51 km SSE of Finschhafen, Papua New Guinea"
2024-01-31T21:38:28.230Z,-23.0039,-66.4105,228.041,4.5,mb,"78 km WNW of El Aguilar, Argentina"
2024-01-31T20:46:48.797Z,13.5357,120.586,77.66,4.8,mb,"18 km WNW of Abra de Ilog, Philippines"
2024-01-31T19:25:25.839Z,-31.756,-178.3652,38.418,4.7,mb,Kermadec Islands region
2024-01-31T11:12:23.561Z,-22.0496,170.2664,25.8,4.7,mb,"252 km ESE of Tadine, New Caledonia"
2024-01-31T10:49:35.461Z,-22.8357,-177.1449,176,5.8,mww,"264 km SW of Houma, Tonga"
2024-01-31T10:05:04.404Z,12.2378,143.5884,34.731,4.8,mb,"163 km SW of Merizo Village, Guam"
2024-01-31T04:35:38.478Z,-15.0916,-173.5986,10,4.6,mb,"97 km NNE of Hihifo, Tonga"
2024-01-31T04:25:26.609Z,-20.9376,-70.4645,61.666,4.6,mb,"80 km SSW of La Tirana, Chile"
2024-01-31T03:21:34.096Z,24.4263,142.0562,10,4.5,mb,"Volcano Islands, Japan region"
2024-01-31T02:45:46.283Z,11.543,-43.748,10,4.5,mb,northern Mid-Atlantic Ridge
2024-01-31T02:29:18.926Z,11.5363,-43.7162,10,4.9,mb,northern Mid-Atlantic Ridge
2024-01-31T01:11:41.436Z,-15.427,-71.5473,144.891,4.6,mb,"10 km NW of Ccolo, Peru"
2024-01-31T01:00:55.739Z,18.1491,-103.6021,10,4.5,mb,"42 km S of La Placita de Morelos, Mexico"
2024-01-30T18:05:27.752Z,1.8874,126.4795,41.461,5,mb,"157 km NW of Ternate, Indonesia"
2024-01-30T16:27:00.010Z,19.19,-64.9718,28,4.6,ml,"93 km N of Charlotte Amalie, U.S. Virgin Islands"
2024-01-30T13:21:03.774Z,-25.3061,179.755,524.413,4.5,mb,south of the Fiji Islands
2024-01-30T13:10:13.605Z,-56.001,-27.6187,102.026,5.1,mb,South Sandwich Islands region
2024-01-30T12:58:32.912Z,-57.3924,-25.9137,91.829,4.9,mb,South Sandwich Islands region
2024-01-30T10:45:36.274Z,11.7298,-43.7994,10,4.5,mb,northern Mid-Atlantic Ridge
2024-01-30T10:36:39.284Z,11.5437,-87.046,35,4.7,mb,"63 km WSW of Masachapa, Nicaragua"
2024-01-30T06:47:46.247Z,8.8001,126.7652,68.689,4.6,mb,"50 km E of Aras-asan, Philippines"
2024-01-30T01:55:48.764Z,-18.8831,-177.6503,532.474,4.5,mb,Fiji region
2024-01-30T00:47:04.017Z,-14.6332,-172.5177,10,4.7,mb,"96 km S of Gataivai, Samoa"
2024-01-30T00:41:20.600Z,-54.2802,142.9583,10,4.9,mb,west of Macquarie Island
2024-01-29T23:17:07.455Z,41.2469,78.6747,6.662,4.5,mb,"126 km WNW of Aykol, China"
2024-01-29T22:27:41.948Z,41.1985,78.6388,10,5.7,mww,"128 km WNW of Aykol, China"
2024-01-29T21:38:33.921Z,13.5419,-88.6575,183.251,4.5,mb,"13 km NNW of San Agustín, El Salvador"
2024-01-29T21:18:39.139Z,-64.6719,175.9435,10,4.5,mb,Balleny Islands region
2024-01-29T21:02:32.781Z,-33.491,57.0586,10,4.5,mb,Southwest Indian Ridge
2024-01-29T20:03:05.077Z,35.3911,141.2952,28.066,4.8,mb,"56 km SE of Hasaki, Japan"
2024-01-29T20:00:52.820Z,19.245,-64.954,10,4.6,ml,"99 km N of Charlotte Amalie, U.S. Virgin Islands"
2024-01-29T17:43:30.091Z,-27.8601,-66.5064,161.545,4.5,mb,"36 km SSW of Andalgalá, Argentina"
2024-01-29T16:57:12.934Z,38.454,133.951,436.91,4.6,mb,"272 km NNE of Ama, Japan"
2024-01-29T15:19:18.799Z,41.9718,142.3464,64.566,4.5,mb,"40 km S of Shizunai-furukawachō, Japan"
2024-01-29T11:46:25.300Z,23.5343,142.8867,67.718,4.5,mb,"Volcano Islands, Japan region"
2024-01-29T11:40:30.064Z,-37.0203,177.0317,253.648,4.5,mb,"97 km NNE of Maketu, New Zealand"
2024-01-29T07:37:21.407Z,8.4722,127.445,10,5.1,mww,"116 km ENE of Barcelona, Philippines"
2024-01-29T06:01:47.710Z,-22.3301,173.6137,34.227,4.5,mb,southeast of the Loyalty Islands
2024-01-29T04:42:01.572Z,-6.1593,147.3865,70.137,4.9,mb,"67 km NW of Finschhafen, Papua New Guinea"
2024-01-28T23:23:51.695Z,-59.1671,-25.6949,35,4.5,mb,South Sandwich Islands region
2024-01-28T21:34:36.901Z,59.3688,-31.161,10,4.5,mb,Reykjanes Ridge
2024-01-28T21:16:44.724Z,-31.7928,-110.3498,10,4.9,mb,Easter Island region
2024-01-28T18:20:34.313Z,-62.4801,-160.2007,10,4.6,mb,Pacific-Antarctic Ridge
2024-01-28T18:11:55.276Z,23.6302,121.3397,7.388,4.9,mb,"46 km SW of Hualien City, Taiwan"
2024-01-28T18:11:23.160Z,23.6212,121.3245,7.2,5.1,mww,"48 km SW of Hualien City, Taiwan"
2024-01-28T17:22:35.058Z,-4.153,142.2058,118.571,4.7,mb,"68 km W of Ambunti, Papua New Guinea"
2024-01-28T16:35:56.416Z,-22.0662,170.0627,10,4.9,mb,"232 km ESE of Tadine, New Caledonia"
2024-01-28T12:27:47.328Z,-22.1217,-179.6641,596.5,4.6,mb,south of the Fiji Islands
2024-01-28T10:09:31.276Z,-42.4313,-113.3576,10,4.9,mb,southern East Pacific Rise
2024-01-28T09:57:09.881Z,18.3005,-94.5257,9.959,4.5,mb,"13 km ENE of San Juan Volador, Mexico"
2024-01-28T09:38:56.538Z,-8.236,-71.4005,621.081,6.5,mww,"70 km W of Tarauacá, Brazil"
2024-01-28T08:17:55.788Z,6.2056,-77.5807,21.804,4.5,mb,"19 km W of Bahía Solano, Colombia"
2024-01-28T05:55:52.608Z,11.3085,-86.1664,74.783,4.6,mb,"28 km WSW of Tola, Nicaragua"
2024-01-28T04:28:14.111Z,-23.3283,-179.7917,547.433,4.5,mb,south of the Fiji Islands
2024-01-28T04:27:59.455Z,20.4154,144.8264,182.488,4.6,mb,"Maug Islands region, Northern Mariana Islands"
2024-01-28T03:52:49.610Z,19.4057,-61.745,10,4.5,mb,"190 km NE of The Valley, Anguilla"
2024-01-28T02:16:42.030Z,-1.6476,-12.9659,10,4.8,mb,north of Ascension Island
2024-01-28T01:01:45.996Z,-1.432,-13.323,10,4.6,mb,north of Ascension Island
2024-01-28T00:51:12.773Z,-24.3439,69.167,10,4.6,mb,Mid-Indian Ridge
2024-01-27T23:59:29.184Z,35.5331,139.9558,70.051,5.1,mb,"11 km W of Ichihara, Japan"
2024-01-27T19:05:24.341Z,8.4057,126.8384,53.62,4.5,mb,"52 km ENE of Barcelona, Philippines"
2024-01-27T18:59:43.823Z,1.7998,128.638,10.746,4.9,mb,"70 km E of Tobelo, Indonesia"
2024-01-27T18:45:57.001Z,-6.0993,146.5994,90.102,4.5,mb,"81 km NNW of Lae, Papua New Guinea"
2024-01-27T18:45:25.411Z,5.0869,125.5611,181.731,4.5,mb,"36 km SSE of Sarangani, Philippines"
2024-01-27T18:29:49.816Z,4.5353,125.7835,163.893,5,mb,"102 km SSE of Sarangani, Philippines"
2024-01-27T18:21:12.311Z,-6.3758,154.363,76.356,4.5,mb,"124 km W of Panguna, Papua New Guinea"
2024-01-27T17:18:22.326Z,-8.4235,119.0656,146.099,4.9,mb,"18 km NNE of Sape, Indonesia"
2024-01-27T17:10:49.094Z,-3.6993,143.6555,14.91,4.7,mww,"16 km S of Wewak, Papua New Guinea"
2024-01-27T16:44:27.578Z,-14.9799,167.3402,119.519,4.5,mb,"29 km ENE of Port-Olry, Vanuatu"
2024-01-27T16:17:42.877Z,-9.052,107.2371,19.59,4.5,mb,"206 km S of Banjar, Indonesia"
2024-01-27T16:13:56.297Z,-17.801,-172.8025,10,5.4,mww,"156 km NE of Neiafu, Tonga"
2024-01-27T15:19:05.741Z,48.263,154.2047,59.833,4.5,mb,Kuril Islands
2024-01-27T13:52:38.060Z,-55.7039,-27.6791,38.466,4.7,mb,South Sandwich Islands region
2024-01-27T09:33:17.652Z,-11.6263,113.3843,10,5.4,mww,"south of Java, Indonesia"
2024-01-27T09:03:04.008Z,41.2019,78.6244,10,4.6,mwr,"129 km WNW of Aykol, China"
2024-01-27T07:15:27.412Z,-28.475,-67.6098,115.762,4.5,mb,"45 km S of Tinogasta, Argentina"
2024-01-27T05:52:48.419Z,14.0636,-90.6159,90,6.1,mww,"15 km W of Taxisco, Guatemala"
2024-01-27T05:28:45.074Z,38.7612,70.392,16.13,4.5,mb,"29 km S of Rasht, Tajikistan"
2024-01-27T05:19:19.465Z,37.9756,27.1182,11.291,5.1,mww,"4 km S of Özdere, Turkey"
2024-01-27T02:15:26.991Z,-5.4377,147.0197,227.678,5.4,mww,"138 km E of Madang, Papua New Guinea"
2024-01-27T01:36:45.009Z,11.7896,142.2431,43.944,5.1,mww,"292 km NE of Fais, Micronesia"
2024-01-26T23:44:55.342Z,-35.2404,78.6925,10,4.9,mb,Mid-Indian Ridge
2024-01-26T20:38:04.769Z,3.3435,-31.3424,10,4.6,mb,central Mid-Atlantic Ridge
2024-01-26T16:00:30.942Z,41.2054,78.6426,6.274,4.5,mb,"128 km WNW of Aykol, China"
2024-01-26T12:46:16.087Z,29.1244,141.5556,45.09,5.4,mww,"Izu Islands, Japan region"
2024-01-26T12:26:20.790Z,-1.0484,-13.6427,10,4.8,mb,north of Ascension Island
2024-01-26T11:40:45.119Z,41.2585,78.8037,10,4.6,mb,"116 km WNW of Aykol, China"
2024-01-26T10:36:46.192Z,41.1536,78.7309,10,4.5,mb,"120 km W of Aykol, China"
2024-01-26T07:05:37.541Z,18.1301,120.8758,10,4.7,mb,"11 km ENE of Solsona, Philippines"
2024-01-26T06:22:16.085Z,-32.9763,-71.5506,50.351,4.6,mwr,"5 km N of Viña del Mar, Chile"
2024-01-26T05:40:04.386Z,37.1491,136.8406,10,4.5,mb,"10 km SSW of Anamizu, Japan"
2024-01-26T03:07:19.508Z,-26.6459,-178.2933,300.177,4.5,mb,south of the Fiji Islands
2024-01-26T01:57:20.474Z,-5.9203,147.1839,94.358,5.1,mb,"91 km NNE of Lae, Papua New Guinea"
2024-01-26T01:55:13.585Z,41.2564,78.6383,1.358,4.7,mb,"130 km WNW of Aykol, China"
2024-01-25T23:01:02.114Z,-1.1487,-13.9615,10,5.5,mww,north of Ascension Island
2024-01-25T22:38:10.386Z,41.1999,78.5959,10,4.7,mb,"132 km W of Aykol, China"
2024-01-25T22:28:49.700Z,-20.1579,168.4129,10,4.5,mb,"113 km SW of Isangel, Vanuatu"
2024-01-25T22:08:05.260Z,13.2268,-89.357,80.334,4.7,mb,"29 km S of La Libertad, El Salvador"
2024-01-25T22:01:05.931Z,-23.7394,-179.6542,521.296,4.7,mb,south of the Fiji Islands
2024-01-25T20:01:27.370Z,41.2627,78.8624,10,5.3,mww,"112 km WNW of Aykol, China"
2024-01-25T19:43:23.518Z,31.4888,139.7619,10,4.5,mb,"Izu Islands, Japan region"
2024-01-25T18:58:12.789Z,-21.807,-68.443,121.034,5,mww,"67 km SSW of Ollagüe, Chile"
2024-01-25T18:25:12.409Z,-6.0135,150.8948,21.238,5,mb,"98 km ESE of Kimbe, Papua New Guinea"
2024-01-25T17:51:58.843Z,-24.1328,-67.1456,177.048,4.7,mb,"84 km W of San Antonio de los Cobres, Argentina"
2024-01-25T17:00:43.411Z,11.7346,43.3724,10,5.4,mww,"27 km SSE of Obock, Djibouti"
2024-01-25T14:45:20.237Z,-26.5817,-65.2602,10,4.5,mb,"16 km N of Tafí Viejo, Argentina"
2024-01-25T14:41:28.546Z,-8.736,115.6407,122.306,4.6,mb,"31 km S of Amlapura, Indonesia"
2024-01-25T13:04:06.941Z,38.1238,38.4224,16.204,5,mww,"19 km WNW of Sincik, Turkey"
2024-01-25T12:48:24.515Z,-17.6054,-172.6904,10,4.6,mb,"179 km NE of Neiafu, Tonga"
2024-01-25T12:24:12.531Z,-8.2065,121.1669,21.643,5.6,mww,"89 km NW of Ende, Indonesia"
2024-01-25T06:46:55.990Z,8.5613,-104.0949,10,4.6,mb,northern East Pacific Rise
2024-01-25T04:29:48.696Z,43.2538,145.7559,58.98,4.8,mb,"16 km ESE of Nemuro, Japan"
2024-01-25T04:06:56.450Z,16.619,-46.5057,10,4.5,mb,northern Mid-Atlantic Ridge
2024-01-25T02:36:42.518Z,8.5028,-39.5683,10,4.9,mb,central Mid-Atlantic Ridge
2024-01-25T02:28:03.925Z,8.5245,-39.4971,10,4.8,mb,central Mid-Atlantic Ridge
2024-01-25T02:20:03.893Z,8.7367,-39.1116,10,4.6,mb,central Mid-Atlantic Ridge
2024-01-25T01:43:50.877Z,41.2756,78.6744,10,4.5,mb,"127 km WNW of Aykol, China"
2024-01-25T01:24:34.948Z,41.2167,78.5806,10,4.9,mb,"133 km WNW of Aykol, China"
2024-01-25T00:56:21.867Z,36.9455,97.0602,10,4.7,mb,"239 km SSW of Yanglong, China"
2024-01-25T00:23:46.664Z,-60.3662,-28.7025,10.006,4.7,mb,South Sandwich Islands region
2024-01-24T22:21:48.970Z,41.1193,78.6392,7.536,5.1,mww,"127 km W of Aykol, China"
2024-01-24T21:53:31.059Z,47.3866,152.5862,95.93,4.5,mb,Kuril Islands
2024-01-24T19:27:16.824Z,-36.4475,-98.2423,10,4.5,mb,southeast of Easter Island
2024-01-24T17:49:08.745Z,41.2563,78.6516,10,4.5,mb,"129 km WNW of Aykol, China"
2024-01-24T15:02:52.443Z,52.2294,176.4324,119.163,4.6,mb,"230 km ESE of Attu Station, Alaska"
2024-01-24T15:01:21.739Z,41.2775,78.6302,10.615,4.5,mb,"129 km SSE of Kyzyl-Suu, Kyrgyzstan"
2024-01-24T14:39:19.224Z,-4.0857,141.2074,67.683,5,mb,"155 km S of Vanimo, Papua New Guinea"
2024-01-24T14:30:11.583Z,-40.2982,176.272,10,4.5,mb,"17 km SE of Dannevirke, New Zealand"
2024-01-24T14:18:37.018Z,-40.2643,176.388,10,5.1,mww,"25 km ESE of Dannevirke, New Zealand"
2024-01-24T14:08:01.243Z,-58.7849,-25.1032,26.375,4.6,mb,South Sandwich Islands region
2024-01-24T13:49:23.071Z,-9.0048,107.2367,22.147,5,mb,"201 km S of Banjar, Indonesia"
2024-01-24T13:36:23.954Z,13.9349,144.6994,151.599,4.6,mb,"48 km NNW of Dededo Village, Guam"
2024-01-24T11:19:26.454Z,44.9619,38.6245,10,4.5,mb,"12 km NNW of Severskaya, Russia"
2024-01-24T10:28:58.754Z,-32.4874,-179.0024,45.386,5.1,mb,south of the Kermadec Islands
2024-01-24T10:07:19.727Z,-29.3996,-176.6594,10,4.5,mb,Kermadec Islands region
2024-01-24T08:06:40.032Z,26.2192,-110.7465,10,4.7,mb,"64 km ENE of Loreto, Mexico"
2024-01-24T08:05:10.409Z,-22.1872,-68.6463,113.11,5.3,mww,"41 km NE of Calama, Chile"
2024-01-24T06:51:50.268Z,26.1557,-110.7347,10,4.5,mb,"63 km ENE of Loreto, Mexico"
2024-01-24T06:27:18.261Z,-22.8787,-174.9812,10,5,mb,"170 km S of ‘Ohonua, Tonga"
2024-01-24T05:24:39.401Z,-22.522,171.0404,10,4.5,mb,southeast of the Loyalty Islands
2024-01-24T04:56:25.023Z,53.4965,160.3844,55.748,4.6,mb,"126 km ENE of Petropavlovsk-Kamchatsky, Russia"
2024-01-24T01:59:43.709Z,-5.9721,147.1376,85.086,4.5,mb,"84 km N of Lae, Papua New Guinea"
2024-01-24T01:48:31.029Z,26.1,-111.0477,10,5,mww,"31 km ENE of Loreto, Mexico"
2024-01-24T01:42:11.505Z,-3.1744,-77.6843,10,4.5,mb,"95 km SE of Sucúa, Ecuador"
2024-01-24T01:29:46.480Z,-6.2013,130.11,136.091,5.3,mww,"299 km WSW of Tual, Indonesia"
2024-01-24T00:04:11.991Z,-20.8738,-173.4878,10,4.6,mb,"148 km SE of Pangai, Tonga"
2024-01-23T23:50:06.334Z,41.271,78.5626,10,4.5,mb,"127 km SSE of Kyzyl-Suu, Kyrgyzstan"
2024-01-23T23:09:52.891Z,-34.4809,-70.4929,121.727,4.6,mb,"34 km ESE of Rengo, Chile"
2024-01-23T21:33:49.499Z,42.4583,145.0728,33.702,5.1,mww,"66 km SSE of Akkeshi, Japan"
2024-01-23T20:38:13.026Z,41.1299,78.5932,10,5.2,mww,"131 km W of Aykol, China"
2024-01-23T19:11:41.410Z,41.3288,78.7314,10,4.5,mb,"124 km WNW of Aykol, China"
2024-01-23T18:54:19.995Z,-18.0422,168.1072,41.673,4.7,mb,"40 km SSW of Port-Vila, Vanuatu"
2024-01-23T16:06:56.091Z,-30.1633,-72.1573,10.375,4.6,mwr,"82 km WSW of Coquimbo, Chile"
2024-01-23T16:06:24.008Z,-29.7782,-178.4639,125.704,4.9,mb,"Kermadec Islands, New Zealand"
2024-01-23T15:26:29.426Z,-17.9343,168.1974,10.435,5.1,mb,"25 km SSW of Port-Vila, Vanuatu"
2024-01-23T15:22:26.387Z,25.2791,141.3262,144.706,5,mww,"Volcano Islands, Japan region"
2024-01-23T14:33:45.022Z,-17.9827,168.0499,31,6.3,mww,"39 km SW of Port-Vila, Vanuatu"
2024-01-23T14:30:17.986Z,6.1179,125.9406,148.334,4.5,mb,"26 km E of Lamitan, Philippines"
2024-01-23T14:26:02.713Z,-22.6917,-179.5724,586.882,4.6,mb,south of the Fiji Islands
2024-01-23T13:47:18.515Z,41.379,78.7015,4.118,4.5,mb,"121 km SSE of Kyzyl-Suu, Kyrgyzstan"
2024-01-23T13:21:45.341Z,9.4331,93.989,10,4.6,mb,"281 km SSE of Port Blair, India"
2024-01-23T13:07:54.804Z,9.5148,93.9579,10,4.5,mb,"272 km SSE of Port Blair, India"
2024-01-23T12:09:29.168Z,41.2492,78.8369,10,4.6,mb,"113 km WNW of Aykol, China"
2024-01-23T11:38:37.486Z,-1.5368,126.2728,10,4.5,mb,"66 km NNE of Sanana, Indonesia"
2024-01-23T10:43:34.084Z,-23.3749,-179.8136,530.084,4.5,mb,south of the Fiji Islands
2024-01-23T09:23:21.651Z,41.1438,78.5982,10,4.6,mb,"130 km W of Aykol, China"
2024-01-23T09:07:11.636Z,41.239,78.766,10,4.9,mb,"119 km WNW of Aykol, China"
2024-01-23T09:05:01.768Z,-1.5186,100.5675,88.018,4.6,mb,"67 km SSE of Padang, Indonesia"
2024-01-23T05:05:07.112Z,-30.176,-72.3177,10,4.5,mb,"97 km WSW of Coquimbo, Chile"
2024-01-23T04:48:58.601Z,-24.2821,179.7666,546.387,4.5,mb,south of the Fiji Islands
2024-01-23T04:30:58.404Z,32.4784,141.896,10,4.6,mb,"Izu Islands, Japan region"
2024-01-23T04:18:31.639Z,-59.0419,-25.0702,10,4.5,mb,South Sandwich Islands region
2024-01-23T04:07:20.413Z,-4.0114,133.7644,10,4.8,mb,"202 km SE of Fakfak, Indonesia"
2024-01-23T04:02:41.437Z,-36.0606,-100.7768,10,5.4,mww,southeast of Easter Island
2024-01-23T04:01:22.322Z,41.3613,78.8068,10,4.7,mwr,"120 km WNW of Aykol, China"
2024-01-23T01:52:56.467Z,41.354,78.7466,10,4.5,mb,"124 km WNW of Aykol, China"
2024-01-23T01:40:23.542Z,41.2376,78.6827,10,4.6,mb,"125 km WNW of Aykol, China"
2024-01-23T01:18:40.538Z,41.2353,78.7576,3.426,5.3,mww,"119 km WNW of Aykol, China"
2024-01-23T00:12:40.167Z,41.1899,78.6491,10,4.7,mb,"127 km W of Aykol, China"
2024-01-22T23:55:34.640Z,41.1675,78.5915,9.183,4.5,mb,"131 km W of Aykol, China"
2024-01-22T23:19:25.792Z,41.1968,78.7302,7.148,5.1,mwr,"121 km WNW of Aykol, China"
2024-01-22T23:03:25.504Z,41.336,78.7655,7.409,4.6,mb,"122 km WNW of Aykol, China"
2024-01-22T22:30:11.367Z,-30.1991,-72.1731,10,5.4,mww,"84 km WSW of Coquimbo, Chile"
2024-01-22T22:05:08.235Z,13.7626,-92.0903,34.469,4.5,mb,"61 km SSW of Champerico, Guatemala"
2024-01-22T21:52:54.093Z,13.8003,-92.0793,35.251,4.6,mb,"57 km SSW of Champerico, Guatemala"
2024-01-22T21:49:15.709Z,41.2838,78.6414,9.645,4.5,mb,"128 km SSE of Kyzyl-Suu, Kyrgyzstan"
2024-01-22T21:43:05.717Z,41.2285,78.7236,10,5.2,mb,"122 km WNW of Aykol, China"
2024-01-22T21:38:36.584Z,41.3296,78.8771,10,4.5,mb,"113 km WNW of Aykol, China"
2024-01-22T21:16:44.640Z,41.2049,78.6,10,4.9,mb,"131 km WNW of Aykol, China"
2024-01-22T20:57:13.124Z,41.3163,78.8111,10,4.6,mwr,"118 km WNW of Aykol, China"
2024-01-22T20:29:31.005Z,41.255,78.7239,10,4.9,mb,"123 km WNW of Aykol, China"
2024-01-22T19:40:36.529Z,41.2429,78.6727,10,4.7,mb,"126 km WNW of Aykol, China"
2024-01-22T19:36:47.834Z,41.2085,78.6438,10,5.5,mb,"128 km WNW of Aykol, China"
2024-01-22T19:05:50.061Z,6.8566,-73.0861,152.431,4.7,mb,"13 km N of Jordán, Colombia"
2024-01-22T18:50:43.143Z,41.3654,78.7512,10,4.8,mb,"124 km WNW of Aykol, China"
2024-01-22T18:42:33.209Z,41.3408,78.7444,10,5.4,mb,"124 km WNW of Aykol, China"
2024-01-22T18:39:02.968Z,41.247,78.6748,10,4.6,mb,"126 km WNW of Aykol, China"
2024-01-22T18:32:41.383Z,41.1517,78.5204,10,5,mb,"137 km W of Aykol, China"
2024-01-22T18:30:08.823Z,41.1614,78.6242,10,4.7,mb,"129 km W of Aykol, China"
2024-01-22T18:29:23.210Z,41.1935,78.678,10,4.9,mb,"125 km WNW of Aykol, China"
2024-01-22T18:27:22.563Z,41.1176,78.569,10,4.6,mb,"132 km W of Aykol, China"
2024-01-22T18:17:07.591Z,41.2209,78.5081,10,5.3,mb,"131 km SSE of Kyzyl-Suu, Kyrgyzstan"
2024-01-22T18:14:16.160Z,41.2703,78.6211,10,5.8,mb,"129 km SSE of Kyzyl-Suu, Kyrgyzstan"
2024-01-22T18:09:04.340Z,41.2555,78.6538,13,7,mww,"128 km WNW of Aykol, China"
2024-01-22T17:27:25.350Z,3.821,63.3376,10,5.4,mww,Carlsberg Ridge
2024-01-22T16:13:41.668Z,-10.0912,119.7249,16.552,4.6,mb,"76 km SW of Waingapu, Indonesia"
2024-01-22T14:20:31.728Z,-22.0034,-177.0023,211.776,5.3,mww,"198 km WSW of Houma, Tonga"
2024-01-22T13:16:49.971Z,-20.6759,-69.4419,77.356,4.5,mwr,"43 km SSE of La Tirana, Chile"
2024-01-22T12:02:20.287Z,5.3214,125.3615,191.376,4.6,mb,"14 km SW of Sarangani, Philippines"
2024-01-22T11:14:43.157Z,-23.0028,-174.6084,11.713,4.5,mb,"187 km S of ‘Ohonua, Tonga"
2024-01-22T11:13:30.172Z,-36.275,-178.4378,10,4.5,mb,east of the North Island of New Zealand
2024-01-22T08:19:58.122Z,-8.3882,112.3912,148.994,4.6,mb,"27 km SSW of Sumberpucung, Indonesia"
2024-01-22T07:54:03.284Z,9.1339,126.104,54.306,4.6,mb,"6 km WNW of Buenavista, Philippines"
2024-01-22T04:33:20.324Z,41.935,81.2924,26.328,4.6,mwr,"118 km NE of Aksu, China"
2024-01-22T04:02:18.645Z,-10.3373,120.2513,12.166,4.9,mww,"75 km S of Waingapu, Indonesia"
2024-01-22T01:43:06.019Z,-14.7493,168.1049,10.652,4.5,mb,"113 km SSE of Sola, Vanuatu"
2024-01-22T01:28:49.014Z,-39.439,46.4716,10,4.5,mb,Southwest Indian Ridge
2024-01-22T01:19:29.937Z,11.2948,126.0557,10,4.7,mb,"45 km ENE of Salcedo, Philippines"
2024-01-21T22:28:32.212Z,-21.608,169.2083,10,4.6,mb,"137 km E of Tadine, New Caledonia"
2024-01-21T17:39:29.470Z,-33.9015,-72.4307,15.791,4.5,mwr,"83 km WSW of San Antonio, Chile"
2024-01-21T17:37:47.178Z,-33.8821,-72.4773,10,4.7,mwr,"86 km WSW of San Antonio, Chile"
2024-01-21T17:19:48.289Z,6.7852,-73.0286,154.112,5,mww,"6 km WNW of Cepitá, Colombia"
2024-01-21T15:03:49.418Z,29.7879,142.2289,19.345,4.6,mb,"Izu Islands, Japan region"
2024-01-21T13:22:48.941Z,-5.4502,146.895,204.305,4.6,mb,"125 km ESE of Madang, Papua New Guinea"
2024-01-21T12:58:03.782Z,-23.929,179.4467,537.315,4.5,mb,south of the Fiji Islands
2024-01-21T12:01:51.803Z,10.8556,139.656,10,4.6,mb,"153 km NW of Fais, Micronesia"
2024-01-21T09:38:47.661Z,-7.4861,128.733,143.552,4.5,mb,"222 km ENE of Lospalos, Timor Leste"
2024-01-21T06:30:47.537Z,-23.484,170.8532,10,4.5,mb,southeast of the Loyalty Islands
2024-01-21T05:50:36.943Z,53.0914,160.264,58.186,4.9,mb,"109 km E of Petropavlovsk-Kamchatsky, Russia"
2024-01-21T04:06:23.723Z,9.3399,93.9475,10,4.5,mb,"288 km SSE of Port Blair, India"
2024-01-21T02:36:01.362Z,-23.349,-66.6516,202.477,5.3,mww,"100 km W of El Aguilar, Argentina"
2024-01-20T23:37:41.887Z,24.2477,125.1842,28.12,4.5,mb,"61 km SSW of Miyakojima, Japan"
2024-01-20T22:09:39.708Z,-39.93,46.1966,10,6.2,mww,Southwest Indian Ridge
2024-01-20T21:31:05.092Z,-7.2879,-71.464,607,6.6,mww,"123 km NW of Tarauacá, Brazil"
2024-01-20T15:48:40.121Z,18.5192,145.6341,184,6.1,mww,"Pagan region, Northern Mariana Islands"
2024-01-20T15:27:06.225Z,-62.5547,-158.2005,10,4.5,mb,Pacific-Antarctic Ridge
2024-01-20T15:20:49.264Z,-59.3143,-25.7946,36.496,4.7,mb,South Sandwich Islands region
2024-01-20T13:50:57.731Z,-23.2813,170.7423,10,4.8,mb,southeast of the Loyalty Islands
2024-01-20T13:28:00.215Z,24.2692,125.1748,23.606,4.5,mb,"59 km SSW of Miyakojima, Japan"
2024-01-20T13:10:18.018Z,17.4726,147.3876,21.479,4.8,mb,Mariana Islands region
2024-01-20T08:05:03.683Z,13.6364,120.8311,52.556,4.9,mb,"5 km WSW of Tingloy, Philippines"
2024-01-20T06:03:04.554Z,0.4868,126.5094,54.254,4.5,mb,"103 km WSW of Ternate, Indonesia"
2024-01-20T05:20:14.543Z,-23.3851,170.7536,10,5.3,mb,southeast of the Loyalty Islands
2024-01-20T04:54:04.253Z,-59.906,-26.2848,35,5,mb,South Sandwich Islands region
2024-01-20T04:47:07.809Z,56.3738,-34.0131,10,4.8,mb,Reykjanes Ridge
2024-01-20T03:04:22.766Z,-4.8402,144.3594,117.323,4.7,mb,"91 km SSE of Angoram, Papua New Guinea"
2024-01-20T02:04:43.435Z,-3.8598,35.6806,10,4.5,mb,"16 km E of Mbulu, Tanzania"
2024-01-20T01:56:34.219Z,-26.8333,-176.3733,19.093,4.5,mb,south of the Fiji Islands
2024-01-20T01:36:11.203Z,9.4409,94.0987,10,5,mb,"287 km SSE of Port Blair, India"
2024-01-20T01:27:42.401Z,-4.6367,134.0506,10,4.5,mb,"180 km NE of Tual, Indonesia"
2024-01-19T21:34:35.071Z,64.4909,-146.9641,10.5,5.3,mww,"4 km SW of Salcha, Alaska"
2024-01-19T20:21:51.554Z,11.2289,125.6322,68.505,4.5,mb,"9 km NNW of Salcedo, Philippines"
2024-01-19T19:14:27.905Z,-21.6597,169.38,10,4.6,mb,"155 km E of Tadine, New Caledonia"
2024-01-19T18:25:02.454Z,-36.5932,79.0321,16.065,4.8,mb,Mid-Indian Ridge
2024-01-19T18:05:56.359Z,39.8359,48.8025,50.837,4.8,mwr,"11 km W of Qaraçala, Azerbaijan"
2024-01-19T17:41:42.324Z,28.1308,105.0882,10,4.6,mb,"19 km S of Bowangshan, China"
2024-01-19T17:25:30.592Z,38.5541,89.5404,10,4.5,mb,"94 km SE of Bingtuan Sanshiliu Tuan, China"
2024-01-19T16:58:22.444Z,-16.2846,-173.0868,10,4.5,mb,"84 km ESE of Hihifo, Tonga"
2024-01-19T16:57:02.004Z,46.8521,141.7416,10,4.5,mb,"21 km NNW of Nevel’sk, Russia"
2024-01-19T14:14:14.810Z,38.6101,24.2406,8.972,4.5,mwr,"11 km ENE of Oxílithos, Greece"
2024-01-19T12:19:14.601Z,-15.3752,-71.7293,131.142,4.8,mb,"25 km NW of Tuti, Peru"
2024-01-19T11:26:03.598Z,4.7429,-75.8481,65.067,5.6,mww,"7 km E of Cartago, Colombia"
2024-01-19T11:20:25.954Z,13.0831,145.278,69.955,4.5,mb,"61 km ESE of Inarajan Village, Guam"
2024-01-19T09:40:59.707Z,-24.7895,-67.7423,114.76,5.1,mww,"144 km NNW of Antofagasta de la Sierra, Argentina"
2024-01-19T08:49:10.120Z,-18.8685,168.6826,80.561,4.9,mb,"97 km NW of Isangel, Vanuatu"
2024-01-19T08:19:50.553Z,9.4803,93.8839,10,4.7,mb,"271 km SSE of Port Blair, India"
2024-01-19T06:41:30.266Z,-23.5009,170.5222,10,4.7,mb,southeast of the Loyalty Islands
2024-01-19T05:24:28.976Z,-0.0016,29.6423,10,4.5,mb,"42 km ESE of Butembo, Democratic Republic of the Congo"
2024-01-19T04:57:13.544Z,-13.5862,166.8644,32,5.5,mww,"80 km WNW of Sola, Vanuatu"
2024-01-18T23:47:06.099Z,-49.2493,121.0983,10,4.6,mb,western Indian-Antarctic Ridge
2024-01-18T22:12:21.755Z,-18.9103,-175.4225,209,6.4,mww,"148 km NW of Fangale’ounga, Tonga"
2024-01-18T22:05:35.793Z,-0.4098,99.1052,55.463,4.6,mb,"115 km WNW of Pariaman, Indonesia"
2024-01-18T21:46:59.809Z,-27.1485,-176.4373,25.366,4.6,mb,Kermadec Islands region
2024-01-18T18:02:59.372Z,-1.1211,121.5279,10,4.6,mb,"91 km ENE of Poso, Indonesia"
2024-01-18T17:36:15.509Z,-1.0938,121.5194,10,4.9,mww,"91 km ENE of Poso, Indonesia"
2024-01-18T16:13:35.293Z,-15.2384,-172.8992,10,5,mb,"124 km NE of Hihifo, Tonga"
2024-01-18T15:57:34.167Z,8.5281,127.0422,35,4.7,mb,"78 km ENE of Barcelona, Philippines"
2024-01-18T15:33:15.991Z,-17.8181,-178.5383,588.379,4.5,mb,"228 km E of Levuka, Fiji"
2024-01-18T14:40:22.103Z,15.9263,-95.922,32.969,4.8,mww,"12 km W of El Coyul, Mexico"
2024-01-18T12:47:37.381Z,6.0394,125.9644,73.685,4.6,mb,"29 km E of Lamitan, Philippines"
2024-01-18T12:46:11.570Z,-55.3553,-28.506,8,5.6,mww,South Sandwich Islands region
2024-01-18T11:52:56.124Z,-59.1633,-25.2588,29.182,4.5,mb,South Sandwich Islands region
2024-01-18T06:15:44.992Z,86.5295,67.0034,10,4.6,mb,north of Franz Josef Land
2024-01-18T05:12:15.019Z,-59.652,-26.2875,56.894,5.3,mb,South Sandwich Islands region
2024-01-18T04:50:01.458Z,-21.6325,-176.3137,155,5.8,mww,"116 km WSW of Houma, Tonga"
2024-01-18T03:36:51.137Z,-23.6155,-176.0053,58.4,4.6,mb,"273 km SSW of ‘Ohonua, Tonga"
2024-01-18T03:35:57.025Z,-8.429,119.9523,192.679,4.7,mb,"10 km NE of Labuan Bajo, Indonesia"
2024-01-18T03:10:34.206Z,-23.7536,178.8005,575.179,4.9,mb,south of the Fiji Islands
2024-01-18T01:56:46.692Z,13.8386,144.949,146.143,4.5,mb,"34 km N of Yigo Village, Guam"
2024-01-18T01:47:30.466Z,0.4372,126.3801,40.124,4.5,mb,"118 km WSW of Ternate, Indonesia"
2024-01-18T01:38:29.434Z,-6.3153,101.442,10,4.6,mb,"292 km SSW of Bengkulu, Indonesia"
2024-01-18T01:33:27.633Z,8.5946,127.3913,10,4.6,mb,"115 km ENE of Barcelona, Philippines"
2024-01-17T22:10:52.085Z,-22.914,-175.1371,10,5,mb,"175 km S of ‘Ohonua, Tonga"
2024-01-17T21:34:10.671Z,-28.9612,-93.9187,10,5,mb,southeast central Pacific Ocean
2024-01-17T18:29:37.959Z,-3.6254,140.1434,36.171,4.9,mb,"126 km SSW of Abepura, Indonesia"
2024-01-17T16:51:36.053Z,0.3008,122.3663,145.933,4.5,mb,"81 km WSW of Gorontalo, Indonesia"
2024-01-17T15:18:06.634Z,3.9569,95.8972,58.424,4.7,mb,"32 km SW of Meulaboh, Indonesia"
2024-01-17T14:14:46.284Z,64.5686,-17.7961,10,4.5,mb,"125 km S of Akureyri, Iceland"
2024-01-17T13:48:58.296Z,-20.7739,170.0063,10,4.6,mb,"156 km SSE of Isangel, Vanuatu"
2024-01-17T13:12:57.274Z,-20.8734,170.0765,10,4.5,mb,"169 km SSE of Isangel, Vanuatu"
2024-01-17T13:00:49.087Z,17.1875,145.9299,146.317,5,mb,"219 km N of Saipan, Northern Mariana Islands"
2024-01-17T12:32:01.191Z,8.558,126.5225,39,5.6,mww,"29 km NE of Hinatuan, Philippines"
2024-01-17T10:15:22.631Z,-7.6536,126.6732,189.836,4.5,mb,"94 km NNE of Baukau, Timor Leste"
2024-01-17T05:54:19.505Z,-15.1112,-177.364,10,4.5,mb,"119 km SE of Alo, Wallis and Futuna"
2024-01-16T22:28:16.751Z,-8.6149,118.3022,136.247,4.5,mb,"19 km WSW of Dompu, Indonesia"
2024-01-16T18:03:50.427Z,1.3347,126.2949,25.01,4.8,mww,"130 km E of Bitung, Indonesia"
2024-01-16T15:36:40.061Z,-5.326,145.9895,9.968,4.5,mb,"25 km ESE of Madang, Papua New Guinea"
2024-01-16T14:55:09.846Z,-22.0236,-177.151,197.471,4.5,mb,"213 km WSW of Houma, Tonga"
2024-01-16T14:51:25.822Z,-5.3334,152.3856,48.878,4.5,mb,"110 km S of Kokopo, Papua New Guinea"
2024-01-16T14:26:59.821Z,-11.0177,165.884,60.13,4.5,mb,"33 km SSE of Lata, Solomon Islands"
2024-01-16T12:49:25.681Z,-5.4231,147.2224,210.511,4.5,mb,"143 km NNW of Finschhafen, Papua New Guinea"
2024-01-16T12:01:01.538Z,47.1501,149.8809,246.598,4.5,mb,"263 km NE of Kuril’sk, Russia"
2024-01-16T09:48:42.430Z,-21.6979,-179.351,580.146,4.5,mb,Fiji region
2024-01-16T09:42:16.421Z,37.1307,136.7977,10,4.7,mwr,"14 km SW of Anamizu, Japan"
2024-01-16T07:12:31.428Z,21.626,121.059,24.159,4.8,mb,"53 km SE of Hengchun, Taiwan"
2024-01-16T05:20:50.362Z,37.2983,23.0379,10,4.6,mwr,"9 km WSW of Pórto Chéli, Greece"
2024-01-16T04:53:09.647Z,65.6298,-165.2551,10.8,4.5,mwr,"65 km NE of Teller, Alaska"
2024-01-16T04:14:21.038Z,17.056,120.0884,35,4.5,mb,"38 km WSW of Calongbuyan, Philippines"
2024-01-16T03:16:55.223Z,-6.5954,129.9871,156.244,4.5,mb,Banda Sea
2024-01-15T22:08:35.803Z,-30.4756,-178.4227,35,4.5,mb,"Kermadec Islands, New Zealand"
2024-01-15T22:00:13.026Z,-5.7982,153.9085,10,4.7,mb,"183 km WNW of Panguna, Papua New Guinea"
2024-01-15T21:56:59.176Z,-30.682,-178.0763,32.759,5.2,mb,"Kermadec Islands, New Zealand"
2024-01-15T21:37:22.137Z,-24.9312,-68.3176,97.204,4.7,mb,"154 km NW of Antofagasta de la Sierra, Argentina"
2024-01-15T17:30:26.555Z,-53.8774,3.0625,10,5.1,mb,Bouvet Island region
2024-01-15T16:43:07.427Z,-18.7157,168.754,150.788,5.1,mww,"106 km NNW of Isangel, Vanuatu"
2024-01-15T15:01:34.577Z,-9.1639,159.2251,11.631,4.6,mb,"79 km NW of Malango, Solomon Islands"
2024-01-15T14:05:14.505Z,-22.9964,-66.4801,220.255,4.5,mb,"85 km WNW of El Aguilar, Argentina"
2024-01-15T14:04:35.409Z,4.3428,125.7007,88.75,5,mb,"120 km SSE of Sarangani, Philippines"
2024-01-15T12:52:26.490Z,54.7762,109.7358,10,5.2,mww,"62 km NW of Kurumkan, Russia"
2024-01-15T12:16:16.905Z,-27.369,-176.4353,44.162,4.7,mb,Kermadec Islands region
2024-01-15T12:05:45.170Z,-49.0449,107.039,10,4.5,mb,southeast Indian Ridge
2024-01-15T11:31:25.572Z,8.4334,126.3668,78.052,4.8,mb,"7 km NNE of Hinatuan, Philippines"
2024-01-15T08:16:16.585Z,55.7704,-158.1914,59,4.6,mb,"59 km SSE of Chignik, Alaska"
2024-01-15T07:35:27.700Z,-6.2979,128.7139,252.219,4.6,mb,"293 km SSE of Ambon, Indonesia"
2024-01-15T05:47:12.445Z,-20.6863,-173.6654,10,4.9,mb,"120 km SE of Pangai, Tonga"
2024-01-15T05:17:38.249Z,-22.8576,-68.1246,99.92,5,mww,"9 km NE of San Pedro de Atacama, Chile"
2024-01-15T02:55:40.705Z,-22.7992,-175.3473,10,4.8,mb,"166 km SSW of ‘Ohonua, Tonga"
2024-01-15T00:50:53.163Z,-22.9137,-175.1313,10,5,mb,"175 km S of ‘Ohonua, Tonga"
2024-01-14T15:34:16.418Z,-0.8186,-22.1074,10,4.9,mb,central Mid-Atlantic Ridge
2024-01-14T15:03:04.943Z,-22.9541,-174.6178,10,4.5,mb,"181 km S of ‘Ohonua, Tonga"
2024-01-14T11:00:38.431Z,-20.6137,-178.2551,521.317,4.6,mb,Fiji region
2024-01-14T10:56:20.744Z,4.8037,126.1553,92.124,4.5,mb,"101 km SE of Sarangani, Philippines"
2024-01-14T09:54:10.520Z,-22.018,-63.7278,537.312,4.5,mb,"5 km W of Yacuiba, Bolivia"
2024-01-14T09:30:00.617Z,-20.3239,-177.7007,499.597,4.5,mb,"266 km WNW of Houma, Tonga"
2024-01-14T08:19:55.057Z,38.6954,-27.1332,10,4.9,mb,"4 km W of Fonte Bastardo, Portugal"
2024-01-14T07:33:51.118Z,-16.3095,177.7366,10,4.5,mb,"135 km N of Ba, Fiji"
2024-01-14T01:08:13.509Z,-21.1059,-68.4615,122.296,5.1,mww,"25 km WNW of Ollagüe, Chile"
2024-01-14T00:50:24.700Z,-20.2719,-178.2739,554.748,4.8,mb,Fiji region
2024-01-14T00:10:20.484Z,-0.3092,125.9247,48.424,4.6,mb,"176 km WNW of Labuha, Indonesia"
2024-01-13T23:17:52.407Z,40.9827,19.7687,28.604,4.5,mwr,"7 km NE of Lushnjë, Albania"
2024-01-13T16:19:51.800Z,-28.5029,-176.7208,10,4.5,mb,Kermadec Islands region
2024-01-13T15:55:56.815Z,-15.1793,-173.028,10,4.7,mb,"118 km NE of Hihifo, Tonga"
2024-01-13T15:11:22.119Z,-49.9789,114.846,10,4.6,mb,western Indian-Antarctic Ridge
2024-01-13T15:10:59.196Z,29.4746,141.5258,71.476,4.9,mb,"Izu Islands, Japan region"
2024-01-13T11:51:53.738Z,-22.9567,-174.6927,10,4.5,mb,"180 km S of ‘Ohonua, Tonga"
2024-01-13T09:08:21.345Z,-4.5098,153.6413,49.052,5.2,mb,"153 km E of Kokopo, Papua New Guinea"
2024-01-13T08:26:21.958Z,-23.402,-66.8197,215.291,4.5,mb,"103 km NNW of San Antonio de los Cobres, Argentina"
2024-01-13T06:55:59.969Z,43.6829,144.2772,10.474,4.5,mb,"20 km E of Honchō, Japan"
2024-01-13T04:47:19.260Z,24.4849,124.0798,53.308,4.7,mb,"17 km NNW of Ishigaki, Japan"
2024-01-13T04:47:06.624Z,51.1438,-30.1916,10,4.5,mb,northern Mid-Atlantic Ridge
2024-01-13T02:38:44.006Z,-20.1456,-178.4358,584.161,4.8,mb,Fiji region
2024-01-13T01:27:23.223Z,71.4443,-4.0834,10,4.8,mb,"176 km ENE of Olonkinbyen, Svalbard and Jan Mayen"
2024-01-12T23:30:08.415Z,-11.7672,166.5714,97.354,4.6,mb,"142 km SE of Lata, Solomon Islands"
2024-01-12T22:32:14.165Z,-22.7238,-175.4777,10,5.4,mww,"162 km SSW of ‘Ohonua, Tonga"
2024-01-12T19:52:14.391Z,5.5013,125.1256,80.959,4.6,mb,"26 km WSW of Balangonan, Philippines"
2024-01-12T18:49:10.375Z,-18.1817,-177.8929,617.61,4.5,mb,"295 km E of Levuka, Fiji"
2024-01-12T18:04:40.497Z,8.5025,126.7873,62.826,4.6,mb,"51 km ENE of Hinatuan, Philippines"
2024-01-12T15:58:02.250Z,32.2783,141.824,23.974,4.6,mb,"Izu Islands, Japan region"
2024-01-12T15:53:50.579Z,-44.3968,-78.9181,10,4.6,mb,"Off the coast of Aisen, Chile"
2024-01-12T15:24:28.521Z,20.745,93.6907,49.464,4.5,mb,"105 km NE of Sittwe, Myanmar"
2024-01-12T14:19:26.786Z,-18.5574,-11.7338,10,4.7,mb,southern Mid-Atlantic Ridge
2024-01-12T13:00:48.614Z,-16.9464,-72.6584,65.305,5.3,mww,"35 km SW of Quilca, Peru"
2024-01-12T10:58:47.716Z,-19.0851,-12.3392,10,4.9,mb,southern Mid-Atlantic Ridge
2024-01-12T09:47:59.241Z,8.4178,126.7185,36.541,4.7,mb,"42 km NE of Barcelona, Philippines"
2024-01-12T09:31:32.708Z,1.2531,126.2584,74.725,4.7,mb,"127 km E of Bitung, Indonesia"
2024-01-12T08:29:08.884Z,37.4527,137.2927,9.291,4.5,mb,"42 km NE of Anamizu, Japan"
2024-01-12T08:01:49.432Z,1.384,-101.1966,10,4.9,mb,Galapagos Triple Junction region
2024-01-12T07:46:21.171Z,56.4383,-135.7137,11.1,5.9,mww,"69 km WNW of Port Alexander, Alaska"
2024-01-12T06:32:04.320Z,1.493,-101.2195,10,4.8,mb,Galapagos Triple Junction region
2024-01-12T05:12:24.468Z,8.9392,126.6842,85.259,4.5,mb,"41 km E of Aras-asan, Philippines"
2024-01-12T03:52:40.689Z,18.8549,144.7762,10,4.5,mb,"Pagan region, Northern Mariana Islands"
2024-01-12T03:51:05.886Z,34.8918,22.8905,28.748,5,mb,"81 km WSW of Palaióchora, Greece"
2024-01-12T03:35:51.301Z,-20.602,169.8592,120.91,4.8,mb,"132 km SSE of Isangel, Vanuatu"
2024-01-12T03:07:39.718Z,18.9592,144.8122,10,5,mb,"Pagan region, Northern Mariana Islands"
2024-01-12T03:00:10.177Z,-60.7445,-33.9922,10,4.8,mb,Scotia Sea
2024-01-12T02:05:04.693Z,4.8837,126.43,44.076,5,mb,"121 km ESE of Sarangani, Philippines"
2024-01-12T01:06:54.282Z,20.0961,145.8419,10,4.5,mb,"Maug Islands region, Northern Mariana Islands"
2024-01-12T00:30:06.839Z,-5.7708,146.3711,59.067,4.7,mb,"80 km NE of Kainantu, Papua New Guinea"
2024-01-11T22:34:24.251Z,-32.6204,-70.0493,112.325,4.5,mb,"56 km ENE of Los Andes, Chile"
2024-01-11T21:52:35.607Z,-18.8466,-178.0479,499.399,4.8,mb,"291 km ESE of Levuka, Fiji"
2024-01-11T20:54:28.326Z,37.5826,137.6389,10,4.5,mb,"63 km NNW of Itoigawa, Japan"
2024-01-11T18:49:46.755Z,-55.9651,-26.7268,40.462,4.8,mb,South Sandwich Islands region
2024-01-11T16:27:27.285Z,-28.2726,-176.7023,40.356,4.8,mb,Kermadec Islands region
2024-01-11T16:18:21.563Z,-23.9087,-179.7585,508.356,4.8,mb,south of the Fiji Islands
2024-01-11T14:26:30.685Z,-9.5674,106.7721,10,4.6,mb,"272 km SSW of Banjar, Indonesia"
2024-01-11T09:50:08.339Z,-15.2008,-178.427,10,4.7,mb,"104 km SSW of Alo, Wallis and Futuna"
2024-01-11T09:40:48.388Z,31.6351,142.0567,10,4.5,mb,"Izu Islands, Japan region"
2024-01-11T09:20:26.337Z,36.4979,70.6013,204,6.4,mww,"45 km SSW of Jurm, Afghanistan"
2024-01-11T06:53:21.690Z,64.451,-17.4809,10,4.5,mb,"111 km W of Höfn, Iceland"
2024-01-11T05:55:38.973Z,1.4159,-101.2438,10,4.5,mb,Galapagos Triple Junction region
2024-01-11T04:54:31.447Z,-26.4576,-141.2625,10,5.2,mb,South Pacific Ocean
2024-01-11T00:31:40.848Z,1.4857,-101.2828,10,4.5,mb,Galapagos Triple Junction region
2024-01-10T23:56:12.212Z,-7.2955,156.1319,10.325,4.9,mb,"118 km NW of Gizo, Solomon Islands"
2024-01-10T23:54:46.124Z,-5.9215,-76.7022,120.742,5,mb,"32 km ENE of Moyobamba, Peru"
2024-01-10T22:44:39.195Z,17.4642,147.6218,10,5,mb,Mariana Islands region
2024-01-10T20:30:15.879Z,2.025,128.3971,67.32,4.6,mb,"54 km NE of Tobelo, Indonesia"
2024-01-10T12:06:42.309Z,-60.5404,-25.7794,10,4.6,mb,South Sandwich Islands region
2024-01-10T11:28:50.264Z,-20.5205,-177.7505,484.097,4.6,mb,"264 km WNW of Houma, Tonga"
2024-01-10T07:14:29.878Z,-23.3184,171.1165,10,4.5,mb,southeast of the Loyalty Islands
2024-01-10T07:10:40.257Z,8.6925,-40.3731,10,4.5,mb,central Mid-Atlantic Ridge
2024-01-10T03:57:25.815Z,51.1794,-174.9647,10,4.9,mb,"124 km SSW of Atka, Alaska"
2024-01-10T02:29:02.702Z,-49.2149,-8.1614,10,5,mb,southern Mid-Atlantic Ridge
2024-01-10T02:23:44.173Z,11.7494,93.2401,85.164,4.5,mb,"54 km E of Port Blair, India"
2024-01-09T22:24:21.445Z,-23.9375,69.5357,10,4.8,mb,Mid-Indian Ridge
2024-01-09T16:47:25.900Z,-21.8843,-67.2296,175.245,5.4,mww,"128 km SE of Ollagüe, Chile"
2024-01-09T14:31:37.836Z,13.9161,146.3129,73.326,4.8,mb,"138 km SSE of San Jose Village, Northern Mariana Islands"
2024-01-09T11:50:58.138Z,-6.1958,103.8378,52.022,4.5,mb,"178 km WSW of Bandar Lampung, Indonesia"
2024-01-09T09:55:09.392Z,37.8318,137.7155,10,4.5,mb,"60 km WSW of Sado, Japan"
2024-01-09T09:14:59.382Z,37.8806,36.2369,10,4.5,mb,"17 km SE of Saimbeyli, Turkey"
2024-01-09T08:59:10.141Z,37.8629,137.7814,10,5.9,mww,"53 km WSW of Sado, Japan"
2024-01-09T08:49:55.101Z,-20.8006,-173.6388,10,4.5,mb,"132 km SE of Pangai, Tonga"
2024-01-09T07:53:21.240Z,-20.8063,-173.6067,10,5.6,mww,"134 km SE of Pangai, Tonga"
2024-01-09T05:25:20.597Z,-4.5621,133.9948,10,4.9,mb,"181 km NE of Tual, Indonesia"
2024-01-09T04:45:06.777Z,0.0777,96.5636,10,5.1,mb,"148 km WSW of Teluk Dalam, Indonesia"
2024-01-09T04:04:57.708Z,-22.5631,-66.0064,254.102,4.7,mb,"36 km WNW of Abra Pampa, Argentina"
2024-01-09T02:54:57.043Z,-14.0404,167.2986,199.672,5.2,mww,"32 km WSW of Sola, Vanuatu"
2024-01-09T01:08:41.354Z,4.7116,126.3124,97.409,4.5,mb,"121 km SE of Sarangani, Philippines"
2024-01-09T01:05:07.091Z,-8.1062,-79.7583,54.307,4.9,mb,"59 km WSW of Santiago de Cao, Peru"
2024-01-08T22:31:07.276Z,-6.0744,148.6823,79.455,4.6,mb,"96 km W of Kandrian, Papua New Guinea"
2024-01-08T21:06:16.101Z,4.8164,126.0506,82.702,4.5,mb,"91 km SE of Sarangani, Philippines"
2024-01-08T20:48:42.361Z,4.9225,126.1575,62.574,6.7,mww,"93 km SE of Sarangani, Philippines"
2024-01-08T19:27:34.850Z,20.1886,145.5678,10,4.5,mb,"Maug Islands region, Northern Mariana Islands"
2024-01-08T18:07:45.172Z,43.9549,84.8103,10,4.5,mb,"42 km S of Dushanzi, China"
2024-01-08T16:41:15.990Z,-7.1012,155.6579,76.519,4.9,mb,"88 km SSE of Panguna, Papua New Guinea"
2024-01-08T14:05:16.529Z,-20.1843,-173.3059,10,4.9,mb,"116 km ESE of Fangale’ounga, Tonga"
2024-01-08T13:06:56.285Z,-2.5314,-81.8388,10,4.6,mb,"104 km WSW of Salinas, Ecuador"
2024-01-08T13:00:42.984Z,-65.3009,-179.3277,10,4.5,mb,Pacific-Antarctic Ridge
2024-01-08T12:59:52.208Z,-2.4091,-81.9572,10,4.6,mb,"113 km W of Salinas, Ecuador"
2024-01-08T09:51:30.178Z,-2.284,99.6708,17.148,5.2,mb,"29 km SSE of Tuapejat, Indonesia"
2024-01-08T07:39:50.400Z,20.1982,145.3365,10,5,mb,"Maug Islands region, Northern Mariana Islands"
2024-01-08T06:46:36.353Z,10.1142,125.0215,10,4.5,mb,"5 km SSE of Malitbog, Philippines"
2024-01-08T05:05:30.301Z,11.7568,92.6708,35.31,4.6,mb,"8 km NW of Bamboo Flat, India"
2024-01-08T02:27:42.033Z,12.3343,123.9387,10,4.5,mb,"17 km NE of Miaga, Philippines"
2024-01-07T21:41:05.926Z,-19.936,-173.6129,10,5.1,mww,"77 km ESE of Fangale’ounga, Tonga"
2024-01-07T20:00:07.311Z,-62.3294,165.3253,10,5.5,mww,Balleny Islands region
2024-01-07T18:06:11.273Z,-62.2113,165.5051,10,5.6,mww,Balleny Islands region
2024-01-07T17:55:52.823Z,8.2976,-103.8128,10,4.6,mb,northern East Pacific Rise
2024-01-07T14:28:32.992Z,28.0886,86.3806,10,4.5,mb,"44 km ENE of Kodāri̇̄, Nepal"
2024-01-07T13:29:28.774Z,8.8928,-104.3132,10,4.5,mb,northern East Pacific Rise
2024-01-07T12:38:18.454Z,37.1829,136.8656,10,4.5,mwr,"6 km SSW of Anamizu, Japan"
2024-01-07T12:07:53.483Z,1.6591,-30.6802,10,4.7,mb,central Mid-Atlantic Ridge
2024-01-07T10:38:21.532Z,-1.8154,122.5443,10,4.9,mb,"99 km SSW of Luwuk, Indonesia"
2024-01-07T08:35:32.422Z,-18.2465,-69.1267,142.52,5.3,mww,"84 km WSW of Curahuara de Carangas, Bolivia"
2024-01-07T07:19:54.181Z,-24.3126,-67.0955,171.174,4.6,mb,"79 km W of San Antonio de los Cobres, Argentina"
2024-01-07T06:58:16.209Z,11.9785,143.2291,10,5,mb,"211 km SW of Merizo Village, Guam"
2024-01-07T06:26:56.123Z,37.2146,136.7566,10,4.8,mb,"12 km W of Anamizu, Japan"
2024-01-07T05:50:08.011Z,59.4249,-151.5376,46.3,4.9,mb,"8 km SE of Seldovia Village, Alaska"
2024-01-07T05:37:58.050Z,37.4611,137.2619,6.086,4.5,mwr,"40 km NE of Anamizu, Japan"
2024-01-07T03:47:27.160Z,4.7913,127.8373,67.031,4.5,mb,"252 km SE of Pondaguitan, Philippines"
2024-01-07T03:12:48.500Z,2.7393,-84.5587,10,4.5,mb,off the coast of Central America
2024-01-07T01:02:08.686Z,5.0822,-82.4658,10,4.6,mb,south of Panama
2024-01-07T00:45:11.857Z,4.4022,-61.2719,11.127,4.5,mb,"28 km SW of Santa Elena de Uairén, Venezuela"
2024-01-07T00:17:43.353Z,-21.1111,170.0536,10,4.8,mb,"191 km SSE of Isangel, Vanuatu"
2024-01-07T00:13:33.300Z,-54.1991,-132.7762,10,4.8,mb,Pacific-Antarctic Ridge
2024-01-07T00:05:13.360Z,8.1321,126.9585,35,4.6,mb,"57 km E of Barcelona, Philippines"
2024-01-06T23:21:17.579Z,-15.0557,-172.859,10,4.6,mb,"141 km NE of Hihifo, Tonga"
2024-01-06T23:10:19.656Z,-15.0218,-172.904,10,4.6,mb,"140 km NE of Hihifo, Tonga"
2024-01-06T22:23:05.537Z,-13.41,167.3903,9.72,4.7,mb,"54 km NNW of Sola, Vanuatu"
2024-01-06T20:56:13.346Z,16.4016,-85.5876,10,4.6,mb,"28 km E of Savannah Bight, Honduras"
2024-01-06T20:12:50.696Z,-31.6517,-178.581,31.692,4.9,mb,Kermadec Islands region
2024-01-06T18:03:49.512Z,20.2699,145.1698,10,4.6,mb,"Maug Islands region, Northern Mariana Islands"
2024-01-06T17:03:10.110Z,8.8884,127.07,10,4.5,mb,"83 km E of Aras-asan, Philippines"
2024-01-06T14:20:22.904Z,37.1993,136.6931,10,4.5,mb,"18 km WSW of Anamizu, Japan"
2024-01-06T12:46:18.146Z,2.901,65.6569,10,4.5,mb,Carlsberg Ridge
2024-01-06T12:33:02.528Z,-24.4019,-116.0254,10,5.5,mwb,southern East Pacific Rise
2024-01-06T12:06:23.414Z,-4.4156,128.7336,10.67,4.7,mb,"100 km SE of Ambon, Indonesia"
2024-01-06T11:46:31.666Z,3.1484,65.4881,10,5.6,mww,Carlsberg Ridge
2024-01-06T10:31:15.139Z,-14.6337,-70.9002,178.778,4.5,mb,"28 km NNW of Umachiri, Peru"
2024-01-06T01:52:40.239Z,-6.8277,154.4015,10,4.9,mb,"132 km WSW of Panguna, Papua New Guinea"
2024-01-06T01:15:29.729Z,36.6225,141.1473,51.484,4.5,mb,"39 km ESE of Takahagi, Japan"
2024-01-06T01:12:47.568Z,37.3261,71.6036,121.561,4.8,mb,"18 km SSE of Khorugh, Tajikistan"
2024-01-06T01:03:31.563Z,-1.3156,-81.0475,10,4.5,mb,"52 km W of Jipijapa, Ecuador"
2024-01-05T22:36:38.546Z,-26.3467,-114.0718,10,4.5,mb,Easter Island region
2024-01-05T22:26:12.720Z,-7.5197,128.2649,156.201,4.9,mb,"178 km NE of Lospalos, Timor Leste"
2024-01-05T20:26:51.093Z,37.2225,136.8266,10,5.1,mww,"6 km W of Anamizu, Japan"
2024-01-05T17:52:08.451Z,-5.0457,153.7007,86.325,4.5,mb,"176 km ESE of Kokopo, Papua New Guinea"
2024-01-05T16:59:08.446Z,37.1756,136.6794,10,4.9,mb,"20 km WSW of Anamizu, Japan"
2024-01-05T16:59:03.311Z,-24.7291,179.7373,500.551,4.7,mb,south of the Fiji Islands
2024-01-05T16:58:07.085Z,24.6228,122.847,85.464,4.7,mb,"23 km NW of Yonakuni, Japan"
2024-01-05T15:47:51.196Z,36.9968,69.9173,10,4.7,mwr,"16 km SSE of Rustāq, Afghanistan"
2024-01-05T10:56:56.753Z,-49.8703,115.6294,10,4.6,mb,western Indian-Antarctic Ridge
2024-01-05T09:43:39.133Z,-24.4963,-116.0717,10,4.7,mb,southern East Pacific Rise
2024-01-05T09:25:45.269Z,-55.8936,-27.2535,80.556,4.6,mb,South Sandwich Islands region
2024-01-05T08:04:01.056Z,-0.4947,125.7796,41.805,4.5,mb,"174 km N of Sanana, Indonesia"
2024-01-05T06:49:10.580Z,-7.9732,129.6334,23.502,4.5,mb,"296 km ENE of Lospalos, Timor Leste"
2024-01-05T06:31:42.601Z,32.3484,141.7854,10,4.6,mb,"Izu Islands, Japan region"
2024-01-05T06:20:50.938Z,0.8641,-29.2383,10,4.5,mb,central Mid-Atlantic Ridge
2024-01-05T05:50:11.994Z,-5.1884,151.6554,100.915,4.9,mb,"115 km SW of Kokopo, Papua New Guinea"
2024-01-05T03:54:07.278Z,-36.8638,-73.6087,23.237,4.5,mb,"45 km WNW of Coronel, Chile"
2024-01-05T03:16:52.349Z,-49.8157,115.1839,10,5.1,mww,western Indian-Antarctic Ridge
2024-01-04T23:42:10.828Z,-19.3119,-177.5186,557.501,4.5,mb,Fiji region
2024-01-04T22:39:13.379Z,-18.0465,-177.8563,579.91,4.6,mb,"299 km E of Levuka, Fiji"
2024-01-04T17:51:47.350Z,-61.6388,154.5323,10,4.5,mb,Balleny Islands region
2024-01-04T16:11:30.954Z,-6.8304,154.5416,10,4.5,mb,"118 km WSW of Panguna, Papua New Guinea"
2024-01-04T16:03:29.377Z,-7.7606,117.1072,304.454,4.7,mb,"83 km NNW of Pototano, Indonesia"
2024-01-04T15:23:03.620Z,-25.5985,-177.0524,76.334,4.5,mb,south of the Fiji Islands
2024-01-04T15:04:13.850Z,37.1426,137.0054,10,4.6,mb,"10 km NNE of Nanao, Japan"
2024-01-04T13:59:08.875Z,31.4856,139.6402,10,4.6,mb,"Izu Islands, Japan region"
2024-01-04T13:57:25.218Z,11.6331,-86.8538,53.092,4.6,mb,"40 km WSW of Masachapa, Nicaragua"
2024-01-04T13:46:26.091Z,-5.8112,-80.9384,39.007,4.7,mb,"30 km SSW of Sechura, Peru"
2024-01-04T12:30:38.558Z,37.8102,137.7241,10,4.5,mb,"60 km WSW of Sado, Japan"
2024-01-04T11:30:49.415Z,-1.2518,126.9104,10,4.5,mb,"93 km SW of Labuha, Indonesia"
2024-01-04T11:25:12.569Z,20.0502,145.2582,10,4.5,mb,"Maug Islands region, Northern Mariana Islands"
2024-01-04T11:05:30.580Z,-12.837,166.7133,126.23,4.6,mb,"146 km NW of Sola, Vanuatu"
2024-01-04T09:09:07.308Z,-21.5587,-179.1956,604.794,4.5,mb,Fiji region
2024-01-04T08:41:16.291Z,-49.8381,115.5509,10,4.5,mb,western Indian-Antarctic Ridge
2024-01-04T08:16:22.946Z,37.6914,137.456,10,4.9,mww,"70 km NE of Anamizu, Japan"
2024-01-04T08:15:59.298Z,31.4684,139.4944,10,4.8,mb,"Izu Islands, Japan region"
2024-01-04T07:32:22.215Z,8.3869,126.5607,84.702,4.7,mb,"25 km E of Hinatuan, Philippines"
2024-01-04T07:11:05.612Z,-49.7724,115.2069,10.936,4.7,mb,western Indian-Antarctic Ridge
2024-01-04T06:46:47.423Z,37.4636,137.3572,10,4.5,mb,"47 km ENE of Anamizu, Japan"
2024-01-04T06:26:04.486Z,48.3854,152.9705,142.382,4.6,mb,Kuril Islands
2024-01-04T05:07:11.158Z,-27.031,26.8294,5,4.5,mb,"16 km ESE of Orkney, South Africa"
2024-01-04T04:56:37.532Z,-21.1187,-176.5067,197,5.7,mww,"125 km W of Houma, Tonga"
2024-01-04T03:29:39.020Z,-57.9285,-25.6111,49.816,4.5,mb,South Sandwich Islands region
2024-01-04T02:00:09.678Z,1.5765,128.6075,10,4.6,mb,"68 km ESE of Tobelo, Indonesia"
2024-01-04T00:43:16.914Z,-6.9962,129.7689,137.491,5,mww,Banda Sea
2024-01-04T00:22:32.711Z,-18.0612,-178.3959,606.211,4.6,mb,"242 km E of Levuka, Fiji"
2024-01-04T00:17:31.276Z,32.4482,141.7438,22.311,4.6,mb,"Izu Islands, Japan region"
2024-01-03T21:12:54.145Z,19.9265,145.3765,10,5,mww,"Maug Islands region, Northern Mariana Islands"
2024-01-03T20:32:44.642Z,19.923,145.4694,10,4.8,mww,"Maug Islands region, Northern Mariana Islands"
2024-01-03T20:21:15.782Z,56.3815,-34.0248,10,4.7,mb,Reykjanes Ridge
2024-01-03T20:11:14.750Z,-5.1758,102.8473,50.003,4.5,mb,"134 km SSW of Pagar Alam, Indonesia"
2024-01-03T19:45:48.555Z,-56.0575,-27.8881,113.281,4.9,mb,South Sandwich Islands region
2024-01-03T19:38:41.329Z,37.7958,137.8096,5.972,4.8,mww,"54 km WSW of Sado, Japan"
2024-01-03T19:08:16.618Z,33.2551,76.7872,17.945,4.5,mb,"25 km SSW of Padam, India"
2024-01-03T18:07:13.613Z,-52.3954,27.9066,10,5.1,mww,south of Africa
2024-01-03T15:36:53.611Z,37.4364,137.1541,10,4.6,mwr,"31 km NE of Anamizu, Japan"
2024-01-03T14:23:34.118Z,27.4879,-111.3862,10,4.5,mb,"62 km SSW of San Carlos, Mexico"
2024-01-03T14:18:51.653Z,16.9728,146.0802,123.757,4.5,mb,"197 km N of Saipan, Northern Mariana Islands"
2024-01-03T13:46:16.433Z,-35.5272,-103.9478,10,4.7,mb,southeast of Easter Island
2024-01-03T11:06:21.388Z,-52.2827,28.1043,10,4.5,mb,south of Africa
2024-01-03T09:53:53.960Z,39.1672,142.7952,39.683,4.5,mb,"80 km ESE of Yamada, Japan"
2024-01-03T09:48:00.219Z,37.3248,136.9172,10,4.7,mww,"10 km N of Anamizu, Japan"
2024-01-03T09:24:16.738Z,36.6249,71.4376,134.748,4.9,mb,"10 km SW of Ashkāsham, Afghanistan"
2024-01-03T08:27:06.125Z,-21.4626,-68.8772,114.237,4.5,mb,"69 km WSW of Ollagüe, Chile"
2024-01-03T08:09:54.682Z,-17.5587,167.9629,10,4.6,mb,"42 km WNW of Port-Vila, Vanuatu"
2024-01-03T08:04:04.468Z,-28.4508,-68.8167,117,5.5,mww,"68 km WNW of Vinchina, Argentina"
2024-01-03T07:06:39.692Z,7.629,136.6719,10,4.5,mb,"221 km ESE of Kayangel, Palau"
2024-01-03T07:06:24.118Z,-4.554,152.2132,100.109,4.5,mb,"24 km SSW of Kokopo, Papua New Guinea"
2024-01-03T03:54:13.697Z,37.6257,137.559,15.237,4.9,mww,"70 km NNW of Itoigawa, Japan"
2024-01-03T03:14:56.155Z,-18.9782,-69.4112,122.106,4.5,mb,"37 km N of Camiña, Chile"
2024-01-03T02:47:15.540Z,1.9692,121.9592,10,4.6,mb,"200 km NW of Gorontalo, Indonesia"
2024-01-03T01:54:34.243Z,37.3466,136.9204,10,5.3,mww,"12 km N of Anamizu, Japan"
2024-01-03T01:43:15.915Z,-5.5053,145.9632,61.922,5.2,mww,"36 km SSE of Madang, Papua New Guinea"
2024-01-03T01:11:31.461Z,8.3515,126.5376,76.597,5,mww,"22 km E of Hinatuan, Philippines"
2024-01-03T00:53:49.149Z,-7.3086,106.3106,98.951,4.8,mww,"44 km SW of Pelabuhanratu, Indonesia"
2024-01-02T22:57:00.970Z,-23.3669,-66.6178,188.635,5,mww,"97 km W of El Aguilar, Argentina"
2024-01-02T19:59:31.888Z,17.1111,120.1731,47.706,5,mb,"27 km WSW of Calongbuyan, Philippines"
2024-01-02T19:33:25.185Z,2.6339,-31.0085,10,4.9,mb,central Mid-Atlantic Ridge
2024-01-02T17:21:47.368Z,37.4797,137.3192,10,4.8,mww,"46 km NE of Anamizu, Japan"
2024-01-02T14:33:33.263Z,-24.0309,-66.7435,188.353,4.6,mb,"47 km WNW of San Antonio de los Cobres, Argentina"
2024-01-02T12:39:39.170Z,-59.4451,-25.4691,23.865,4.6,mb,South Sandwich Islands region
2024-01-02T11:24:06.417Z,-36.3515,-179.7098,10,4.5,mb,"224 km NE of Hicks Bay, New Zealand"
2024-01-02T08:13:40.884Z,37.1175,136.7367,7.453,4.6,mww,"19 km SW of Anamizu, Japan"
2024-01-02T06:57:54.621Z,37.1828,136.7831,10,4.8,mb,"11 km WSW of Anamizu, Japan"
2024-01-02T05:55:54.060Z,32.3606,141.667,10,4.5,mb,"Izu Islands, Japan region"
2024-01-02T04:50:13.581Z,-7.4185,28.1431,10,4.5,mb,"199 km SW of Kalemie, Democratic Republic of the Congo"
2024-01-02T04:46:28.776Z,-10.1167,123.7618,35,4.9,mb,"17 km ENE of Kupang, Indonesia"
2024-01-02T02:49:31.315Z,8.8429,127.2178,10,4.6,mb,"99 km E of Aras-asan, Philippines"
2024-01-02T01:17:31.568Z,37.247,136.7689,6,5.4,mww,"11 km W of Anamizu, Japan"
2024-01-02T01:08:15.552Z,-17.1743,167.2247,10,4.5,mb,"120 km S of Lakatoro, Vanuatu"
2024-01-01T23:10:34.990Z,-6.9605,129.8294,134.512,4.7,mb,Banda Sea
2024-01-01T22:13:30.239Z,37.3362,136.9617,15.301,4.5,mb,"12 km NNE of Anamizu, Japan"
2024-01-01T21:45:52.330Z,26.0489,95.4358,82.85,4.5,mb,"65 km ESE of Tuensang, India"
2024-01-01T19:42:06.006Z,37.2247,136.6924,10,4.6,mwr,"18 km W of Anamizu, Japan"
2024-01-01T19:27:14.289Z,37.0652,136.6184,10,4.5,mwr,"24 km NW of Hakui, Japan"
2024-01-01T17:33:30.185Z,37.5711,137.4761,10,4.6,mwr,"63 km NE of Anamizu, Japan"
2024-01-01T14:10:18.232Z,-28.3121,62.8497,10,4.7,mb,Southwest Indian Ridge
2024-01-01T13:48:43.860Z,-15.0526,166.8954,35,4.6,mb,"19 km W of Port-Olry, Vanuatu"
2024-01-01T13:46:45.922Z,-6.6246,107.7514,10,4.5,mb,"25 km NE of Lembang, Indonesia"
2024-01-01T13:10:57.324Z,37.3826,137.1399,10,4.5,mb,"26 km NE of Anamizu, Japan"
2024-01-01T11:35:32.459Z,37.1664,136.6946,10,4.6,mb,"19 km WSW of Anamizu, Japan"
2024-01-01T10:50:35.645Z,37.5375,137.2865,10,4.7,mb,"48 km NE of Anamizu, Japan"
2024-01-01T10:06:54.649Z,37.8468,137.6625,10,4.6,mb,"64 km WSW of Sado, Japan"
2024-01-01T09:49:15.275Z,37.5516,137.3728,10,4.6,mb,"54 km NE of Anamizu, Japan"
2024-01-01T09:45:26.217Z,37.8107,137.5664,10,5.1,mb,"73 km WSW of Sado, Japan"
2024-01-01T09:39:59.811Z,37.1479,136.6562,10,5,mb,"23 km WSW of Anamizu, Japan"
2024-01-01T09:30:21.401Z,37.4998,137.3585,10,5.2,mb,"50 km NE of Anamizu, Japan"
2024-01-01T09:08:17.603Z,37.5146,137.4029,10,5.6,mb,"54 km NE of Anamizu, Japan"
2024-01-01T09:06:13.801Z,37.4672,137.4557,10,4.6,mb,"55 km ENE of Anamizu, Japan"
2024-01-01T09:03:48.859Z,37.5339,137.4185,10,5.5,mb,"56 km NE of Anamizu, Japan"
2024-01-01T08:54:02.503Z,12.4653,-89.0159,35,4.5,mb,"103 km SSW of Puerto El Triunfo, El Salvador"
2024-01-01T08:48:21.162Z,37.8651,137.5542,10,4.5,mb,"72 km WSW of Sado, Japan"
2024-01-01T08:42:04.871Z,37.6483,137.6044,10,4.6,mb,"71 km NNW of Itoigawa, Japan"
2024-01-01T08:29:02.262Z,37.5787,137.5274,10,4.7,mb,"66 km NNW of Itoigawa, Japan"
2024-01-01T08:22:10.846Z,37.4631,137.2239,10,4.9,mb,"38 km NE of Anamizu, Japan"
2024-01-01T08:17:46.634Z,37.5012,137.2009,10,4.8,mb,"39 km NE of Anamizu, Japan"
2024-01-01T08:15:38.177Z,37.5918,137.3097,9.216,4.5,mb,"53 km NE of Anamizu, Japan"
2024-01-01T08:07:10.627Z,37.1718,136.6149,10,5.1,mb,"26 km WSW of Anamizu, Japan"
2024-01-01T08:02:44.840Z,37.5444,137.401,10,5,mb,"56 km NE of Anamizu, Japan"
2024-01-01T08:02:01.200Z,20.6354,145.0047,10,4.5,mb,"Maug Islands region, Northern Mariana Islands"
2024-01-01T07:56:47.661Z,37.2997,136.8875,10,5.6,mww,"7 km N of Anamizu, Japan"
2024-01-01T07:54:21.406Z,37.6242,137.5518,8.243,4.7,mb,"70 km NNW of Itoigawa, Japan"
2024-01-01T07:52:43.251Z,-0.1092,123.6177,81.212,5.3,mb,"94 km SE of Gorontalo, Indonesia"
2024-01-01T07:48:14.335Z,37.2779,136.8374,10,4.8,mb,"7 km NW of Anamizu, Japan"
2024-01-01T07:45:30.869Z,37.7823,137.7515,4.785,4.7,mb,"59 km WSW of Sado, Japan"
2024-01-01T07:42:43.430Z,37.4693,137.2483,9.896,4.8,mb,"40 km NE of Anamizu, Japan"
2024-01-01T07:39:49.268Z,37.4861,137.4519,10,5.2,mb,"56 km ENE of Anamizu, Japan"
2024-01-01T07:29:04.242Z,37.4638,137.2642,10.997,4.7,mb,"41 km NE of Anamizu, Japan"
2024-01-01T07:28:15.144Z,37.3496,136.8046,10,4.6,mb,"15 km NNW of Anamizu, Japan"
2024-01-01T07:27:28.747Z,37.3802,137.2254,10,4.6,mb,"33 km ENE of Anamizu, Japan"
2024-01-01T07:18:41.584Z,37.1895,136.8272,10,6.2,mb,"8 km SW of Anamizu, Japan"
2024-01-01T07:10:09.476Z,37.4874,137.271,10,7.5,mww,"2024 Noto Peninsula, Japan Earthquake"
2024-01-01T07:06:05.477Z,37.4933,137.2491,10,5.8,mb,"42 km NE of Anamizu, Japan"
2024-01-01T05:22:53.884Z,-7.8936,117.8591,10,4.7,mb,"70 km NE of Pototano, Indonesia"
2024-01-01T05:19:00.363Z,-23.3645,-179.8743,540.187,4.5,mb,south of the Fiji Islands
2024-01-01T04:49:01.244Z,44.4338,149.243,35,4.5,mb,"139 km SE of Kuril’sk, Russia"
2024-01-01T03:04:00.096Z,76.065,17.4987,10,4.5,mb,"245 km S of Longyearbyen, Svalbard and Jan Mayen"
2024-01-01T01:43:14.869Z,-24.412,179.8704,513.317,4.6,mb,south of the Fiji Islands
2024-01-01T00:37:09.096Z,17.6625,145.4596,384.941,4.7,mb,"272 km N of Saipan, Northern Mariana Islands"
